product,day,timestamp,gap_tilt,next_timestamp_mid_change,mean_next_mid_change,std_next_mid_change
ASH_COATED_OSMIUM,0,16500,-7.0,-2.5,-4.90566037735849,1.544396209419424
ASH_COATED_OSMIUM,0,19700,-7.0,-4.5,-4.90566037735849,1.544396209419424
ASH_COATED_OSMIUM,0,34200,-7.0,-3.5,-4.90566037735849,1.544396209419424
ASH_COATED_OSMIUM,0,38800,-7.0,-5.5,-4.90566037735849,1.544396209419424
ASH_COATED_OSMIUM,0,131600,-7.0,-4.0,-4.90566037735849,1.544396209419424
ASH_COATED_OSMIUM,0,176700,-7.0,-4.5,-4.90566037735849,1.544396209419424
ASH_COATED_OSMIUM,0,202600,-7.0,-6.0,-4.90566037735849,1.544396209419424
ASH_COATED_OSMIUM,0,216300,-7.0,-4.5,-4.90566037735849,1.544396209419424
ASH_COATED_OSMIUM,0,227400,-7.0,-3.0,-4.90566037735849,1.544396209419424
ASH_COATED_OSMIUM,0,246500,-7.0,-5.5,-4.90566037735849,1.544396209419424
ASH_COATED_OSMIUM,0,297500,-7.0,-5.0,-4.90566037735849,1.544396209419424
ASH_COATED_OSMIUM,0,310100,-7.0,-4.0,-4.90566037735849,1.544396209419424
ASH_COATED_OSMIUM,0,351300,-7.0,-3.5,-4.90566037735849,1.544396209419424
ASH_COATED_OSMIUM,0,353800,-7.0,-6.5,-4.90566037735849,1.544396209419424
ASH_COATED_OSMIUM,0,369000,-7.0,-6.0,-4.90566037735849,1.544396209419424
ASH_COATED_OSMIUM,0,383000,-7.0,-4.5,-4.90566037735849,1.544396209419424
ASH_COATED_OSMIUM,0,466000,-7.0,-5.0,-4.90566037735849,1.544396209419424
ASH_COATED_OSMIUM,0,476800,-7.0,-6.0,-4.90566037735849,1.544396209419424
ASH_COATED_OSMIUM,0,485100,-7.0,-5.5,-4.90566037735849,1.544396209419424
ASH_COATED_OSMIUM,0,490800,-7.0,-2.5,-4.90566037735849,1.544396209419424
ASH_COATED_OSMIUM,0,521900,-7.0,-5.0,-4.90566037735849,1.544396209419424
ASH_COATED_OSMIUM,0,532700,-7.0,-3.0,-4.90566037735849,1.544396209419424
ASH_COATED_OSMIUM,0,558300,-7.0,-5.0,-4.90566037735849,1.544396209419424
ASH_COATED_OSMIUM,0,579600,-7.0,-6.5,-4.90566037735849,1.544396209419424
ASH_COATED_OSMIUM,0,599600,-7.0,-5.0,-4.90566037735849,1.544396209419424
ASH_COATED_OSMIUM,0,611000,-7.0,-5.0,-4.90566037735849,1.544396209419424
ASH_COATED_OSMIUM,0,633300,-7.0,-0.5,-4.90566037735849,1.544396209419424
ASH_COATED_OSMIUM,0,633900,-7.0,-4.0,-4.90566037735849,1.544396209419424
ASH_COATED_OSMIUM,0,636500,-7.0,-6.0,-4.90566037735849,1.544396209419424
ASH_COATED_OSMIUM,0,641900,-7.0,-4.0,-4.90566037735849,1.544396209419424
ASH_COATED_OSMIUM,0,658900,-7.0,-6.5,-4.90566037735849,1.544396209419424
ASH_COATED_OSMIUM,0,660800,-7.0,-5.5,-4.90566037735849,1.544396209419424
ASH_COATED_OSMIUM,0,683400,-7.0,-10.0,-4.90566037735849,1.544396209419424
ASH_COATED_OSMIUM,0,700900,-7.0,-5.0,-4.90566037735849,1.544396209419424
ASH_COATED_OSMIUM,0,714600,-7.0,-4.0,-4.90566037735849,1.544396209419424
ASH_COATED_OSMIUM,0,717000,-7.0,-6.0,-4.90566037735849,1.544396209419424
ASH_COATED_OSMIUM,0,725800,-7.0,-6.0,-4.90566037735849,1.544396209419424
ASH_COATED_OSMIUM,0,729900,-7.0,-5.5,-4.90566037735849,1.544396209419424
ASH_COATED_OSMIUM,0,736500,-7.0,-10.0,-4.90566037735849,1.544396209419424
ASH_COATED_OSMIUM,0,742700,-7.0,-5.0,-4.90566037735849,1.544396209419424
ASH_COATED_OSMIUM,0,746000,-7.0,-6.0,-4.90566037735849,1.544396209419424
ASH_COATED_OSMIUM,0,783300,-7.0,-4.0,-4.90566037735849,1.544396209419424
ASH_COATED_OSMIUM,0,785000,-7.0,-5.0,-4.90566037735849,1.544396209419424
ASH_COATED_OSMIUM,0,850400,-7.0,-3.5,-4.90566037735849,1.544396209419424
ASH_COATED_OSMIUM,0,866200,-7.0,-5.0,-4.90566037735849,1.544396209419424
ASH_COATED_OSMIUM,0,868400,-7.0,-5.0,-4.90566037735849,1.544396209419424
ASH_COATED_OSMIUM,0,873500,-7.0,-5.0,-4.90566037735849,1.544396209419424
ASH_COATED_OSMIUM,0,875600,-7.0,-5.0,-4.90566037735849,1.544396209419424
ASH_COATED_OSMIUM,0,891400,-7.0,-3.5,-4.90566037735849,1.544396209419424
ASH_COATED_OSMIUM,0,904600,-7.0,-5.0,-4.90566037735849,1.544396209419424
ASH_COATED_OSMIUM,0,907400,-7.0,-5.5,-4.90566037735849,1.544396209419424
ASH_COATED_OSMIUM,0,964600,-7.0,-4.5,-4.90566037735849,1.544396209419424
ASH_COATED_OSMIUM,0,976900,-7.0,-3.5,-4.90566037735849,1.544396209419424
ASH_COATED_OSMIUM,0,1800,-3.0,-2.5,-2.810483870967742,1.3772140222755407
ASH_COATED_OSMIUM,0,9700,-3.0,-2.0,-2.810483870967742,1.3772140222755407
ASH_COATED_OSMIUM,0,14300,-3.0,-3.0,-2.810483870967742,1.3772140222755407
ASH_COATED_OSMIUM,0,16600,-3.0,-3.0,-2.810483870967742,1.3772140222755407
ASH_COATED_OSMIUM,0,17400,-3.0,-9.5,-2.810483870967742,1.3772140222755407
ASH_COATED_OSMIUM,0,23500,-3.0,-7.5,-2.810483870967742,1.3772140222755407
ASH_COATED_OSMIUM,0,26400,-3.0,-4.0,-2.810483870967742,1.3772140222755407
ASH_COATED_OSMIUM,0,40800,-3.0,-2.5,-2.810483870967742,1.3772140222755407
ASH_COATED_OSMIUM,0,63900,-3.0,-2.5,-2.810483870967742,1.3772140222755407
ASH_COATED_OSMIUM,0,74000,-3.0,-2.5,-2.810483870967742,1.3772140222755407
ASH_COATED_OSMIUM,0,76200,-3.0,-3.0,-2.810483870967742,1.3772140222755407
ASH_COATED_OSMIUM,0,80700,-3.0,-4.5,-2.810483870967742,1.3772140222755407
ASH_COATED_OSMIUM,0,83000,-3.0,-3.0,-2.810483870967742,1.3772140222755407
ASH_COATED_OSMIUM,0,89200,-3.0,-2.0,-2.810483870967742,1.3772140222755407
ASH_COATED_OSMIUM,0,97200,-3.0,-2.5,-2.810483870967742,1.3772140222755407
ASH_COATED_OSMIUM,0,102700,-3.0,-3.0,-2.810483870967742,1.3772140222755407
ASH_COATED_OSMIUM,0,116900,-3.0,-3.0,-2.810483870967742,1.3772140222755407
ASH_COATED_OSMIUM,0,145300,-3.0,-2.0,-2.810483870967742,1.3772140222755407
ASH_COATED_OSMIUM,0,146700,-3.0,-3.5,-2.810483870967742,1.3772140222755407
ASH_COATED_OSMIUM,0,147400,-3.0,-2.5,-2.810483870967742,1.3772140222755407
ASH_COATED_OSMIUM,0,149600,-3.0,-4.5,-2.810483870967742,1.3772140222755407
ASH_COATED_OSMIUM,0,161400,-3.0,-3.5,-2.810483870967742,1.3772140222755407
ASH_COATED_OSMIUM,0,173400,-3.0,-3.0,-2.810483870967742,1.3772140222755407
ASH_COATED_OSMIUM,0,177500,-3.0,-2.0,-2.810483870967742,1.3772140222755407
ASH_COATED_OSMIUM,0,186900,-3.0,-3.0,-2.810483870967742,1.3772140222755407
ASH_COATED_OSMIUM,0,189500,-3.0,-2.0,-2.810483870967742,1.3772140222755407
ASH_COATED_OSMIUM,0,191300,-3.0,0.0,-2.810483870967742,1.3772140222755407
ASH_COATED_OSMIUM,0,191400,-3.0,-3.0,-2.810483870967742,1.3772140222755407
ASH_COATED_OSMIUM,0,196400,-3.0,-2.0,-2.810483870967742,1.3772140222755407
ASH_COATED_OSMIUM,0,204100,-3.0,-3.5,-2.810483870967742,1.3772140222755407
ASH_COATED_OSMIUM,0,212300,-3.0,-3.0,-2.810483870967742,1.3772140222755407
ASH_COATED_OSMIUM,0,220900,-3.0,-2.5,-2.810483870967742,1.3772140222755407
ASH_COATED_OSMIUM,0,223400,-3.0,-2.5,-2.810483870967742,1.3772140222755407
ASH_COATED_OSMIUM,0,230000,-3.0,-3.0,-2.810483870967742,1.3772140222755407
ASH_COATED_OSMIUM,0,233500,-3.0,-3.0,-2.810483870967742,1.3772140222755407
ASH_COATED_OSMIUM,0,244300,-3.0,-4.0,-2.810483870967742,1.3772140222755407
ASH_COATED_OSMIUM,0,258400,-3.0,-2.5,-2.810483870967742,1.3772140222755407
ASH_COATED_OSMIUM,0,259800,-3.0,-1.0,-2.810483870967742,1.3772140222755407
ASH_COATED_OSMIUM,0,267300,-3.0,-6.0,-2.810483870967742,1.3772140222755407
ASH_COATED_OSMIUM,0,267900,-3.0,-2.0,-2.810483870967742,1.3772140222755407
ASH_COATED_OSMIUM,0,274600,-3.0,1.0,-2.810483870967742,1.3772140222755407
ASH_COATED_OSMIUM,0,284800,-3.0,-3.0,-2.810483870967742,1.3772140222755407
ASH_COATED_OSMIUM,0,289400,-3.0,-4.0,-2.810483870967742,1.3772140222755407
ASH_COATED_OSMIUM,0,305100,-3.0,-2.5,-2.810483870967742,1.3772140222755407
ASH_COATED_OSMIUM,0,308100,-3.0,-2.0,-2.810483870967742,1.3772140222755407
ASH_COATED_OSMIUM,0,308400,-3.0,-3.0,-2.810483870967742,1.3772140222755407
ASH_COATED_OSMIUM,0,315400,-3.0,-3.0,-2.810483870967742,1.3772140222755407
ASH_COATED_OSMIUM,0,323000,-3.0,-3.0,-2.810483870967742,1.3772140222755407
ASH_COATED_OSMIUM,0,329500,-3.0,-2.5,-2.810483870967742,1.3772140222755407
ASH_COATED_OSMIUM,0,329900,-3.0,-3.5,-2.810483870967742,1.3772140222755407
ASH_COATED_OSMIUM,0,335900,-3.0,-0.5,-2.810483870967742,1.3772140222755407
ASH_COATED_OSMIUM,0,337400,-3.0,-1.5,-2.810483870967742,1.3772140222755407
ASH_COATED_OSMIUM,0,373700,-3.0,-4.0,-2.810483870967742,1.3772140222755407
ASH_COATED_OSMIUM,0,393600,-3.0,-3.0,-2.810483870967742,1.3772140222755407
ASH_COATED_OSMIUM,0,394700,-3.0,-3.0,-2.810483870967742,1.3772140222755407
ASH_COATED_OSMIUM,0,412200,-3.0,-3.0,-2.810483870967742,1.3772140222755407
ASH_COATED_OSMIUM,0,412700,-3.0,-1.5,-2.810483870967742,1.3772140222755407
ASH_COATED_OSMIUM,0,417000,-3.0,-1.0,-2.810483870967742,1.3772140222755407
ASH_COATED_OSMIUM,0,419300,-3.0,-3.5,-2.810483870967742,1.3772140222755407
ASH_COATED_OSMIUM,0,442100,-3.0,-4.5,-2.810483870967742,1.3772140222755407
ASH_COATED_OSMIUM,0,453200,-3.0,-1.5,-2.810483870967742,1.3772140222755407
ASH_COATED_OSMIUM,0,461700,-3.0,-3.0,-2.810483870967742,1.3772140222755407
ASH_COATED_OSMIUM,0,465200,-3.0,-2.5,-2.810483870967742,1.3772140222755407
ASH_COATED_OSMIUM,0,474900,-3.0,-3.0,-2.810483870967742,1.3772140222755407
ASH_COATED_OSMIUM,0,480100,-3.0,-2.5,-2.810483870967742,1.3772140222755407
ASH_COATED_OSMIUM,0,490900,-3.0,-2.5,-2.810483870967742,1.3772140222755407
ASH_COATED_OSMIUM,0,500900,-3.0,-2.5,-2.810483870967742,1.3772140222755407
ASH_COATED_OSMIUM,0,529600,-3.0,-2.5,-2.810483870967742,1.3772140222755407
ASH_COATED_OSMIUM,0,537800,-3.0,-2.5,-2.810483870967742,1.3772140222755407
ASH_COATED_OSMIUM,0,554900,-3.0,-3.0,-2.810483870967742,1.3772140222755407
ASH_COATED_OSMIUM,0,571500,-3.0,-3.0,-2.810483870967742,1.3772140222755407
ASH_COATED_OSMIUM,0,590600,-3.0,-1.5,-2.810483870967742,1.3772140222755407
ASH_COATED_OSMIUM,0,596000,-3.0,-2.0,-2.810483870967742,1.3772140222755407
ASH_COATED_OSMIUM,0,604000,-3.0,-4.0,-2.810483870967742,1.3772140222755407
ASH_COATED_OSMIUM,0,607700,-3.0,-3.0,-2.810483870967742,1.3772140222755407
ASH_COATED_OSMIUM,0,615600,-3.0,-2.0,-2.810483870967742,1.3772140222755407
ASH_COATED_OSMIUM,0,618700,-3.0,-3.0,-2.810483870967742,1.3772140222755407
ASH_COATED_OSMIUM,0,625700,-3.0,-3.0,-2.810483870967742,1.3772140222755407
ASH_COATED_OSMIUM,0,627700,-3.0,-1.0,-2.810483870967742,1.3772140222755407
ASH_COATED_OSMIUM,0,637800,-3.0,0.0,-2.810483870967742,1.3772140222755407
ASH_COATED_OSMIUM,0,651100,-3.0,-2.5,-2.810483870967742,1.3772140222755407
ASH_COATED_OSMIUM,0,664200,-3.0,-6.0,-2.810483870967742,1.3772140222755407
ASH_COATED_OSMIUM,0,666700,-3.0,-3.5,-2.810483870967742,1.3772140222755407
ASH_COATED_OSMIUM,0,712200,-3.0,-2.5,-2.810483870967742,1.3772140222755407
ASH_COATED_OSMIUM,0,716300,-3.0,-5.0,-2.810483870967742,1.3772140222755407
ASH_COATED_OSMIUM,0,727400,-3.0,-2.5,-2.810483870967742,1.3772140222755407
ASH_COATED_OSMIUM,0,733200,-3.0,-3.5,-2.810483870967742,1.3772140222755407
ASH_COATED_OSMIUM,0,735200,-3.0,-2.5,-2.810483870967742,1.3772140222755407
ASH_COATED_OSMIUM,0,802900,-3.0,-3.5,-2.810483870967742,1.3772140222755407
ASH_COATED_OSMIUM,0,806100,-3.0,-2.5,-2.810483870967742,1.3772140222755407
ASH_COATED_OSMIUM,0,818800,-3.0,-7.0,-2.810483870967742,1.3772140222755407
ASH_COATED_OSMIUM,0,821000,-3.0,-2.5,-2.810483870967742,1.3772140222755407
ASH_COATED_OSMIUM,0,822500,-3.0,-2.0,-2.810483870967742,1.3772140222755407
ASH_COATED_OSMIUM,0,828400,-3.0,-3.5,-2.810483870967742,1.3772140222755407
ASH_COATED_OSMIUM,0,834500,-3.0,-4.5,-2.810483870967742,1.3772140222755407
ASH_COATED_OSMIUM,0,834900,-3.0,-2.5,-2.810483870967742,1.3772140222755407
ASH_COATED_OSMIUM,0,836700,-3.0,-2.5,-2.810483870967742,1.3772140222755407
ASH_COATED_OSMIUM,0,837700,-3.0,-2.5,-2.810483870967742,1.3772140222755407
ASH_COATED_OSMIUM,0,848100,-3.0,-2.0,-2.810483870967742,1.3772140222755407
ASH_COATED_OSMIUM,0,857000,-3.0,-1.5,-2.810483870967742,1.3772140222755407
ASH_COATED_OSMIUM,0,871100,-3.0,-3.0,-2.810483870967742,1.3772140222755407
ASH_COATED_OSMIUM,0,872900,-3.0,-2.5,-2.810483870967742,1.3772140222755407
ASH_COATED_OSMIUM,0,874800,-3.0,-3.0,-2.810483870967742,1.3772140222755407
ASH_COATED_OSMIUM,0,878000,-3.0,-2.0,-2.810483870967742,1.3772140222755407
ASH_COATED_OSMIUM,0,884500,-3.0,-4.0,-2.810483870967742,1.3772140222755407
ASH_COATED_OSMIUM,0,900800,-3.0,-1.0,-2.810483870967742,1.3772140222755407
ASH_COATED_OSMIUM,0,906000,-3.0,-2.5,-2.810483870967742,1.3772140222755407
ASH_COATED_OSMIUM,0,908600,-3.0,-2.5,-2.810483870967742,1.3772140222755407
ASH_COATED_OSMIUM,0,914800,-3.0,-1.5,-2.810483870967742,1.3772140222755407
ASH_COATED_OSMIUM,0,916100,-3.0,-4.5,-2.810483870967742,1.3772140222755407
ASH_COATED_OSMIUM,0,917600,-3.0,-4.0,-2.810483870967742,1.3772140222755407
ASH_COATED_OSMIUM,0,922900,-3.0,-2.0,-2.810483870967742,1.3772140222755407
ASH_COATED_OSMIUM,0,933400,-3.0,-3.0,-2.810483870967742,1.3772140222755407
ASH_COATED_OSMIUM,0,935600,-3.0,-2.5,-2.810483870967742,1.3772140222755407
ASH_COATED_OSMIUM,0,936400,-3.0,-1.0,-2.810483870967742,1.3772140222755407
ASH_COATED_OSMIUM,0,938700,-3.0,-4.0,-2.810483870967742,1.3772140222755407
ASH_COATED_OSMIUM,0,943300,-3.0,-2.0,-2.810483870967742,1.3772140222755407
ASH_COATED_OSMIUM,0,944800,-3.0,-1.5,-2.810483870967742,1.3772140222755407
ASH_COATED_OSMIUM,0,956900,-3.0,-3.0,-2.810483870967742,1.3772140222755407
ASH_COATED_OSMIUM,0,974800,-3.0,-3.0,-2.810483870967742,1.3772140222755407
ASH_COATED_OSMIUM,0,985700,-3.0,1.0,-2.810483870967742,1.3772140222755407
ASH_COATED_OSMIUM,0,987300,-3.0,-2.5,-2.810483870967742,1.3772140222755407
ASH_COATED_OSMIUM,0,991000,-3.0,-4.0,-2.810483870967742,1.3772140222755407
ASH_COATED_OSMIUM,0,994400,-3.0,-3.0,-2.810483870967742,1.3772140222755407
ASH_COATED_OSMIUM,0,400,-1.0,0.0,-0.24624624624624625,1.4021658725121953
ASH_COATED_OSMIUM,0,500,-1.0,-1.5,-0.24624624624624625,1.4021658725121953
ASH_COATED_OSMIUM,0,1400,-1.0,-1.0,-0.24624624624624625,1.4021658725121953
ASH_COATED_OSMIUM,0,4500,-1.0,1.0,-0.24624624624624625,1.4021658725121953
ASH_COATED_OSMIUM,0,4900,-1.0,-1.0,-0.24624624624624625,1.4021658725121953
ASH_COATED_OSMIUM,0,5100,-1.0,0.0,-0.24624624624624625,1.4021658725121953
ASH_COATED_OSMIUM,0,5200,-1.0,0.0,-0.24624624624624625,1.4021658725121953
ASH_COATED_OSMIUM,0,5300,-1.0,0.0,-0.24624624624624625,1.4021658725121953
ASH_COATED_OSMIUM,0,6100,-1.0,0.0,-0.24624624624624625,1.4021658725121953
ASH_COATED_OSMIUM,0,6200,-1.0,0.0,-0.24624624624624625,1.4021658725121953
ASH_COATED_OSMIUM,0,6300,-1.0,-1.0,-0.24624624624624625,1.4021658725121953
ASH_COATED_OSMIUM,0,7200,-1.0,-1.0,-0.24624624624624625,1.4021658725121953
ASH_COATED_OSMIUM,0,7600,-1.0,0.0,-0.24624624624624625,1.4021658725121953
ASH_COATED_OSMIUM,0,8200,-1.0,0.0,-0.24624624624624625,1.4021658725121953
ASH_COATED_OSMIUM,0,9800,-1.0,0.0,-0.24624624624624625,1.4021658725121953
ASH_COATED_OSMIUM,0,11100,-1.0,-2.0,-0.24624624624624625,1.4021658725121953
ASH_COATED_OSMIUM,0,12400,-1.0,1.0,-0.24624624624624625,1.4021658725121953
ASH_COATED_OSMIUM,0,12900,-1.0,5.5,-0.24624624624624625,1.4021658725121953
ASH_COATED_OSMIUM,0,13400,-1.0,0.0,-0.24624624624624625,1.4021658725121953
ASH_COATED_OSMIUM,0,14000,-1.0,0.0,-0.24624624624624625,1.4021658725121953
ASH_COATED_OSMIUM,0,14100,-1.0,1.5,-0.24624624624624625,1.4021658725121953
ASH_COATED_OSMIUM,0,15100,-1.0,0.0,-0.24624624624624625,1.4021658725121953
ASH_COATED_OSMIUM,0,15400,-1.0,-1.0,-0.24624624624624625,1.4021658725121953
ASH_COATED_OSMIUM,0,15600,-1.0,-1.0,-0.24624624624624625,1.4021658725121953
ASH_COATED_OSMIUM,0,17700,-1.0,0.0,-0.24624624624624625,1.4021658725121953
ASH_COATED_OSMIUM,0,18600,-1.0,0.0,-0.24624624624624625,1.4021658725121953
ASH_COATED_OSMIUM,0,18700,-1.0,1.5,-0.24624624624624625,1.4021658725121953
ASH_COATED_OSMIUM,0,18900,-1.0,0.0,-0.24624624624624625,1.4021658725121953
ASH_COATED_OSMIUM,0,19800,-1.0,1.5,-0.24624624624624625,1.4021658725121953
ASH_COATED_OSMIUM,0,21000,-1.0,-1.0,-0.24624624624624625,1.4021658725121953
ASH_COATED_OSMIUM,0,21300,-1.0,-6.0,-0.24624624624624625,1.4021658725121953
ASH_COATED_OSMIUM,0,21500,-1.0,-5.5,-0.24624624624624625,1.4021658725121953
ASH_COATED_OSMIUM,0,21700,-1.0,0.0,-0.24624624624624625,1.4021658725121953
ASH_COATED_OSMIUM,0,22200,-1.0,0.0,-0.24624624624624625,1.4021658725121953
ASH_COATED_OSMIUM,0,22300,-1.0,-1.0,-0.24624624624624625,1.4021658725121953
ASH_COATED_OSMIUM,0,22500,-1.0,1.5,-0.24624624624624625,1.4021658725121953
ASH_COATED_OSMIUM,0,23200,-1.0,0.5,-0.24624624624624625,1.4021658725121953
ASH_COATED_OSMIUM,0,24300,-1.0,-1.0,-0.24624624624624625,1.4021658725121953
ASH_COATED_OSMIUM,0,24700,-1.0,0.0,-0.24624624624624625,1.4021658725121953
ASH_COATED_OSMIUM,0,25000,-1.0,-1.0,-0.24624624624624625,1.4021658725121953
ASH_COATED_OSMIUM,0,25200,-1.0,0.0,-0.24624624624624625,1.4021658725121953
ASH_COATED_OSMIUM,0,25400,-1.0,0.0,-0.24624624624624625,1.4021658725121953
ASH_COATED_OSMIUM,0,25500,-1.0,-1.5,-0.24624624624624625,1.4021658725121953
ASH_COATED_OSMIUM,0,26000,-1.0,0.0,-0.24624624624624625,1.4021658725121953
ASH_COATED_OSMIUM,0,27200,-1.0,0.0,-0.24624624624624625,1.4021658725121953
ASH_COATED_OSMIUM,0,28300,-1.0,-1.5,-0.24624624624624625,1.4021658725121953
ASH_COATED_OSMIUM,0,28600,-1.0,2.0,-0.24624624624624625,1.4021658725121953
ASH_COATED_OSMIUM,0,29100,-1.0,-5.0,-0.24624624624624625,1.4021658725121953
ASH_COATED_OSMIUM,0,29300,-1.0,0.0,-0.24624624624624625,1.4021658725121953
ASH_COATED_OSMIUM,0,29500,-1.0,0.0,-0.24624624624624625,1.4021658725121953
ASH_COATED_OSMIUM,0,30400,-1.0,1.0,-0.24624624624624625,1.4021658725121953
ASH_COATED_OSMIUM,0,31500,-1.0,0.0,-0.24624624624624625,1.4021658725121953
ASH_COATED_OSMIUM,0,31800,-1.0,0.0,-0.24624624624624625,1.4021658725121953
ASH_COATED_OSMIUM,0,32000,-1.0,0.0,-0.24624624624624625,1.4021658725121953
ASH_COATED_OSMIUM,0,33400,-1.0,0.0,-0.24624624624624625,1.4021658725121953
ASH_COATED_OSMIUM,0,33500,-1.0,0.0,-0.24624624624624625,1.4021658725121953
ASH_COATED_OSMIUM,0,35000,-1.0,0.0,-0.24624624624624625,1.4021658725121953
ASH_COATED_OSMIUM,0,36500,-1.0,0.0,-0.24624624624624625,1.4021658725121953
ASH_COATED_OSMIUM,0,36600,-1.0,1.0,-0.24624624624624625,1.4021658725121953
ASH_COATED_OSMIUM,0,36900,-1.0,0.0,-0.24624624624624625,1.4021658725121953
ASH_COATED_OSMIUM,0,37200,-1.0,0.0,-0.24624624624624625,1.4021658725121953
ASH_COATED_OSMIUM,0,37300,-1.0,0.0,-0.24624624624624625,1.4021658725121953
ASH_COATED_OSMIUM,0,38200,-1.0,1.0,-0.24624624624624625,1.4021658725121953
ASH_COATED_OSMIUM,0,39200,-1.0,0.0,-0.24624624624624625,1.4021658725121953
ASH_COATED_OSMIUM,0,39300,-1.0,-0.5,-0.24624624624624625,1.4021658725121953
ASH_COATED_OSMIUM,0,40500,-1.0,0.0,-0.24624624624624625,1.4021658725121953
ASH_COATED_OSMIUM,0,40600,-1.0,0.0,-0.24624624624624625,1.4021658725121953
ASH_COATED_OSMIUM,0,40900,-1.0,0.0,-0.24624624624624625,1.4021658725121953
ASH_COATED_OSMIUM,0,42800,-1.0,0.5,-0.24624624624624625,1.4021658725121953
ASH_COATED_OSMIUM,0,43800,-1.0,-1.0,-0.24624624624624625,1.4021658725121953
ASH_COATED_OSMIUM,0,45600,-1.0,1.5,-0.24624624624624625,1.4021658725121953
ASH_COATED_OSMIUM,0,45900,-1.0,-2.0,-0.24624624624624625,1.4021658725121953
ASH_COATED_OSMIUM,0,46200,-1.0,1.0,-0.24624624624624625,1.4021658725121953
ASH_COATED_OSMIUM,0,46800,-1.0,0.0,-0.24624624624624625,1.4021658725121953
ASH_COATED_OSMIUM,0,47500,-1.0,0.0,-0.24624624624624625,1.4021658725121953
ASH_COATED_OSMIUM,0,48900,-1.0,0.0,-0.24624624624624625,1.4021658725121953
ASH_COATED_OSMIUM,0,49100,-1.0,-2.0,-0.24624624624624625,1.4021658725121953
ASH_COATED_OSMIUM,0,49300,-1.0,0.0,-0.24624624624624625,1.4021658725121953
ASH_COATED_OSMIUM,0,49400,-1.0,0.0,-0.24624624624624625,1.4021658725121953
ASH_COATED_OSMIUM,0,49500,-1.0,-1.0,-0.24624624624624625,1.4021658725121953
ASH_COATED_OSMIUM,0,51900,-1.0,0.0,-0.24624624624624625,1.4021658725121953
ASH_COATED_OSMIUM,0,52000,-1.0,4.5,-0.24624624624624625,1.4021658725121953
ASH_COATED_OSMIUM,0,52500,-1.0,0.0,-0.24624624624624625,1.4021658725121953
ASH_COATED_OSMIUM,0,53300,-1.0,-3.5,-0.24624624624624625,1.4021658725121953
ASH_COATED_OSMIUM,0,54200,-1.0,-1.0,-0.24624624624624625,1.4021658725121953
ASH_COATED_OSMIUM,0,55600,-1.0,0.0,-0.24624624624624625,1.4021658725121953
ASH_COATED_OSMIUM,0,55700,-1.0,0.0,-0.24624624624624625,1.4021658725121953
ASH_COATED_OSMIUM,0,55800,-1.0,0.0,-0.24624624624624625,1.4021658725121953
ASH_COATED_OSMIUM,0,56700,-1.0,0.0,-0.24624624624624625,1.4021658725121953
ASH_COATED_OSMIUM,0,56900,-1.0,0.0,-0.24624624624624625,1.4021658725121953
ASH_COATED_OSMIUM,0,57000,-1.0,-1.0,-0.24624624624624625,1.4021658725121953
ASH_COATED_OSMIUM,0,57200,-1.0,-1.5,-0.24624624624624625,1.4021658725121953
ASH_COATED_OSMIUM,0,58400,-1.0,0.0,-0.24624624624624625,1.4021658725121953
ASH_COATED_OSMIUM,0,59200,-1.0,0.0,-0.24624624624624625,1.4021658725121953
ASH_COATED_OSMIUM,0,59400,-1.0,0.0,-0.24624624624624625,1.4021658725121953
ASH_COATED_OSMIUM,0,59600,-1.0,0.0,-0.24624624624624625,1.4021658725121953
ASH_COATED_OSMIUM,0,59800,-1.0,1.0,-0.24624624624624625,1.4021658725121953
ASH_COATED_OSMIUM,0,60100,-1.0,0.0,-0.24624624624624625,1.4021658725121953
ASH_COATED_OSMIUM,0,60400,-1.0,0.0,-0.24624624624624625,1.4021658725121953
ASH_COATED_OSMIUM,0,60500,-1.0,-1.0,-0.24624624624624625,1.4021658725121953
ASH_COATED_OSMIUM,0,60700,-1.0,-1.0,-0.24624624624624625,1.4021658725121953
ASH_COATED_OSMIUM,0,61100,-1.0,1.0,-0.24624624624624625,1.4021658725121953
ASH_COATED_OSMIUM,0,61500,-1.0,0.0,-0.24624624624624625,1.4021658725121953
ASH_COATED_OSMIUM,0,61600,-1.0,1.0,-0.24624624624624625,1.4021658725121953
ASH_COATED_OSMIUM,0,61800,-1.0,0.0,-0.24624624624624625,1.4021658725121953
ASH_COATED_OSMIUM,0,62000,-1.0,-1.0,-0.24624624624624625,1.4021658725121953
ASH_COATED_OSMIUM,0,63800,-1.0,2.0,-0.24624624624624625,1.4021658725121953
ASH_COATED_OSMIUM,0,64100,-1.0,-3.0,-0.24624624624624625,1.4021658725121953
ASH_COATED_OSMIUM,0,64800,-1.0,-1.0,-0.24624624624624625,1.4021658725121953
ASH_COATED_OSMIUM,0,65500,-1.0,0.0,-0.24624624624624625,1.4021658725121953
ASH_COATED_OSMIUM,0,65900,-1.0,-1.0,-0.24624624624624625,1.4021658725121953
ASH_COATED_OSMIUM,0,66100,-1.0,1.0,-0.24624624624624625,1.4021658725121953
ASH_COATED_OSMIUM,0,66200,-1.0,4.0,-0.24624624624624625,1.4021658725121953
ASH_COATED_OSMIUM,0,66400,-1.0,0.0,-0.24624624624624625,1.4021658725121953
ASH_COATED_OSMIUM,0,66600,-1.0,-0.5,-0.24624624624624625,1.4021658725121953
ASH_COATED_OSMIUM,0,66900,-1.0,0.0,-0.24624624624624625,1.4021658725121953
ASH_COATED_OSMIUM,0,67000,-1.0,-1.5,-0.24624624624624625,1.4021658725121953
ASH_COATED_OSMIUM,0,68000,-1.0,0.0,-0.24624624624624625,1.4021658725121953
ASH_COATED_OSMIUM,0,68300,-1.0,0.0,-0.24624624624624625,1.4021658725121953
ASH_COATED_OSMIUM,0,68600,-1.0,-1.5,-0.24624624624624625,1.4021658725121953
ASH_COATED_OSMIUM,0,69000,-1.0,0.0,-0.24624624624624625,1.4021658725121953
ASH_COATED_OSMIUM,0,69100,-1.0,0.0,-0.24624624624624625,1.4021658725121953
ASH_COATED_OSMIUM,0,69400,-1.0,0.0,-0.24624624624624625,1.4021658725121953
ASH_COATED_OSMIUM,0,69500,-1.0,-1.5,-0.24624624624624625,1.4021658725121953
ASH_COATED_OSMIUM,0,71000,-1.0,0.0,-0.24624624624624625,1.4021658725121953
ASH_COATED_OSMIUM,0,71100,-1.0,1.0,-0.24624624624624625,1.4021658725121953
ASH_COATED_OSMIUM,0,71900,-1.0,0.0,-0.24624624624624625,1.4021658725121953
ASH_COATED_OSMIUM,0,74400,-1.0,0.0,-0.24624624624624625,1.4021658725121953
ASH_COATED_OSMIUM,0,74700,-1.0,1.0,-0.24624624624624625,1.4021658725121953
ASH_COATED_OSMIUM,0,74900,-1.0,0.0,-0.24624624624624625,1.4021658725121953
ASH_COATED_OSMIUM,0,75600,-1.0,-1.0,-0.24624624624624625,1.4021658725121953
ASH_COATED_OSMIUM,0,76100,-1.0,3.0,-0.24624624624624625,1.4021658725121953
ASH_COATED_OSMIUM,0,76500,-1.0,-1.5,-0.24624624624624625,1.4021658725121953
ASH_COATED_OSMIUM,0,76700,-1.0,0.0,-0.24624624624624625,1.4021658725121953
ASH_COATED_OSMIUM,0,76800,-1.0,-0.5,-0.24624624624624625,1.4021658725121953
ASH_COATED_OSMIUM,0,78300,-1.0,2.5,-0.24624624624624625,1.4021658725121953
ASH_COATED_OSMIUM,0,79800,-1.0,0.0,-0.24624624624624625,1.4021658725121953
ASH_COATED_OSMIUM,0,79900,-1.0,0.0,-0.24624624624624625,1.4021658725121953
ASH_COATED_OSMIUM,0,80000,-1.0,-3.5,-0.24624624624624625,1.4021658725121953
ASH_COATED_OSMIUM,0,81000,-1.0,0.0,-0.24624624624624625,1.4021658725121953
ASH_COATED_OSMIUM,0,81100,-1.0,0.5,-0.24624624624624625,1.4021658725121953
ASH_COATED_OSMIUM,0,81400,-1.0,0.0,-0.24624624624624625,1.4021658725121953
ASH_COATED_OSMIUM,0,81500,-1.0,2.5,-0.24624624624624625,1.4021658725121953
ASH_COATED_OSMIUM,0,82300,-1.0,0.0,-0.24624624624624625,1.4021658725121953
ASH_COATED_OSMIUM,0,82400,-1.0,0.0,-0.24624624624624625,1.4021658725121953
ASH_COATED_OSMIUM,0,82500,-1.0,0.0,-0.24624624624624625,1.4021658725121953
ASH_COATED_OSMIUM,0,83100,-1.0,-2.0,-0.24624624624624625,1.4021658725121953
ASH_COATED_OSMIUM,0,83700,-1.0,0.0,-0.24624624624624625,1.4021658725121953
ASH_COATED_OSMIUM,0,84100,-1.0,1.0,-0.24624624624624625,1.4021658725121953
ASH_COATED_OSMIUM,0,84900,-1.0,0.0,-0.24624624624624625,1.4021658725121953
ASH_COATED_OSMIUM,0,85300,-1.0,-4.0,-0.24624624624624625,1.4021658725121953
ASH_COATED_OSMIUM,0,85900,-1.0,0.0,-0.24624624624624625,1.4021658725121953
ASH_COATED_OSMIUM,0,86400,-1.0,0.0,-0.24624624624624625,1.4021658725121953
ASH_COATED_OSMIUM,0,86700,-1.0,-5.5,-0.24624624624624625,1.4021658725121953
ASH_COATED_OSMIUM,0,87100,-1.0,1.0,-0.24624624624624625,1.4021658725121953
ASH_COATED_OSMIUM,0,87800,-1.0,1.0,-0.24624624624624625,1.4021658725121953
ASH_COATED_OSMIUM,0,88500,-1.0,0.0,-0.24624624624624625,1.4021658725121953
ASH_COATED_OSMIUM,0,88600,-1.0,0.0,-0.24624624624624625,1.4021658725121953
ASH_COATED_OSMIUM,0,89300,-1.0,0.0,-0.24624624624624625,1.4021658725121953
ASH_COATED_OSMIUM,0,89700,-1.0,0.5,-0.24624624624624625,1.4021658725121953
ASH_COATED_OSMIUM,0,90000,-1.0,1.5,-0.24624624624624625,1.4021658725121953
ASH_COATED_OSMIUM,0,90900,-1.0,-1.0,-0.24624624624624625,1.4021658725121953
ASH_COATED_OSMIUM,0,91900,-1.0,3.5,-0.24624624624624625,1.4021658725121953
ASH_COATED_OSMIUM,0,93500,-1.0,0.0,-0.24624624624624625,1.4021658725121953
ASH_COATED_OSMIUM,0,93600,-1.0,0.0,-0.24624624624624625,1.4021658725121953
ASH_COATED_OSMIUM,0,94600,-1.0,0.0,-0.24624624624624625,1.4021658725121953
ASH_COATED_OSMIUM,0,97100,-1.0,2.5,-0.24624624624624625,1.4021658725121953
ASH_COATED_OSMIUM,0,98400,-1.0,1.5,-0.24624624624624625,1.4021658725121953
ASH_COATED_OSMIUM,0,99000,-1.0,0.0,-0.24624624624624625,1.4021658725121953
ASH_COATED_OSMIUM,0,99100,-1.0,-1.0,-0.24624624624624625,1.4021658725121953
ASH_COATED_OSMIUM,0,99300,-1.0,-1.0,-0.24624624624624625,1.4021658725121953
ASH_COATED_OSMIUM,0,99500,-1.0,0.0,-0.24624624624624625,1.4021658725121953
ASH_COATED_OSMIUM,0,99600,-1.0,0.0,-0.24624624624624625,1.4021658725121953
ASH_COATED_OSMIUM,0,99700,-1.0,1.0,-0.24624624624624625,1.4021658725121953
ASH_COATED_OSMIUM,0,99900,-1.0,0.5,-0.24624624624624625,1.4021658725121953
ASH_COATED_OSMIUM,0,100400,-1.0,0.0,-0.24624624624624625,1.4021658725121953
ASH_COATED_OSMIUM,0,101000,-1.0,3.0,-0.24624624624624625,1.4021658725121953
ASH_COATED_OSMIUM,0,101200,-1.0,-3.5,-0.24624624624624625,1.4021658725121953
ASH_COATED_OSMIUM,0,103400,-1.0,0.0,-0.24624624624624625,1.4021658725121953
ASH_COATED_OSMIUM,0,104600,-1.0,0.0,-0.24624624624624625,1.4021658725121953
ASH_COATED_OSMIUM,0,104700,-1.0,0.0,-0.24624624624624625,1.4021658725121953
ASH_COATED_OSMIUM,0,106300,-1.0,0.0,-0.24624624624624625,1.4021658725121953
ASH_COATED_OSMIUM,0,107500,-1.0,1.0,-0.24624624624624625,1.4021658725121953
ASH_COATED_OSMIUM,0,107900,-1.0,0.0,-0.24624624624624625,1.4021658725121953
ASH_COATED_OSMIUM,0,108200,-1.0,0.0,-0.24624624624624625,1.4021658725121953
ASH_COATED_OSMIUM,0,108400,-1.0,1.0,-0.24624624624624625,1.4021658725121953
ASH_COATED_OSMIUM,0,110000,-1.0,0.0,-0.24624624624624625,1.4021658725121953
ASH_COATED_OSMIUM,0,111300,-1.0,-1.0,-0.24624624624624625,1.4021658725121953
ASH_COATED_OSMIUM,0,112300,-1.0,0.0,-0.24624624624624625,1.4021658725121953
ASH_COATED_OSMIUM,0,113400,-1.0,0.0,-0.24624624624624625,1.4021658725121953
ASH_COATED_OSMIUM,0,113500,-1.0,-1.0,-0.24624624624624625,1.4021658725121953
ASH_COATED_OSMIUM,0,114000,-1.0,0.0,-0.24624624624624625,1.4021658725121953
ASH_COATED_OSMIUM,0,114700,-1.0,1.0,-0.24624624624624625,1.4021658725121953
ASH_COATED_OSMIUM,0,115200,-1.0,-1.5,-0.24624624624624625,1.4021658725121953
ASH_COATED_OSMIUM,0,115800,-1.0,0.0,-0.24624624624624625,1.4021658725121953
ASH_COATED_OSMIUM,0,116600,-1.0,0.5,-0.24624624624624625,1.4021658725121953
ASH_COATED_OSMIUM,0,116800,-1.0,2.0,-0.24624624624624625,1.4021658725121953
ASH_COATED_OSMIUM,0,117900,-1.0,0.0,-0.24624624624624625,1.4021658725121953
ASH_COATED_OSMIUM,0,118500,-1.0,0.0,-0.24624624624624625,1.4021658725121953
ASH_COATED_OSMIUM,0,118900,-1.0,0.0,-0.24624624624624625,1.4021658725121953
ASH_COATED_OSMIUM,0,119300,-1.0,0.0,-0.24624624624624625,1.4021658725121953
ASH_COATED_OSMIUM,0,119500,-1.0,-1.0,-0.24624624624624625,1.4021658725121953
ASH_COATED_OSMIUM,0,119900,-1.0,-1.5,-0.24624624624624625,1.4021658725121953
ASH_COATED_OSMIUM,0,121800,-1.0,0.0,-0.24624624624624625,1.4021658725121953
ASH_COATED_OSMIUM,0,122000,-1.0,-1.5,-0.24624624624624625,1.4021658725121953
ASH_COATED_OSMIUM,0,122600,-1.0,-1.0,-0.24624624624624625,1.4021658725121953
ASH_COATED_OSMIUM,0,123500,-1.0,-5.5,-0.24624624624624625,1.4021658725121953
ASH_COATED_OSMIUM,0,124300,-1.0,0.5,-0.24624624624624625,1.4021658725121953
ASH_COATED_OSMIUM,0,124800,-1.0,0.0,-0.24624624624624625,1.4021658725121953
ASH_COATED_OSMIUM,0,125400,-1.0,0.0,-0.24624624624624625,1.4021658725121953
ASH_COATED_OSMIUM,0,125900,-1.0,-1.0,-0.24624624624624625,1.4021658725121953
ASH_COATED_OSMIUM,0,126400,-1.0,-5.0,-0.24624624624624625,1.4021658725121953
ASH_COATED_OSMIUM,0,126700,-1.0,0.0,-0.24624624624624625,1.4021658725121953
ASH_COATED_OSMIUM,0,126800,-1.0,-1.5,-0.24624624624624625,1.4021658725121953
ASH_COATED_OSMIUM,0,127100,-1.0,-1.5,-0.24624624624624625,1.4021658725121953
ASH_COATED_OSMIUM,0,128500,-1.0,0.0,-0.24624624624624625,1.4021658725121953
ASH_COATED_OSMIUM,0,128600,-1.0,0.0,-0.24624624624624625,1.4021658725121953
ASH_COATED_OSMIUM,0,128700,-1.0,0.0,-0.24624624624624625,1.4021658725121953
ASH_COATED_OSMIUM,0,130200,-1.0,0.0,-0.24624624624624625,1.4021658725121953
ASH_COATED_OSMIUM,0,130300,-1.0,0.5,-0.24624624624624625,1.4021658725121953
ASH_COATED_OSMIUM,0,130500,-1.0,0.5,-0.24624624624624625,1.4021658725121953
ASH_COATED_OSMIUM,0,131500,-1.0,4.0,-0.24624624624624625,1.4021658725121953
ASH_COATED_OSMIUM,0,131700,-1.0,-0.5,-0.24624624624624625,1.4021658725121953
ASH_COATED_OSMIUM,0,132200,-1.0,-5.0,-0.24624624624624625,1.4021658725121953
ASH_COATED_OSMIUM,0,132800,-1.0,0.0,-0.24624624624624625,1.4021658725121953
ASH_COATED_OSMIUM,0,132900,-1.0,0.0,-0.24624624624624625,1.4021658725121953
ASH_COATED_OSMIUM,0,133000,-1.0,0.0,-0.24624624624624625,1.4021658725121953
ASH_COATED_OSMIUM,0,133900,-1.0,-1.5,-0.24624624624624625,1.4021658725121953
ASH_COATED_OSMIUM,0,135100,-1.0,0.0,-0.24624624624624625,1.4021658725121953
ASH_COATED_OSMIUM,0,135200,-1.0,-1.5,-0.24624624624624625,1.4021658725121953
ASH_COATED_OSMIUM,0,135500,-1.0,-2.0,-0.24624624624624625,1.4021658725121953
ASH_COATED_OSMIUM,0,135800,-1.0,1.0,-0.24624624624624625,1.4021658725121953
ASH_COATED_OSMIUM,0,136100,-1.0,0.0,-0.24624624624624625,1.4021658725121953
ASH_COATED_OSMIUM,0,136500,-1.0,0.0,-0.24624624624624625,1.4021658725121953
ASH_COATED_OSMIUM,0,136600,-1.0,-1.5,-0.24624624624624625,1.4021658725121953
ASH_COATED_OSMIUM,0,137200,-1.0,-1.0,-0.24624624624624625,1.4021658725121953
ASH_COATED_OSMIUM,0,137900,-1.0,-1.0,-0.24624624624624625,1.4021658725121953
ASH_COATED_OSMIUM,0,138100,-1.0,1.0,-0.24624624624624625,1.4021658725121953
ASH_COATED_OSMIUM,0,138700,-1.0,0.0,-0.24624624624624625,1.4021658725121953
ASH_COATED_OSMIUM,0,139800,-1.0,-6.0,-0.24624624624624625,1.4021658725121953
ASH_COATED_OSMIUM,0,140000,-1.0,0.0,-0.24624624624624625,1.4021658725121953
ASH_COATED_OSMIUM,0,140200,-1.0,0.0,-0.24624624624624625,1.4021658725121953
ASH_COATED_OSMIUM,0,140400,-1.0,1.0,-0.24624624624624625,1.4021658725121953
ASH_COATED_OSMIUM,0,141100,-1.0,-1.5,-0.24624624624624625,1.4021658725121953
ASH_COATED_OSMIUM,0,142000,-1.0,0.0,-0.24624624624624625,1.4021658725121953
ASH_COATED_OSMIUM,0,142100,-1.0,0.0,-0.24624624624624625,1.4021658725121953
ASH_COATED_OSMIUM,0,142400,-1.0,-1.0,-0.24624624624624625,1.4021658725121953
ASH_COATED_OSMIUM,0,143800,-1.0,0.0,-0.24624624624624625,1.4021658725121953
ASH_COATED_OSMIUM,0,143900,-1.0,-1.5,-0.24624624624624625,1.4021658725121953
ASH_COATED_OSMIUM,0,144700,-1.0,-1.5,-0.24624624624624625,1.4021658725121953
ASH_COATED_OSMIUM,0,146000,-1.0,2.5,-0.24624624624624625,1.4021658725121953
ASH_COATED_OSMIUM,0,146300,-1.0,0.0,-0.24624624624624625,1.4021658725121953
ASH_COATED_OSMIUM,0,146400,-1.0,-5.5,-0.24624624624624625,1.4021658725121953
ASH_COATED_OSMIUM,0,147700,-1.0,0.0,-0.24624624624624625,1.4021658725121953
ASH_COATED_OSMIUM,0,147800,-1.0,0.0,-0.24624624624624625,1.4021658725121953
ASH_COATED_OSMIUM,0,148200,-1.0,0.0,-0.24624624624624625,1.4021658725121953
ASH_COATED_OSMIUM,0,148300,-1.0,1.0,-0.24624624624624625,1.4021658725121953
ASH_COATED_OSMIUM,0,148500,-1.0,2.5,-0.24624624624624625,1.4021658725121953
ASH_COATED_OSMIUM,0,148700,-1.0,-1.0,-0.24624624624624625,1.4021658725121953
ASH_COATED_OSMIUM,0,149000,-1.0,0.0,-0.24624624624624625,1.4021658725121953
ASH_COATED_OSMIUM,0,149200,-1.0,-1.0,-0.24624624624624625,1.4021658725121953
ASH_COATED_OSMIUM,0,149500,-1.0,2.5,-0.24624624624624625,1.4021658725121953
ASH_COATED_OSMIUM,0,151800,-1.0,0.0,-0.24624624624624625,1.4021658725121953
ASH_COATED_OSMIUM,0,153100,-1.0,0.0,-0.24624624624624625,1.4021658725121953
ASH_COATED_OSMIUM,0,153200,-1.0,-1.0,-0.24624624624624625,1.4021658725121953
ASH_COATED_OSMIUM,0,153700,-1.0,0.0,-0.24624624624624625,1.4021658725121953
ASH_COATED_OSMIUM,0,153800,-1.0,-1.0,-0.24624624624624625,1.4021658725121953
ASH_COATED_OSMIUM,0,154500,-1.0,-1.5,-0.24624624624624625,1.4021658725121953
ASH_COATED_OSMIUM,0,155000,-1.0,1.0,-0.24624624624624625,1.4021658725121953
ASH_COATED_OSMIUM,0,156800,-1.0,1.0,-0.24624624624624625,1.4021658725121953
ASH_COATED_OSMIUM,0,157100,-1.0,-1.5,-0.24624624624624625,1.4021658725121953
ASH_COATED_OSMIUM,0,157500,-1.0,0.0,-0.24624624624624625,1.4021658725121953
ASH_COATED_OSMIUM,0,157600,-1.0,0.0,-0.24624624624624625,1.4021658725121953
ASH_COATED_OSMIUM,0,157700,-1.0,0.0,-0.24624624624624625,1.4021658725121953
ASH_COATED_OSMIUM,0,158400,-1.0,-1.0,-0.24624624624624625,1.4021658725121953
ASH_COATED_OSMIUM,0,159300,-1.0,-0.5,-0.24624624624624625,1.4021658725121953
ASH_COATED_OSMIUM,0,159500,-1.0,0.0,-0.24624624624624625,1.4021658725121953
ASH_COATED_OSMIUM,0,159600,-1.0,0.0,-0.24624624624624625,1.4021658725121953
ASH_COATED_OSMIUM,0,160900,-1.0,0.0,-0.24624624624624625,1.4021658725121953
ASH_COATED_OSMIUM,0,161000,-1.0,0.0,-0.24624624624624625,1.4021658725121953
ASH_COATED_OSMIUM,0,161200,-1.0,-1.5,-0.24624624624624625,1.4021658725121953
ASH_COATED_OSMIUM,0,161800,-1.0,0.0,-0.24624624624624625,1.4021658725121953
ASH_COATED_OSMIUM,0,161900,-1.0,-0.5,-0.24624624624624625,1.4021658725121953
ASH_COATED_OSMIUM,0,163000,-1.0,-1.5,-0.24624624624624625,1.4021658725121953
ASH_COATED_OSMIUM,0,163300,-1.0,1.5,-0.24624624624624625,1.4021658725121953
ASH_COATED_OSMIUM,0,164700,-1.0,-1.0,-0.24624624624624625,1.4021658725121953
ASH_COATED_OSMIUM,0,165200,-1.0,0.0,-0.24624624624624625,1.4021658725121953
ASH_COATED_OSMIUM,0,165300,-1.0,0.5,-0.24624624624624625,1.4021658725121953
ASH_COATED_OSMIUM,0,168900,-1.0,0.0,-0.24624624624624625,1.4021658725121953
ASH_COATED_OSMIUM,0,169300,-1.0,0.0,-0.24624624624624625,1.4021658725121953
ASH_COATED_OSMIUM,0,169400,-1.0,4.5,-0.24624624624624625,1.4021658725121953
ASH_COATED_OSMIUM,0,169700,-1.0,-3.5,-0.24624624624624625,1.4021658725121953
ASH_COATED_OSMIUM,0,170100,-1.0,0.0,-0.24624624624624625,1.4021658725121953
ASH_COATED_OSMIUM,0,170200,-1.0,-0.5,-0.24624624624624625,1.4021658725121953
ASH_COATED_OSMIUM,0,170600,-1.0,0.0,-0.24624624624624625,1.4021658725121953
ASH_COATED_OSMIUM,0,170700,-1.0,0.0,-0.24624624624624625,1.4021658725121953
ASH_COATED_OSMIUM,0,170800,-1.0,0.0,-0.24624624624624625,1.4021658725121953
ASH_COATED_OSMIUM,0,171200,-1.0,0.5,-0.24624624624624625,1.4021658725121953
ASH_COATED_OSMIUM,0,172300,-1.0,0.0,-0.24624624624624625,1.4021658725121953
ASH_COATED_OSMIUM,0,172600,-1.0,0.0,-0.24624624624624625,1.4021658725121953
ASH_COATED_OSMIUM,0,172700,-1.0,0.0,-0.24624624624624625,1.4021658725121953
ASH_COATED_OSMIUM,0,173900,-1.0,-0.5,-0.24624624624624625,1.4021658725121953
ASH_COATED_OSMIUM,0,175100,-1.0,-1.5,-0.24624624624624625,1.4021658725121953
ASH_COATED_OSMIUM,0,175800,-1.0,0.0,-0.24624624624624625,1.4021658725121953
ASH_COATED_OSMIUM,0,175900,-1.0,-3.5,-0.24624624624624625,1.4021658725121953
ASH_COATED_OSMIUM,0,177600,-1.0,0.0,-0.24624624624624625,1.4021658725121953
ASH_COATED_OSMIUM,0,178300,-1.0,-2.0,-0.24624624624624625,1.4021658725121953
ASH_COATED_OSMIUM,0,180500,-1.0,0.0,-0.24624624624624625,1.4021658725121953
ASH_COATED_OSMIUM,0,180600,-1.0,-0.5,-0.24624624624624625,1.4021658725121953
ASH_COATED_OSMIUM,0,181600,-1.0,-5.0,-0.24624624624624625,1.4021658725121953
ASH_COATED_OSMIUM,0,182000,-1.0,-1.0,-0.24624624624624625,1.4021658725121953
ASH_COATED_OSMIUM,0,182400,-1.0,-2.5,-0.24624624624624625,1.4021658725121953
ASH_COATED_OSMIUM,0,183200,-1.0,0.0,-0.24624624624624625,1.4021658725121953
ASH_COATED_OSMIUM,0,183400,-1.0,0.5,-0.24624624624624625,1.4021658725121953
ASH_COATED_OSMIUM,0,184200,-1.0,0.0,-0.24624624624624625,1.4021658725121953
ASH_COATED_OSMIUM,0,184700,-1.0,-1.0,-0.24624624624624625,1.4021658725121953
ASH_COATED_OSMIUM,0,185100,-1.0,0.0,-0.24624624624624625,1.4021658725121953
ASH_COATED_OSMIUM,0,185400,-1.0,1.5,-0.24624624624624625,1.4021658725121953
ASH_COATED_OSMIUM,0,185600,-1.0,0.0,-0.24624624624624625,1.4021658725121953
ASH_COATED_OSMIUM,0,186500,-1.0,0.5,-0.24624624624624625,1.4021658725121953
ASH_COATED_OSMIUM,0,187100,-1.0,0.0,-0.24624624624624625,1.4021658725121953
ASH_COATED_OSMIUM,0,187200,-1.0,0.0,-0.24624624624624625,1.4021658725121953
ASH_COATED_OSMIUM,0,187300,-1.0,-1.0,-0.24624624624624625,1.4021658725121953
ASH_COATED_OSMIUM,0,187500,-1.0,-5.0,-0.24624624624624625,1.4021658725121953
ASH_COATED_OSMIUM,0,188600,-1.0,0.0,-0.24624624624624625,1.4021658725121953
ASH_COATED_OSMIUM,0,188700,-1.0,-1.0,-0.24624624624624625,1.4021658725121953
ASH_COATED_OSMIUM,0,189000,-1.0,0.0,-0.24624624624624625,1.4021658725121953
ASH_COATED_OSMIUM,0,189100,-1.0,1.0,-0.24624624624624625,1.4021658725121953
ASH_COATED_OSMIUM,0,189400,-1.0,2.0,-0.24624624624624625,1.4021658725121953
ASH_COATED_OSMIUM,0,189700,-1.0,1.0,-0.24624624624624625,1.4021658725121953
ASH_COATED_OSMIUM,0,190000,-1.0,0.0,-0.24624624624624625,1.4021658725121953
ASH_COATED_OSMIUM,0,190100,-1.0,0.0,-0.24624624624624625,1.4021658725121953
ASH_COATED_OSMIUM,0,190200,-1.0,0.0,-0.24624624624624625,1.4021658725121953
ASH_COATED_OSMIUM,0,190800,-1.0,0.0,-0.24624624624624625,1.4021658725121953
ASH_COATED_OSMIUM,0,191100,-1.0,-1.0,-0.24624624624624625,1.4021658725121953
ASH_COATED_OSMIUM,0,192400,-1.0,-1.5,-0.24624624624624625,1.4021658725121953
ASH_COATED_OSMIUM,0,194500,-1.0,-2.0,-0.24624624624624625,1.4021658725121953
ASH_COATED_OSMIUM,0,195800,-1.0,0.0,-0.24624624624624625,1.4021658725121953
ASH_COATED_OSMIUM,0,196000,-1.0,0.0,-0.24624624624624625,1.4021658725121953
ASH_COATED_OSMIUM,0,196500,-1.0,-1.0,-0.24624624624624625,1.4021658725121953
ASH_COATED_OSMIUM,0,197400,-1.0,-3.5,-0.24624624624624625,1.4021658725121953
ASH_COATED_OSMIUM,0,198200,-1.0,1.0,-0.24624624624624625,1.4021658725121953
ASH_COATED_OSMIUM,0,198400,-1.0,0.0,-0.24624624624624625,1.4021658725121953
ASH_COATED_OSMIUM,0,199500,-1.0,0.0,-0.24624624624624625,1.4021658725121953
ASH_COATED_OSMIUM,0,200300,-1.0,0.0,-0.24624624624624625,1.4021658725121953
ASH_COATED_OSMIUM,0,200400,-1.0,-1.0,-0.24624624624624625,1.4021658725121953
ASH_COATED_OSMIUM,0,202300,-1.0,0.0,-0.24624624624624625,1.4021658725121953
ASH_COATED_OSMIUM,0,202400,-1.0,-1.0,-0.24624624624624625,1.4021658725121953
ASH_COATED_OSMIUM,0,203100,-1.0,1.5,-0.24624624624624625,1.4021658725121953
ASH_COATED_OSMIUM,0,203500,-1.0,0.0,-0.24624624624624625,1.4021658725121953
ASH_COATED_OSMIUM,0,203600,-1.0,0.5,-0.24624624624624625,1.4021658725121953
ASH_COATED_OSMIUM,0,204600,-1.0,0.0,-0.24624624624624625,1.4021658725121953
ASH_COATED_OSMIUM,0,204700,-1.0,0.0,-0.24624624624624625,1.4021658725121953
ASH_COATED_OSMIUM,0,204800,-1.0,0.0,-0.24624624624624625,1.4021658725121953
ASH_COATED_OSMIUM,0,204900,-1.0,0.0,-0.24624624624624625,1.4021658725121953
ASH_COATED_OSMIUM,0,205600,-1.0,0.0,-0.24624624624624625,1.4021658725121953
ASH_COATED_OSMIUM,0,205700,-1.0,-7.0,-0.24624624624624625,1.4021658725121953
ASH_COATED_OSMIUM,0,206200,-1.0,0.0,-0.24624624624624625,1.4021658725121953
ASH_COATED_OSMIUM,0,206300,-1.0,-7.0,-0.24624624624624625,1.4021658725121953
ASH_COATED_OSMIUM,0,207000,-1.0,-2.0,-0.24624624624624625,1.4021658725121953
ASH_COATED_OSMIUM,0,208400,-1.0,-1.0,-0.24624624624624625,1.4021658725121953
ASH_COATED_OSMIUM,0,208500,-1.0,-1.0,-0.24624624624624625,1.4021658725121953
ASH_COATED_OSMIUM,0,208700,-1.0,-1.0,-0.24624624624624625,1.4021658725121953
ASH_COATED_OSMIUM,0,209300,-1.0,-1.5,-0.24624624624624625,1.4021658725121953
ASH_COATED_OSMIUM,0,209600,-1.0,-1.0,-0.24624624624624625,1.4021658725121953
ASH_COATED_OSMIUM,0,210000,-1.0,0.0,-0.24624624624624625,1.4021658725121953
ASH_COATED_OSMIUM,0,210300,-1.0,0.0,-0.24624624624624625,1.4021658725121953
ASH_COATED_OSMIUM,0,210400,-1.0,1.0,-0.24624624624624625,1.4021658725121953
ASH_COATED_OSMIUM,0,211100,-1.0,-1.0,-0.24624624624624625,1.4021658725121953
ASH_COATED_OSMIUM,0,211400,-1.0,-1.0,-0.24624624624624625,1.4021658725121953
ASH_COATED_OSMIUM,0,211600,-1.0,-1.5,-0.24624624624624625,1.4021658725121953
ASH_COATED_OSMIUM,0,212200,-1.0,3.0,-0.24624624624624625,1.4021658725121953
ASH_COATED_OSMIUM,0,212900,-1.0,-0.5,-0.24624624624624625,1.4021658725121953
ASH_COATED_OSMIUM,0,213300,-1.0,-1.0,-0.24624624624624625,1.4021658725121953
ASH_COATED_OSMIUM,0,214800,-1.0,0.0,-0.24624624624624625,1.4021658725121953
ASH_COATED_OSMIUM,0,214900,-1.0,0.0,-0.24624624624624625,1.4021658725121953
ASH_COATED_OSMIUM,0,216200,-1.0,4.5,-0.24624624624624625,1.4021658725121953
ASH_COATED_OSMIUM,0,216400,-1.0,-1.0,-0.24624624624624625,1.4021658725121953
ASH_COATED_OSMIUM,0,216700,-1.0,0.0,-0.24624624624624625,1.4021658725121953
ASH_COATED_OSMIUM,0,217100,-1.0,-1.0,-0.24624624624624625,1.4021658725121953
ASH_COATED_OSMIUM,0,217300,-1.0,-1.5,-0.24624624624624625,1.4021658725121953
ASH_COATED_OSMIUM,0,217700,-1.0,-1.0,-0.24624624624624625,1.4021658725121953
ASH_COATED_OSMIUM,0,218700,-1.0,0.0,-0.24624624624624625,1.4021658725121953
ASH_COATED_OSMIUM,0,218800,-1.0,-1.0,-0.24624624624624625,1.4021658725121953
ASH_COATED_OSMIUM,0,218900,-1.0,0.0,-0.24624624624624625,1.4021658725121953
ASH_COATED_OSMIUM,0,219100,-1.0,0.0,-0.24624624624624625,1.4021658725121953
ASH_COATED_OSMIUM,0,220700,-1.0,0.0,-0.24624624624624625,1.4021658725121953
ASH_COATED_OSMIUM,0,221100,-1.0,0.0,-0.24624624624624625,1.4021658725121953
ASH_COATED_OSMIUM,0,221400,-1.0,0.0,-0.24624624624624625,1.4021658725121953
ASH_COATED_OSMIUM,0,221700,-1.0,0.0,-0.24624624624624625,1.4021658725121953
ASH_COATED_OSMIUM,0,221800,-1.0,0.0,-0.24624624624624625,1.4021658725121953
ASH_COATED_OSMIUM,0,222100,-1.0,0.0,-0.24624624624624625,1.4021658725121953
ASH_COATED_OSMIUM,0,222200,-1.0,0.0,-0.24624624624624625,1.4021658725121953
ASH_COATED_OSMIUM,0,223000,-1.0,-1.0,-0.24624624624624625,1.4021658725121953
ASH_COATED_OSMIUM,0,223500,-1.0,0.0,-0.24624624624624625,1.4021658725121953
ASH_COATED_OSMIUM,0,223600,-1.0,-6.0,-0.24624624624624625,1.4021658725121953
ASH_COATED_OSMIUM,0,224700,-1.0,1.5,-0.24624624624624625,1.4021658725121953
ASH_COATED_OSMIUM,0,224900,-1.0,1.5,-0.24624624624624625,1.4021658725121953
ASH_COATED_OSMIUM,0,226300,-1.0,0.0,-0.24624624624624625,1.4021658725121953
ASH_COATED_OSMIUM,0,227200,-1.0,-1.0,-0.24624624624624625,1.4021658725121953
ASH_COATED_OSMIUM,0,229100,-1.0,0.0,-0.24624624624624625,1.4021658725121953
ASH_COATED_OSMIUM,0,230200,-1.0,-3.0,-0.24624624624624625,1.4021658725121953
ASH_COATED_OSMIUM,0,230400,-1.0,0.0,-0.24624624624624625,1.4021658725121953
ASH_COATED_OSMIUM,0,231100,-1.0,0.0,-0.24624624624624625,1.4021658725121953
ASH_COATED_OSMIUM,0,231200,-1.0,0.0,-0.24624624624624625,1.4021658725121953
ASH_COATED_OSMIUM,0,231300,-1.0,0.0,-0.24624624624624625,1.4021658725121953
ASH_COATED_OSMIUM,0,231400,-1.0,0.0,-0.24624624624624625,1.4021658725121953
ASH_COATED_OSMIUM,0,231900,-1.0,0.0,-0.24624624624624625,1.4021658725121953
ASH_COATED_OSMIUM,0,232500,-1.0,-1.0,-0.24624624624624625,1.4021658725121953
ASH_COATED_OSMIUM,0,233600,-1.0,-1.0,-0.24624624624624625,1.4021658725121953
ASH_COATED_OSMIUM,0,234600,-1.0,-1.5,-0.24624624624624625,1.4021658725121953
ASH_COATED_OSMIUM,0,235500,-1.0,0.0,-0.24624624624624625,1.4021658725121953
ASH_COATED_OSMIUM,0,236100,-1.0,0.0,-0.24624624624624625,1.4021658725121953
ASH_COATED_OSMIUM,0,236200,-1.0,1.0,-0.24624624624624625,1.4021658725121953
ASH_COATED_OSMIUM,0,236600,-1.0,-1.0,-0.24624624624624625,1.4021658725121953
ASH_COATED_OSMIUM,0,237800,-1.0,-2.0,-0.24624624624624625,1.4021658725121953
ASH_COATED_OSMIUM,0,238000,-1.0,-1.0,-0.24624624624624625,1.4021658725121953
ASH_COATED_OSMIUM,0,238600,-1.0,0.5,-0.24624624624624625,1.4021658725121953
ASH_COATED_OSMIUM,0,239500,-1.0,-1.5,-0.24624624624624625,1.4021658725121953
ASH_COATED_OSMIUM,0,240200,-1.0,0.0,-0.24624624624624625,1.4021658725121953
ASH_COATED_OSMIUM,0,240700,-1.0,-1.0,-0.24624624624624625,1.4021658725121953
ASH_COATED_OSMIUM,0,241000,-1.0,0.0,-0.24624624624624625,1.4021658725121953
ASH_COATED_OSMIUM,0,241100,-1.0,-1.0,-0.24624624624624625,1.4021658725121953
ASH_COATED_OSMIUM,0,241900,-1.0,0.0,-0.24624624624624625,1.4021658725121953
ASH_COATED_OSMIUM,0,242000,-1.0,-5.0,-0.24624624624624625,1.4021658725121953
ASH_COATED_OSMIUM,0,244900,-1.0,0.0,-0.24624624624624625,1.4021658725121953
ASH_COATED_OSMIUM,0,245600,-1.0,-2.0,-0.24624624624624625,1.4021658725121953
ASH_COATED_OSMIUM,0,246100,-1.0,0.0,-0.24624624624624625,1.4021658725121953
ASH_COATED_OSMIUM,0,246200,-1.0,0.5,-0.24624624624624625,1.4021658725121953
ASH_COATED_OSMIUM,0,247600,-1.0,-1.0,-0.24624624624624625,1.4021658725121953
ASH_COATED_OSMIUM,0,248800,-1.0,-1.5,-0.24624624624624625,1.4021658725121953
ASH_COATED_OSMIUM,0,250700,-1.0,0.0,-0.24624624624624625,1.4021658725121953
ASH_COATED_OSMIUM,0,250800,-1.0,0.0,-0.24624624624624625,1.4021658725121953
ASH_COATED_OSMIUM,0,251200,-1.0,-1.5,-0.24624624624624625,1.4021658725121953
ASH_COATED_OSMIUM,0,251400,-1.0,-2.0,-0.24624624624624625,1.4021658725121953
ASH_COATED_OSMIUM,0,251900,-1.0,0.0,-0.24624624624624625,1.4021658725121953
ASH_COATED_OSMIUM,0,253100,-1.0,0.0,-0.24624624624624625,1.4021658725121953
ASH_COATED_OSMIUM,0,253300,-1.0,0.0,-0.24624624624624625,1.4021658725121953
ASH_COATED_OSMIUM,0,253400,-1.0,0.0,-0.24624624624624625,1.4021658725121953
ASH_COATED_OSMIUM,0,253500,-1.0,0.0,-0.24624624624624625,1.4021658725121953
ASH_COATED_OSMIUM,0,253900,-1.0,0.0,-0.24624624624624625,1.4021658725121953
ASH_COATED_OSMIUM,0,254400,-1.0,-0.5,-0.24624624624624625,1.4021658725121953
ASH_COATED_OSMIUM,0,256200,-1.0,0.0,-0.24624624624624625,1.4021658725121953
ASH_COATED_OSMIUM,0,256300,-1.0,1.0,-0.24624624624624625,1.4021658725121953
ASH_COATED_OSMIUM,0,256700,-1.0,0.0,-0.24624624624624625,1.4021658725121953
ASH_COATED_OSMIUM,0,257400,-1.0,1.0,-0.24624624624624625,1.4021658725121953
ASH_COATED_OSMIUM,0,258500,-1.0,1.0,-0.24624624624624625,1.4021658725121953
ASH_COATED_OSMIUM,0,258700,-1.0,0.0,-0.24624624624624625,1.4021658725121953
ASH_COATED_OSMIUM,0,259100,-1.0,-0.5,-0.24624624624624625,1.4021658725121953
ASH_COATED_OSMIUM,0,259600,-1.0,-1.0,-0.24624624624624625,1.4021658725121953
ASH_COATED_OSMIUM,0,263700,-1.0,1.0,-0.24624624624624625,1.4021658725121953
ASH_COATED_OSMIUM,0,264700,-1.0,-1.0,-0.24624624624624625,1.4021658725121953
ASH_COATED_OSMIUM,0,265400,-1.0,0.0,-0.24624624624624625,1.4021658725121953
ASH_COATED_OSMIUM,0,266200,-1.0,0.0,-0.24624624624624625,1.4021658725121953
ASH_COATED_OSMIUM,0,266300,-1.0,1.0,-0.24624624624624625,1.4021658725121953
ASH_COATED_OSMIUM,0,266900,-1.0,-1.0,-0.24624624624624625,1.4021658725121953
ASH_COATED_OSMIUM,0,268000,-1.0,1.0,-0.24624624624624625,1.4021658725121953
ASH_COATED_OSMIUM,0,268900,-1.0,0.0,-0.24624624624624625,1.4021658725121953
ASH_COATED_OSMIUM,0,269000,-1.0,-1.0,-0.24624624624624625,1.4021658725121953
ASH_COATED_OSMIUM,0,269400,-1.0,0.0,-0.24624624624624625,1.4021658725121953
ASH_COATED_OSMIUM,0,269600,-1.0,0.5,-0.24624624624624625,1.4021658725121953
ASH_COATED_OSMIUM,0,270400,-1.0,-1.5,-0.24624624624624625,1.4021658725121953
ASH_COATED_OSMIUM,0,270700,-1.0,0.0,-0.24624624624624625,1.4021658725121953
ASH_COATED_OSMIUM,0,270800,-1.0,0.0,-0.24624624624624625,1.4021658725121953
ASH_COATED_OSMIUM,0,271100,-1.0,3.5,-0.24624624624624625,1.4021658725121953
ASH_COATED_OSMIUM,0,271600,-1.0,0.0,-0.24624624624624625,1.4021658725121953
ASH_COATED_OSMIUM,0,272100,-1.0,0.0,-0.24624624624624625,1.4021658725121953
ASH_COATED_OSMIUM,0,272900,-1.0,0.0,-0.24624624624624625,1.4021658725121953
ASH_COATED_OSMIUM,0,273000,-1.0,-1.0,-0.24624624624624625,1.4021658725121953
ASH_COATED_OSMIUM,0,273700,-1.0,0.0,-0.24624624624624625,1.4021658725121953
ASH_COATED_OSMIUM,0,273800,-1.0,0.0,-0.24624624624624625,1.4021658725121953
ASH_COATED_OSMIUM,0,273900,-1.0,0.0,-0.24624624624624625,1.4021658725121953
ASH_COATED_OSMIUM,0,275300,-1.0,0.0,-0.24624624624624625,1.4021658725121953
ASH_COATED_OSMIUM,0,275400,-1.0,0.0,-0.24624624624624625,1.4021658725121953
ASH_COATED_OSMIUM,0,275800,-1.0,0.0,-0.24624624624624625,1.4021658725121953
ASH_COATED_OSMIUM,0,276100,-1.0,0.0,-0.24624624624624625,1.4021658725121953
ASH_COATED_OSMIUM,0,276200,-1.0,0.0,-0.24624624624624625,1.4021658725121953
ASH_COATED_OSMIUM,0,276300,-1.0,-1.0,-0.24624624624624625,1.4021658725121953
ASH_COATED_OSMIUM,0,276800,-1.0,-1.0,-0.24624624624624625,1.4021658725121953
ASH_COATED_OSMIUM,0,277500,-1.0,0.0,-0.24624624624624625,1.4021658725121953
ASH_COATED_OSMIUM,0,277700,-1.0,-1.5,-0.24624624624624625,1.4021658725121953
ASH_COATED_OSMIUM,0,277900,-1.0,-1.5,-0.24624624624624625,1.4021658725121953
ASH_COATED_OSMIUM,0,278800,-1.0,-1.0,-0.24624624624624625,1.4021658725121953
ASH_COATED_OSMIUM,0,279200,-1.0,1.0,-0.24624624624624625,1.4021658725121953
ASH_COATED_OSMIUM,0,279500,-1.0,0.0,-0.24624624624624625,1.4021658725121953
ASH_COATED_OSMIUM,0,279600,-1.0,0.5,-0.24624624624624625,1.4021658725121953
ASH_COATED_OSMIUM,0,279900,-1.0,-1.0,-0.24624624624624625,1.4021658725121953
ASH_COATED_OSMIUM,0,280100,-1.0,0.0,-0.24624624624624625,1.4021658725121953
ASH_COATED_OSMIUM,0,280600,-1.0,-1.0,-0.24624624624624625,1.4021658725121953
ASH_COATED_OSMIUM,0,281100,-1.0,0.0,-0.24624624624624625,1.4021658725121953
ASH_COATED_OSMIUM,0,281400,-1.0,0.0,-0.24624624624624625,1.4021658725121953
ASH_COATED_OSMIUM,0,281600,-1.0,0.0,-0.24624624624624625,1.4021658725121953
ASH_COATED_OSMIUM,0,281900,-1.0,5.5,-0.24624624624624625,1.4021658725121953
ASH_COATED_OSMIUM,0,282600,-1.0,0.0,-0.24624624624624625,1.4021658725121953
ASH_COATED_OSMIUM,0,282700,-1.0,-2.0,-0.24624624624624625,1.4021658725121953
ASH_COATED_OSMIUM,0,283400,-1.0,-2.0,-0.24624624624624625,1.4021658725121953
ASH_COATED_OSMIUM,0,284200,-1.0,-1.0,-0.24624624624624625,1.4021658725121953
ASH_COATED_OSMIUM,0,285000,-1.0,0.0,-0.24624624624624625,1.4021658725121953
ASH_COATED_OSMIUM,0,285100,-1.0,0.0,-0.24624624624624625,1.4021658725121953
ASH_COATED_OSMIUM,0,285700,-1.0,0.0,-0.24624624624624625,1.4021658725121953
ASH_COATED_OSMIUM,0,285800,-1.0,0.0,-0.24624624624624625,1.4021658725121953
ASH_COATED_OSMIUM,0,286000,-1.0,-1.0,-0.24624624624624625,1.4021658725121953
ASH_COATED_OSMIUM,0,286200,-1.0,-1.0,-0.24624624624624625,1.4021658725121953
ASH_COATED_OSMIUM,0,286800,-1.0,-3.5,-0.24624624624624625,1.4021658725121953
ASH_COATED_OSMIUM,0,288400,-1.0,0.0,-0.24624624624624625,1.4021658725121953
ASH_COATED_OSMIUM,0,288500,-1.0,1.0,-0.24624624624624625,1.4021658725121953
ASH_COATED_OSMIUM,0,288900,-1.0,-1.0,-0.24624624624624625,1.4021658725121953
ASH_COATED_OSMIUM,0,291600,-1.0,0.0,-0.24624624624624625,1.4021658725121953
ASH_COATED_OSMIUM,0,292500,-1.0,-1.0,-0.24624624624624625,1.4021658725121953
ASH_COATED_OSMIUM,0,293000,-1.0,-1.0,-0.24624624624624625,1.4021658725121953
ASH_COATED_OSMIUM,0,293500,-1.0,0.0,-0.24624624624624625,1.4021658725121953
ASH_COATED_OSMIUM,0,293600,-1.0,-1.5,-0.24624624624624625,1.4021658725121953
ASH_COATED_OSMIUM,0,293800,-1.0,-0.5,-0.24624624624624625,1.4021658725121953
ASH_COATED_OSMIUM,0,296300,-1.0,1.0,-0.24624624624624625,1.4021658725121953
ASH_COATED_OSMIUM,0,296500,-1.0,1.0,-0.24624624624624625,1.4021658725121953
ASH_COATED_OSMIUM,0,297300,-1.0,-1.5,-0.24624624624624625,1.4021658725121953
ASH_COATED_OSMIUM,0,297700,-1.0,0.0,-0.24624624624624625,1.4021658725121953
ASH_COATED_OSMIUM,0,298000,-1.0,-0.5,-0.24624624624624625,1.4021658725121953
ASH_COATED_OSMIUM,0,298400,-1.0,0.5,-0.24624624624624625,1.4021658725121953
ASH_COATED_OSMIUM,0,298700,-1.0,-2.0,-0.24624624624624625,1.4021658725121953
ASH_COATED_OSMIUM,0,299200,-1.0,5.5,-0.24624624624624625,1.4021658725121953
ASH_COATED_OSMIUM,0,300900,-1.0,0.0,-0.24624624624624625,1.4021658725121953
ASH_COATED_OSMIUM,0,301000,-1.0,-4.0,-0.24624624624624625,1.4021658725121953
ASH_COATED_OSMIUM,0,301200,-1.0,-1.0,-0.24624624624624625,1.4021658725121953
ASH_COATED_OSMIUM,0,301600,-1.0,-6.0,-0.24624624624624625,1.4021658725121953
ASH_COATED_OSMIUM,0,302300,-1.0,0.0,-0.24624624624624625,1.4021658725121953
ASH_COATED_OSMIUM,0,303200,-1.0,-1.0,-0.24624624624624625,1.4021658725121953
ASH_COATED_OSMIUM,0,304500,-1.0,0.0,-0.24624624624624625,1.4021658725121953
ASH_COATED_OSMIUM,0,305300,-1.0,1.5,-0.24624624624624625,1.4021658725121953
ASH_COATED_OSMIUM,0,305500,-1.0,-0.5,-0.24624624624624625,1.4021658725121953
ASH_COATED_OSMIUM,0,306400,-1.0,0.0,-0.24624624624624625,1.4021658725121953
ASH_COATED_OSMIUM,0,306500,-1.0,-1.0,-0.24624624624624625,1.4021658725121953
ASH_COATED_OSMIUM,0,306700,-1.0,-1.0,-0.24624624624624625,1.4021658725121953
ASH_COATED_OSMIUM,0,307000,-1.0,0.0,-0.24624624624624625,1.4021658725121953
ASH_COATED_OSMIUM,0,308200,-1.0,-1.0,-0.24624624624624625,1.4021658725121953
ASH_COATED_OSMIUM,0,308600,-1.0,-1.5,-0.24624624624624625,1.4021658725121953
ASH_COATED_OSMIUM,0,309800,-1.0,4.5,-0.24624624624624625,1.4021658725121953
ASH_COATED_OSMIUM,0,310000,-1.0,4.5,-0.24624624624624625,1.4021658725121953
ASH_COATED_OSMIUM,0,313400,-1.0,1.0,-0.24624624624624625,1.4021658725121953
ASH_COATED_OSMIUM,0,315000,-1.0,0.0,-0.24624624624624625,1.4021658725121953
ASH_COATED_OSMIUM,0,316200,-1.0,1.5,-0.24624624624624625,1.4021658725121953
ASH_COATED_OSMIUM,0,317600,-1.0,0.0,-0.24624624624624625,1.4021658725121953
ASH_COATED_OSMIUM,0,317700,-1.0,1.0,-0.24624624624624625,1.4021658725121953
ASH_COATED_OSMIUM,0,318000,-1.0,0.0,-0.24624624624624625,1.4021658725121953
ASH_COATED_OSMIUM,0,318300,-1.0,2.5,-0.24624624624624625,1.4021658725121953
ASH_COATED_OSMIUM,0,318700,-1.0,0.0,-0.24624624624624625,1.4021658725121953
ASH_COATED_OSMIUM,0,319000,-1.0,-1.0,-0.24624624624624625,1.4021658725121953
ASH_COATED_OSMIUM,0,319500,-1.0,0.0,-0.24624624624624625,1.4021658725121953
ASH_COATED_OSMIUM,0,319600,-1.0,-1.5,-0.24624624624624625,1.4021658725121953
ASH_COATED_OSMIUM,0,320200,-1.0,-1.0,-0.24624624624624625,1.4021658725121953
ASH_COATED_OSMIUM,0,324300,-1.0,-1.0,-0.24624624624624625,1.4021658725121953
ASH_COATED_OSMIUM,0,324700,-1.0,1.5,-0.24624624624624625,1.4021658725121953
ASH_COATED_OSMIUM,0,325000,-1.0,-2.0,-0.24624624624624625,1.4021658725121953
ASH_COATED_OSMIUM,0,325600,-1.0,0.0,-0.24624624624624625,1.4021658725121953
ASH_COATED_OSMIUM,0,325700,-1.0,-1.0,-0.24624624624624625,1.4021658725121953
ASH_COATED_OSMIUM,0,326400,-1.0,0.0,-0.24624624624624625,1.4021658725121953
ASH_COATED_OSMIUM,0,326600,-1.0,0.0,-0.24624624624624625,1.4021658725121953
ASH_COATED_OSMIUM,0,326700,-1.0,-1.0,-0.24624624624624625,1.4021658725121953
ASH_COATED_OSMIUM,0,327100,-1.0,-1.0,-0.24624624624624625,1.4021658725121953
ASH_COATED_OSMIUM,0,328900,-1.0,0.0,-0.24624624624624625,1.4021658725121953
ASH_COATED_OSMIUM,0,329400,-1.0,2.5,-0.24624624624624625,1.4021658725121953
ASH_COATED_OSMIUM,0,330300,-1.0,0.0,-0.24624624624624625,1.4021658725121953
ASH_COATED_OSMIUM,0,330400,-1.0,0.0,-0.24624624624624625,1.4021658725121953
ASH_COATED_OSMIUM,0,330500,-1.0,-5.0,-0.24624624624624625,1.4021658725121953
ASH_COATED_OSMIUM,0,331500,-1.0,0.0,-0.24624624624624625,1.4021658725121953
ASH_COATED_OSMIUM,0,331700,-1.0,0.0,-0.24624624624624625,1.4021658725121953
ASH_COATED_OSMIUM,0,332500,-1.0,0.0,-0.24624624624624625,1.4021658725121953
ASH_COATED_OSMIUM,0,333600,-1.0,1.0,-0.24624624624624625,1.4021658725121953
ASH_COATED_OSMIUM,0,333900,-1.0,1.0,-0.24624624624624625,1.4021658725121953
ASH_COATED_OSMIUM,0,334700,-1.0,0.0,-0.24624624624624625,1.4021658725121953
ASH_COATED_OSMIUM,0,335200,-1.0,0.0,-0.24624624624624625,1.4021658725121953
ASH_COATED_OSMIUM,0,336300,-1.0,0.0,-0.24624624624624625,1.4021658725121953
ASH_COATED_OSMIUM,0,336400,-1.0,-1.0,-0.24624624624624625,1.4021658725121953
ASH_COATED_OSMIUM,0,336700,-1.0,-1.0,-0.24624624624624625,1.4021658725121953
ASH_COATED_OSMIUM,0,337900,-1.0,-1.5,-0.24624624624624625,1.4021658725121953
ASH_COATED_OSMIUM,0,338800,-1.0,-1.5,-0.24624624624624625,1.4021658725121953
ASH_COATED_OSMIUM,0,340700,-1.0,0.0,-0.24624624624624625,1.4021658725121953
ASH_COATED_OSMIUM,0,340800,-1.0,4.5,-0.24624624624624625,1.4021658725121953
ASH_COATED_OSMIUM,0,341200,-1.0,0.0,-0.24624624624624625,1.4021658725121953
ASH_COATED_OSMIUM,0,341300,-1.0,0.0,-0.24624624624624625,1.4021658725121953
ASH_COATED_OSMIUM,0,342400,-1.0,0.0,-0.24624624624624625,1.4021658725121953
ASH_COATED_OSMIUM,0,342500,-1.0,0.0,-0.24624624624624625,1.4021658725121953
ASH_COATED_OSMIUM,0,343700,-1.0,1.5,-0.24624624624624625,1.4021658725121953
ASH_COATED_OSMIUM,0,343900,-1.0,-1.5,-0.24624624624624625,1.4021658725121953
ASH_COATED_OSMIUM,0,344400,-1.0,0.0,-0.24624624624624625,1.4021658725121953
ASH_COATED_OSMIUM,0,344600,-1.0,0.5,-0.24624624624624625,1.4021658725121953
ASH_COATED_OSMIUM,0,346000,-1.0,0.0,-0.24624624624624625,1.4021658725121953
ASH_COATED_OSMIUM,0,346400,-1.0,0.0,-0.24624624624624625,1.4021658725121953
ASH_COATED_OSMIUM,0,348200,-1.0,0.0,-0.24624624624624625,1.4021658725121953
ASH_COATED_OSMIUM,0,348900,-1.0,-1.5,-0.24624624624624625,1.4021658725121953
ASH_COATED_OSMIUM,0,349300,-1.0,5.5,-0.24624624624624625,1.4021658725121953
ASH_COATED_OSMIUM,0,350900,-1.0,0.0,-0.24624624624624625,1.4021658725121953
ASH_COATED_OSMIUM,0,351000,-1.0,0.0,-0.24624624624624625,1.4021658725121953
ASH_COATED_OSMIUM,0,351500,-1.0,-1.0,-0.24624624624624625,1.4021658725121953
ASH_COATED_OSMIUM,0,352200,-1.0,0.0,-0.24624624624624625,1.4021658725121953
ASH_COATED_OSMIUM,0,352300,-1.0,-1.0,-0.24624624624624625,1.4021658725121953
ASH_COATED_OSMIUM,0,353200,-1.0,0.5,-0.24624624624624625,1.4021658725121953
ASH_COATED_OSMIUM,0,354200,-1.0,0.0,-0.24624624624624625,1.4021658725121953
ASH_COATED_OSMIUM,0,354600,-1.0,1.5,-0.24624624624624625,1.4021658725121953
ASH_COATED_OSMIUM,0,355100,-1.0,-1.0,-0.24624624624624625,1.4021658725121953
ASH_COATED_OSMIUM,0,355900,-1.0,-1.0,-0.24624624624624625,1.4021658725121953
ASH_COATED_OSMIUM,0,356500,-1.0,0.0,-0.24624624624624625,1.4021658725121953
ASH_COATED_OSMIUM,0,357300,-1.0,0.0,-0.24624624624624625,1.4021658725121953
ASH_COATED_OSMIUM,0,357400,-1.0,0.0,-0.24624624624624625,1.4021658725121953
ASH_COATED_OSMIUM,0,357500,-1.0,-1.0,-0.24624624624624625,1.4021658725121953
ASH_COATED_OSMIUM,0,357800,-1.0,-3.5,-0.24624624624624625,1.4021658725121953
ASH_COATED_OSMIUM,0,359500,-1.0,0.0,-0.24624624624624625,1.4021658725121953
ASH_COATED_OSMIUM,0,362000,-1.0,0.0,-0.24624624624624625,1.4021658725121953
ASH_COATED_OSMIUM,0,365500,-1.0,0.0,-0.24624624624624625,1.4021658725121953
ASH_COATED_OSMIUM,0,366800,-1.0,0.0,-0.24624624624624625,1.4021658725121953
ASH_COATED_OSMIUM,0,366900,-1.0,0.0,-0.24624624624624625,1.4021658725121953
ASH_COATED_OSMIUM,0,368500,-1.0,-1.0,-0.24624624624624625,1.4021658725121953
ASH_COATED_OSMIUM,0,369300,-1.0,0.0,-0.24624624624624625,1.4021658725121953
ASH_COATED_OSMIUM,0,371000,-1.0,-1.0,-0.24624624624624625,1.4021658725121953
ASH_COATED_OSMIUM,0,371300,-1.0,1.5,-0.24624624624624625,1.4021658725121953
ASH_COATED_OSMIUM,0,373000,-1.0,-1.0,-0.24624624624624625,1.4021658725121953
ASH_COATED_OSMIUM,0,373900,-1.0,0.0,-0.24624624624624625,1.4021658725121953
ASH_COATED_OSMIUM,0,374000,-1.0,0.0,-0.24624624624624625,1.4021658725121953
ASH_COATED_OSMIUM,0,374100,-1.0,-1.0,-0.24624624624624625,1.4021658725121953
ASH_COATED_OSMIUM,0,374500,-1.0,-6.0,-0.24624624624624625,1.4021658725121953
ASH_COATED_OSMIUM,0,375000,-1.0,-0.5,-0.24624624624624625,1.4021658725121953
ASH_COATED_OSMIUM,0,375200,-1.0,0.0,-0.24624624624624625,1.4021658725121953
ASH_COATED_OSMIUM,0,375300,-1.0,-1.0,-0.24624624624624625,1.4021658725121953
ASH_COATED_OSMIUM,0,375700,-1.0,0.0,-0.24624624624624625,1.4021658725121953
ASH_COATED_OSMIUM,0,377100,-1.0,-1.0,-0.24624624624624625,1.4021658725121953
ASH_COATED_OSMIUM,0,377900,-1.0,1.0,-0.24624624624624625,1.4021658725121953
ASH_COATED_OSMIUM,0,379200,-1.0,-2.0,-0.24624624624624625,1.4021658725121953
ASH_COATED_OSMIUM,0,379800,-1.0,-2.0,-0.24624624624624625,1.4021658725121953
ASH_COATED_OSMIUM,0,380400,-1.0,0.0,-0.24624624624624625,1.4021658725121953
ASH_COATED_OSMIUM,0,380700,-1.0,0.0,-0.24624624624624625,1.4021658725121953
ASH_COATED_OSMIUM,0,380800,-1.0,0.0,-0.24624624624624625,1.4021658725121953
ASH_COATED_OSMIUM,0,381100,-1.0,1.5,-0.24624624624624625,1.4021658725121953
ASH_COATED_OSMIUM,0,381300,-1.0,0.0,-0.24624624624624625,1.4021658725121953
ASH_COATED_OSMIUM,0,382000,-1.0,-1.0,-0.24624624624624625,1.4021658725121953
ASH_COATED_OSMIUM,0,382200,-1.0,0.0,-0.24624624624624625,1.4021658725121953
ASH_COATED_OSMIUM,0,382700,-1.0,-1.0,-0.24624624624624625,1.4021658725121953
ASH_COATED_OSMIUM,0,382900,-1.0,4.5,-0.24624624624624625,1.4021658725121953
ASH_COATED_OSMIUM,0,384000,-1.0,0.0,-0.24624624624624625,1.4021658725121953
ASH_COATED_OSMIUM,0,385200,-1.0,-1.5,-0.24624624624624625,1.4021658725121953
ASH_COATED_OSMIUM,0,385800,-1.0,0.0,-0.24624624624624625,1.4021658725121953
ASH_COATED_OSMIUM,0,386200,-1.0,-1.0,-0.24624624624624625,1.4021658725121953
ASH_COATED_OSMIUM,0,387100,-1.0,1.0,-0.24624624624624625,1.4021658725121953
ASH_COATED_OSMIUM,0,390200,-1.0,0.0,-0.24624624624624625,1.4021658725121953
ASH_COATED_OSMIUM,0,390300,-1.0,-1.0,-0.24624624624624625,1.4021658725121953
ASH_COATED_OSMIUM,0,390600,-1.0,0.0,-0.24624624624624625,1.4021658725121953
ASH_COATED_OSMIUM,0,392800,-1.0,0.0,-0.24624624624624625,1.4021658725121953
ASH_COATED_OSMIUM,0,392900,-1.0,-1.0,-0.24624624624624625,1.4021658725121953
ASH_COATED_OSMIUM,0,393900,-1.0,0.0,-0.24624624624624625,1.4021658725121953
ASH_COATED_OSMIUM,0,394800,-1.0,0.0,-0.24624624624624625,1.4021658725121953
ASH_COATED_OSMIUM,0,395200,-1.0,-1.0,-0.24624624624624625,1.4021658725121953
ASH_COATED_OSMIUM,0,396500,-1.0,0.0,-0.24624624624624625,1.4021658725121953
ASH_COATED_OSMIUM,0,396900,-1.0,0.0,-0.24624624624624625,1.4021658725121953
ASH_COATED_OSMIUM,0,397200,-1.0,-2.0,-0.24624624624624625,1.4021658725121953
ASH_COATED_OSMIUM,0,397900,-1.0,-1.5,-0.24624624624624625,1.4021658725121953
ASH_COATED_OSMIUM,0,398600,-1.0,0.0,-0.24624624624624625,1.4021658725121953
ASH_COATED_OSMIUM,0,398900,-1.0,-1.0,-0.24624624624624625,1.4021658725121953
ASH_COATED_OSMIUM,0,399500,-1.0,0.0,-0.24624624624624625,1.4021658725121953
ASH_COATED_OSMIUM,0,399600,-1.0,0.0,-0.24624624624624625,1.4021658725121953
ASH_COATED_OSMIUM,0,400300,-1.0,-1.0,-0.24624624624624625,1.4021658725121953
ASH_COATED_OSMIUM,0,400600,-1.0,-1.0,-0.24624624624624625,1.4021658725121953
ASH_COATED_OSMIUM,0,401200,-1.0,0.0,-0.24624624624624625,1.4021658725121953
ASH_COATED_OSMIUM,0,402400,-1.0,-1.0,-0.24624624624624625,1.4021658725121953
ASH_COATED_OSMIUM,0,402900,-1.0,0.0,-0.24624624624624625,1.4021658725121953
ASH_COATED_OSMIUM,0,403000,-1.0,1.0,-0.24624624624624625,1.4021658725121953
ASH_COATED_OSMIUM,0,403200,-1.0,-1.5,-0.24624624624624625,1.4021658725121953
ASH_COATED_OSMIUM,0,403400,-1.0,0.5,-0.24624624624624625,1.4021658725121953
ASH_COATED_OSMIUM,0,403600,-1.0,-1.0,-0.24624624624624625,1.4021658725121953
ASH_COATED_OSMIUM,0,404000,-1.0,1.0,-0.24624624624624625,1.4021658725121953
ASH_COATED_OSMIUM,0,405000,-1.0,-0.5,-0.24624624624624625,1.4021658725121953
ASH_COATED_OSMIUM,0,405600,-1.0,0.0,-0.24624624624624625,1.4021658725121953
ASH_COATED_OSMIUM,0,405700,-1.0,-0.5,-0.24624624624624625,1.4021658725121953
ASH_COATED_OSMIUM,0,407900,-1.0,0.0,-0.24624624624624625,1.4021658725121953
ASH_COATED_OSMIUM,0,408000,-1.0,0.0,-0.24624624624624625,1.4021658725121953
ASH_COATED_OSMIUM,0,408400,-1.0,-4.0,-0.24624624624624625,1.4021658725121953
ASH_COATED_OSMIUM,0,408600,-1.0,0.0,-0.24624624624624625,1.4021658725121953
ASH_COATED_OSMIUM,0,408800,-1.0,0.0,-0.24624624624624625,1.4021658725121953
ASH_COATED_OSMIUM,0,408900,-1.0,1.0,-0.24624624624624625,1.4021658725121953
ASH_COATED_OSMIUM,0,410000,-1.0,-1.0,-0.24624624624624625,1.4021658725121953
ASH_COATED_OSMIUM,0,410300,-1.0,0.0,-0.24624624624624625,1.4021658725121953
ASH_COATED_OSMIUM,0,410400,-1.0,1.0,-0.24624624624624625,1.4021658725121953
ASH_COATED_OSMIUM,0,411000,-1.0,0.0,-0.24624624624624625,1.4021658725121953
ASH_COATED_OSMIUM,0,411100,-1.0,0.0,-0.24624624624624625,1.4021658725121953
ASH_COATED_OSMIUM,0,411300,-1.0,0.0,-0.24624624624624625,1.4021658725121953
ASH_COATED_OSMIUM,0,411800,-1.0,-1.0,-0.24624624624624625,1.4021658725121953
ASH_COATED_OSMIUM,0,413400,-1.0,-1.0,-0.24624624624624625,1.4021658725121953
ASH_COATED_OSMIUM,0,414100,-1.0,-5.5,-0.24624624624624625,1.4021658725121953
ASH_COATED_OSMIUM,0,414400,-1.0,0.0,-0.24624624624624625,1.4021658725121953
ASH_COATED_OSMIUM,0,414500,-1.0,0.0,-0.24624624624624625,1.4021658725121953
ASH_COATED_OSMIUM,0,414700,-1.0,-1.0,-0.24624624624624625,1.4021658725121953
ASH_COATED_OSMIUM,0,414900,-1.0,0.0,-0.24624624624624625,1.4021658725121953
ASH_COATED_OSMIUM,0,415200,-1.0,-1.0,-0.24624624624624625,1.4021658725121953
ASH_COATED_OSMIUM,0,416100,-1.0,0.0,-0.24624624624624625,1.4021658725121953
ASH_COATED_OSMIUM,0,416200,-1.0,-1.0,-0.24624624624624625,1.4021658725121953
ASH_COATED_OSMIUM,0,417300,-1.0,0.5,-0.24624624624624625,1.4021658725121953
ASH_COATED_OSMIUM,0,417500,-1.0,1.0,-0.24624624624624625,1.4021658725121953
ASH_COATED_OSMIUM,0,418100,-1.0,-1.0,-0.24624624624624625,1.4021658725121953
ASH_COATED_OSMIUM,0,421100,-1.0,-1.0,-0.24624624624624625,1.4021658725121953
ASH_COATED_OSMIUM,0,422400,-1.0,0.0,-0.24624624624624625,1.4021658725121953
ASH_COATED_OSMIUM,0,422500,-1.0,1.0,-0.24624624624624625,1.4021658725121953
ASH_COATED_OSMIUM,0,422900,-1.0,0.0,-0.24624624624624625,1.4021658725121953
ASH_COATED_OSMIUM,0,423200,-1.0,-1.0,-0.24624624624624625,1.4021658725121953
ASH_COATED_OSMIUM,0,423400,-1.0,-1.5,-0.24624624624624625,1.4021658725121953
ASH_COATED_OSMIUM,0,423600,-1.0,-1.0,-0.24624624624624625,1.4021658725121953
ASH_COATED_OSMIUM,0,423800,-1.0,0.0,-0.24624624624624625,1.4021658725121953
ASH_COATED_OSMIUM,0,424200,-1.0,0.0,-0.24624624624624625,1.4021658725121953
ASH_COATED_OSMIUM,0,424300,-1.0,-1.0,-0.24624624624624625,1.4021658725121953
ASH_COATED_OSMIUM,0,424800,-1.0,0.0,-0.24624624624624625,1.4021658725121953
ASH_COATED_OSMIUM,0,424900,-1.0,0.0,-0.24624624624624625,1.4021658725121953
ASH_COATED_OSMIUM,0,425000,-1.0,0.0,-0.24624624624624625,1.4021658725121953
ASH_COATED_OSMIUM,0,425100,-1.0,-0.5,-0.24624624624624625,1.4021658725121953
ASH_COATED_OSMIUM,0,426100,-1.0,-1.0,-0.24624624624624625,1.4021658725121953
ASH_COATED_OSMIUM,0,427500,-1.0,4.5,-0.24624624624624625,1.4021658725121953
ASH_COATED_OSMIUM,0,428100,-1.0,0.0,-0.24624624624624625,1.4021658725121953
ASH_COATED_OSMIUM,0,428600,-1.0,-1.0,-0.24624624624624625,1.4021658725121953
ASH_COATED_OSMIUM,0,428900,-1.0,0.0,-0.24624624624624625,1.4021658725121953
ASH_COATED_OSMIUM,0,430400,-1.0,0.0,-0.24624624624624625,1.4021658725121953
ASH_COATED_OSMIUM,0,431400,-1.0,-0.5,-0.24624624624624625,1.4021658725121953
ASH_COATED_OSMIUM,0,431800,-1.0,0.0,-0.24624624624624625,1.4021658725121953
ASH_COATED_OSMIUM,0,431900,-1.0,0.0,-0.24624624624624625,1.4021658725121953
ASH_COATED_OSMIUM,0,432000,-1.0,0.0,-0.24624624624624625,1.4021658725121953
ASH_COATED_OSMIUM,0,432700,-1.0,0.0,-0.24624624624624625,1.4021658725121953
ASH_COATED_OSMIUM,0,433700,-1.0,0.0,-0.24624624624624625,1.4021658725121953
ASH_COATED_OSMIUM,0,434200,-1.0,0.0,-0.24624624624624625,1.4021658725121953
ASH_COATED_OSMIUM,0,437900,-1.0,0.0,-0.24624624624624625,1.4021658725121953
ASH_COATED_OSMIUM,0,438000,-1.0,0.0,-0.24624624624624625,1.4021658725121953
ASH_COATED_OSMIUM,0,438100,-1.0,0.0,-0.24624624624624625,1.4021658725121953
ASH_COATED_OSMIUM,0,438400,-1.0,0.0,-0.24624624624624625,1.4021658725121953
ASH_COATED_OSMIUM,0,438500,-1.0,0.0,-0.24624624624624625,1.4021658725121953
ASH_COATED_OSMIUM,0,438700,-1.0,0.0,-0.24624624624624625,1.4021658725121953
ASH_COATED_OSMIUM,0,439600,-1.0,0.0,-0.24624624624624625,1.4021658725121953
ASH_COATED_OSMIUM,0,441100,-1.0,1.0,-0.24624624624624625,1.4021658725121953
ASH_COATED_OSMIUM,0,442600,-1.0,1.0,-0.24624624624624625,1.4021658725121953
ASH_COATED_OSMIUM,0,443000,-1.0,-1.0,-0.24624624624624625,1.4021658725121953
ASH_COATED_OSMIUM,0,444200,-1.0,0.0,-0.24624624624624625,1.4021658725121953
ASH_COATED_OSMIUM,0,444400,-1.0,0.0,-0.24624624624624625,1.4021658725121953
ASH_COATED_OSMIUM,0,445100,-1.0,1.0,-0.24624624624624625,1.4021658725121953
ASH_COATED_OSMIUM,0,447400,-1.0,-1.5,-0.24624624624624625,1.4021658725121953
ASH_COATED_OSMIUM,0,447700,-1.0,0.0,-0.24624624624624625,1.4021658725121953
ASH_COATED_OSMIUM,0,448500,-1.0,-1.0,-0.24624624624624625,1.4021658725121953
ASH_COATED_OSMIUM,0,449100,-1.0,0.0,-0.24624624624624625,1.4021658725121953
ASH_COATED_OSMIUM,0,449300,-1.0,-1.0,-0.24624624624624625,1.4021658725121953
ASH_COATED_OSMIUM,0,449500,-1.0,3.5,-0.24624624624624625,1.4021658725121953
ASH_COATED_OSMIUM,0,449900,-1.0,0.0,-0.24624624624624625,1.4021658725121953
ASH_COATED_OSMIUM,0,450000,-1.0,0.0,-0.24624624624624625,1.4021658725121953
ASH_COATED_OSMIUM,0,450400,-1.0,0.0,-0.24624624624624625,1.4021658725121953
ASH_COATED_OSMIUM,0,450500,-1.0,0.0,-0.24624624624624625,1.4021658725121953
ASH_COATED_OSMIUM,0,450600,-1.0,0.0,-0.24624624624624625,1.4021658725121953
ASH_COATED_OSMIUM,0,450700,-1.0,1.0,-0.24624624624624625,1.4021658725121953
ASH_COATED_OSMIUM,0,452800,-1.0,0.0,-0.24624624624624625,1.4021658725121953
ASH_COATED_OSMIUM,0,454200,-1.0,0.0,-0.24624624624624625,1.4021658725121953
ASH_COATED_OSMIUM,0,454300,-1.0,0.0,-0.24624624624624625,1.4021658725121953
ASH_COATED_OSMIUM,0,454400,-1.0,0.0,-0.24624624624624625,1.4021658725121953
ASH_COATED_OSMIUM,0,456100,-1.0,0.0,-0.24624624624624625,1.4021658725121953
ASH_COATED_OSMIUM,0,457600,-1.0,1.0,-0.24624624624624625,1.4021658725121953
ASH_COATED_OSMIUM,0,458700,-1.0,0.0,-0.24624624624624625,1.4021658725121953
ASH_COATED_OSMIUM,0,459600,-1.0,0.0,-0.24624624624624625,1.4021658725121953
ASH_COATED_OSMIUM,0,460000,-1.0,1.5,-0.24624624624624625,1.4021658725121953
ASH_COATED_OSMIUM,0,461000,-1.0,0.0,-0.24624624624624625,1.4021658725121953
ASH_COATED_OSMIUM,0,461100,-1.0,-1.0,-0.24624624624624625,1.4021658725121953
ASH_COATED_OSMIUM,0,461600,-1.0,3.0,-0.24624624624624625,1.4021658725121953
ASH_COATED_OSMIUM,0,463700,-1.0,-1.0,-0.24624624624624625,1.4021658725121953
ASH_COATED_OSMIUM,0,463900,-1.0,-1.0,-0.24624624624624625,1.4021658725121953
ASH_COATED_OSMIUM,0,464400,-1.0,-1.0,-0.24624624624624625,1.4021658725121953
ASH_COATED_OSMIUM,0,464700,-1.0,0.0,-0.24624624624624625,1.4021658725121953
ASH_COATED_OSMIUM,0,465300,-1.0,0.0,-0.24624624624624625,1.4021658725121953
ASH_COATED_OSMIUM,0,466200,-1.0,-1.0,-0.24624624624624625,1.4021658725121953
ASH_COATED_OSMIUM,0,466600,-1.0,-1.0,-0.24624624624624625,1.4021658725121953
ASH_COATED_OSMIUM,0,466800,-1.0,-1.0,-0.24624624624624625,1.4021658725121953
ASH_COATED_OSMIUM,0,467300,-1.0,-1.5,-0.24624624624624625,1.4021658725121953
ASH_COATED_OSMIUM,0,467900,-1.0,0.0,-0.24624624624624625,1.4021658725121953
ASH_COATED_OSMIUM,0,468000,-1.0,-1.0,-0.24624624624624625,1.4021658725121953
ASH_COATED_OSMIUM,0,468900,-1.0,-1.5,-0.24624624624624625,1.4021658725121953
ASH_COATED_OSMIUM,0,469400,-1.0,0.0,-0.24624624624624625,1.4021658725121953
ASH_COATED_OSMIUM,0,469500,-1.0,-1.0,-0.24624624624624625,1.4021658725121953
ASH_COATED_OSMIUM,0,470600,-1.0,0.0,-0.24624624624624625,1.4021658725121953
ASH_COATED_OSMIUM,0,471200,-1.0,-1.5,-0.24624624624624625,1.4021658725121953
ASH_COATED_OSMIUM,0,472500,-1.0,0.0,-0.24624624624624625,1.4021658725121953
ASH_COATED_OSMIUM,0,473100,-1.0,-3.5,-0.24624624624624625,1.4021658725121953
ASH_COATED_OSMIUM,0,473500,-1.0,-5.5,-0.24624624624624625,1.4021658725121953
ASH_COATED_OSMIUM,0,473900,-1.0,0.0,-0.24624624624624625,1.4021658725121953
ASH_COATED_OSMIUM,0,474400,-1.0,-4.5,-0.24624624624624625,1.4021658725121953
ASH_COATED_OSMIUM,0,475400,-1.0,-1.0,-0.24624624624624625,1.4021658725121953
ASH_COATED_OSMIUM,0,476600,-1.0,-1.5,-0.24624624624624625,1.4021658725121953
ASH_COATED_OSMIUM,0,477600,-1.0,0.0,-0.24624624624624625,1.4021658725121953
ASH_COATED_OSMIUM,0,477800,-1.0,-1.5,-0.24624624624624625,1.4021658725121953
ASH_COATED_OSMIUM,0,478000,-1.0,0.0,-0.24624624624624625,1.4021658725121953
ASH_COATED_OSMIUM,0,478100,-1.0,-1.5,-0.24624624624624625,1.4021658725121953
ASH_COATED_OSMIUM,0,479800,-1.0,0.0,-0.24624624624624625,1.4021658725121953
ASH_COATED_OSMIUM,0,479900,-1.0,-1.0,-0.24624624624624625,1.4021658725121953
ASH_COATED_OSMIUM,0,480700,-1.0,-1.0,-0.24624624624624625,1.4021658725121953
ASH_COATED_OSMIUM,0,481100,-1.0,-1.0,-0.24624624624624625,1.4021658725121953
ASH_COATED_OSMIUM,0,483900,-1.0,0.0,-0.24624624624624625,1.4021658725121953
ASH_COATED_OSMIUM,0,485400,-1.0,-1.0,-0.24624624624624625,1.4021658725121953
ASH_COATED_OSMIUM,0,485800,-1.0,-1.0,-0.24624624624624625,1.4021658725121953
ASH_COATED_OSMIUM,0,486300,-1.0,1.5,-0.24624624624624625,1.4021658725121953
ASH_COATED_OSMIUM,0,486500,-1.0,-1.5,-0.24624624624624625,1.4021658725121953
ASH_COATED_OSMIUM,0,486900,-1.0,0.0,-0.24624624624624625,1.4021658725121953
ASH_COATED_OSMIUM,0,487100,-1.0,0.0,-0.24624624624624625,1.4021658725121953
ASH_COATED_OSMIUM,0,489000,-1.0,2.0,-0.24624624624624625,1.4021658725121953
ASH_COATED_OSMIUM,0,489900,-1.0,0.5,-0.24624624624624625,1.4021658725121953
ASH_COATED_OSMIUM,0,490600,-1.0,0.0,-0.24624624624624625,1.4021658725121953
ASH_COATED_OSMIUM,0,491000,-1.0,0.0,-0.24624624624624625,1.4021658725121953
ASH_COATED_OSMIUM,0,491100,-1.0,0.0,-0.24624624624624625,1.4021658725121953
ASH_COATED_OSMIUM,0,491300,-1.0,-1.0,-0.24624624624624625,1.4021658725121953
ASH_COATED_OSMIUM,0,491500,-1.0,-1.5,-0.24624624624624625,1.4021658725121953
ASH_COATED_OSMIUM,0,492900,-1.0,-4.0,-0.24624624624624625,1.4021658725121953
ASH_COATED_OSMIUM,0,494400,-1.0,-1.0,-0.24624624624624625,1.4021658725121953
ASH_COATED_OSMIUM,0,495700,-1.0,-1.5,-0.24624624624624625,1.4021658725121953
ASH_COATED_OSMIUM,0,498000,-1.0,0.0,-0.24624624624624625,1.4021658725121953
ASH_COATED_OSMIUM,0,498100,-1.0,0.0,-0.24624624624624625,1.4021658725121953
ASH_COATED_OSMIUM,0,498300,-1.0,-4.0,-0.24624624624624625,1.4021658725121953
ASH_COATED_OSMIUM,0,499500,-1.0,-1.0,-0.24624624624624625,1.4021658725121953
ASH_COATED_OSMIUM,0,500100,-1.0,-1.0,-0.24624624624624625,1.4021658725121953
ASH_COATED_OSMIUM,0,501300,-1.0,-0.5,-0.24624624624624625,1.4021658725121953
ASH_COATED_OSMIUM,0,501900,-1.0,-1.0,-0.24624624624624625,1.4021658725121953
ASH_COATED_OSMIUM,0,504000,-1.0,-3.0,-0.24624624624624625,1.4021658725121953
ASH_COATED_OSMIUM,0,504200,-1.0,0.0,-0.24624624624624625,1.4021658725121953
ASH_COATED_OSMIUM,0,504300,-1.0,0.0,-0.24624624624624625,1.4021658725121953
ASH_COATED_OSMIUM,0,504400,-1.0,-1.5,-0.24624624624624625,1.4021658725121953
ASH_COATED_OSMIUM,0,505200,-1.0,0.0,-0.24624624624624625,1.4021658725121953
ASH_COATED_OSMIUM,0,507100,-1.0,0.0,-0.24624624624624625,1.4021658725121953
ASH_COATED_OSMIUM,0,507200,-1.0,1.5,-0.24624624624624625,1.4021658725121953
ASH_COATED_OSMIUM,0,508000,-1.0,1.0,-0.24624624624624625,1.4021658725121953
ASH_COATED_OSMIUM,0,508100,-1.0,0.0,-0.24624624624624625,1.4021658725121953
ASH_COATED_OSMIUM,0,509300,-1.0,-1.0,-0.24624624624624625,1.4021658725121953
ASH_COATED_OSMIUM,0,509500,-1.0,-1.0,-0.24624624624624625,1.4021658725121953
ASH_COATED_OSMIUM,0,509800,-1.0,0.0,-0.24624624624624625,1.4021658725121953
ASH_COATED_OSMIUM,0,510000,-1.0,-3.0,-0.24624624624624625,1.4021658725121953
ASH_COATED_OSMIUM,0,510400,-1.0,0.5,-0.24624624624624625,1.4021658725121953
ASH_COATED_OSMIUM,0,511000,-1.0,0.0,-0.24624624624624625,1.4021658725121953
ASH_COATED_OSMIUM,0,511300,-1.0,-3.0,-0.24624624624624625,1.4021658725121953
ASH_COATED_OSMIUM,0,512600,-1.0,0.0,-0.24624624624624625,1.4021658725121953
ASH_COATED_OSMIUM,0,514000,-1.0,0.5,-0.24624624624624625,1.4021658725121953
ASH_COATED_OSMIUM,0,514500,-1.0,-1.5,-0.24624624624624625,1.4021658725121953
ASH_COATED_OSMIUM,0,515400,-1.0,0.0,-0.24624624624624625,1.4021658725121953
ASH_COATED_OSMIUM,0,516500,-1.0,-1.0,-0.24624624624624625,1.4021658725121953
ASH_COATED_OSMIUM,0,517000,-1.0,-2.0,-0.24624624624624625,1.4021658725121953
ASH_COATED_OSMIUM,0,517300,-1.0,0.0,-0.24624624624624625,1.4021658725121953
ASH_COATED_OSMIUM,0,517900,-1.0,0.0,-0.24624624624624625,1.4021658725121953
ASH_COATED_OSMIUM,0,518300,-1.0,0.0,-0.24624624624624625,1.4021658725121953
ASH_COATED_OSMIUM,0,518800,-1.0,-1.5,-0.24624624624624625,1.4021658725121953
ASH_COATED_OSMIUM,0,519700,-1.0,-1.0,-0.24624624624624625,1.4021658725121953
ASH_COATED_OSMIUM,0,520800,-1.0,0.0,-0.24624624624624625,1.4021658725121953
ASH_COATED_OSMIUM,0,520900,-1.0,-1.5,-0.24624624624624625,1.4021658725121953
ASH_COATED_OSMIUM,0,521100,-1.0,0.0,-0.24624624624624625,1.4021658725121953
ASH_COATED_OSMIUM,0,521500,-1.0,0.0,-0.24624624624624625,1.4021658725121953
ASH_COATED_OSMIUM,0,521600,-1.0,-1.5,-0.24624624624624625,1.4021658725121953
ASH_COATED_OSMIUM,0,522200,-1.0,0.0,-0.24624624624624625,1.4021658725121953
ASH_COATED_OSMIUM,0,522400,-1.0,-1.0,-0.24624624624624625,1.4021658725121953
ASH_COATED_OSMIUM,0,522600,-1.0,0.0,-0.24624624624624625,1.4021658725121953
ASH_COATED_OSMIUM,0,522700,-1.0,-4.0,-0.24624624624624625,1.4021658725121953
ASH_COATED_OSMIUM,0,522900,-1.0,-1.0,-0.24624624624624625,1.4021658725121953
ASH_COATED_OSMIUM,0,523000,-1.0,0.0,-0.24624624624624625,1.4021658725121953
ASH_COATED_OSMIUM,0,523200,-1.0,0.0,-0.24624624624624625,1.4021658725121953
ASH_COATED_OSMIUM,0,524100,-1.0,0.0,-0.24624624624624625,1.4021658725121953
ASH_COATED_OSMIUM,0,525000,-1.0,2.5,-0.24624624624624625,1.4021658725121953
ASH_COATED_OSMIUM,0,526200,-1.0,0.0,-0.24624624624624625,1.4021658725121953
ASH_COATED_OSMIUM,0,526400,-1.0,0.0,-0.24624624624624625,1.4021658725121953
ASH_COATED_OSMIUM,0,526800,-1.0,0.0,-0.24624624624624625,1.4021658725121953
ASH_COATED_OSMIUM,0,526900,-1.0,0.0,-0.24624624624624625,1.4021658725121953
ASH_COATED_OSMIUM,0,527500,-1.0,0.0,-0.24624624624624625,1.4021658725121953
ASH_COATED_OSMIUM,0,527600,-1.0,-1.5,-0.24624624624624625,1.4021658725121953
ASH_COATED_OSMIUM,0,527800,-1.0,-1.0,-0.24624624624624625,1.4021658725121953
ASH_COATED_OSMIUM,0,528900,-1.0,0.0,-0.24624624624624625,1.4021658725121953
ASH_COATED_OSMIUM,0,529300,-1.0,0.0,-0.24624624624624625,1.4021658725121953
ASH_COATED_OSMIUM,0,529700,-1.0,-1.0,-0.24624624624624625,1.4021658725121953
ASH_COATED_OSMIUM,0,531400,-1.0,0.0,-0.24624624624624625,1.4021658725121953
ASH_COATED_OSMIUM,0,531500,-1.0,1.0,-0.24624624624624625,1.4021658725121953
ASH_COATED_OSMIUM,0,532400,-1.0,-1.0,-0.24624624624624625,1.4021658725121953
ASH_COATED_OSMIUM,0,532900,-1.0,0.0,-0.24624624624624625,1.4021658725121953
ASH_COATED_OSMIUM,0,533000,-1.0,-1.0,-0.24624624624624625,1.4021658725121953
ASH_COATED_OSMIUM,0,533300,-1.0,0.0,-0.24624624624624625,1.4021658725121953
ASH_COATED_OSMIUM,0,533500,-1.0,3.0,-0.24624624624624625,1.4021658725121953
ASH_COATED_OSMIUM,0,533900,-1.0,1.0,-0.24624624624624625,1.4021658725121953
ASH_COATED_OSMIUM,0,534400,-1.0,0.0,-0.24624624624624625,1.4021658725121953
ASH_COATED_OSMIUM,0,534700,-1.0,0.0,-0.24624624624624625,1.4021658725121953
ASH_COATED_OSMIUM,0,534800,-1.0,0.0,-0.24624624624624625,1.4021658725121953
ASH_COATED_OSMIUM,0,535100,-1.0,-5.0,-0.24624624624624625,1.4021658725121953
ASH_COATED_OSMIUM,0,535600,-1.0,-1.0,-0.24624624624624625,1.4021658725121953
ASH_COATED_OSMIUM,0,536000,-1.0,5.0,-0.24624624624624625,1.4021658725121953
ASH_COATED_OSMIUM,0,536500,-1.0,0.0,-0.24624624624624625,1.4021658725121953
ASH_COATED_OSMIUM,0,537000,-1.0,0.0,-0.24624624624624625,1.4021658725121953
ASH_COATED_OSMIUM,0,537100,-1.0,-1.5,-0.24624624624624625,1.4021658725121953
ASH_COATED_OSMIUM,0,537500,-1.0,0.0,-0.24624624624624625,1.4021658725121953
ASH_COATED_OSMIUM,0,538000,-1.0,0.0,-0.24624624624624625,1.4021658725121953
ASH_COATED_OSMIUM,0,538400,-1.0,-1.0,-0.24624624624624625,1.4021658725121953
ASH_COATED_OSMIUM,0,538700,-1.0,0.0,-0.24624624624624625,1.4021658725121953
ASH_COATED_OSMIUM,0,538900,-1.0,-2.0,-0.24624624624624625,1.4021658725121953
ASH_COATED_OSMIUM,0,539100,-1.0,0.0,-0.24624624624624625,1.4021658725121953
ASH_COATED_OSMIUM,0,539200,-1.0,0.0,-0.24624624624624625,1.4021658725121953
ASH_COATED_OSMIUM,0,539500,-1.0,0.0,-0.24624624624624625,1.4021658725121953
ASH_COATED_OSMIUM,0,540400,-1.0,0.0,-0.24624624624624625,1.4021658725121953
ASH_COATED_OSMIUM,0,540500,-1.0,-1.5,-0.24624624624624625,1.4021658725121953
ASH_COATED_OSMIUM,0,541100,-1.0,0.0,-0.24624624624624625,1.4021658725121953
ASH_COATED_OSMIUM,0,541200,-1.0,0.0,-0.24624624624624625,1.4021658725121953
ASH_COATED_OSMIUM,0,541300,-1.0,0.0,-0.24624624624624625,1.4021658725121953
ASH_COATED_OSMIUM,0,541900,-1.0,-1.5,-0.24624624624624625,1.4021658725121953
ASH_COATED_OSMIUM,0,543900,-1.0,1.0,-0.24624624624624625,1.4021658725121953
ASH_COATED_OSMIUM,0,544000,-1.0,1.0,-0.24624624624624625,1.4021658725121953
ASH_COATED_OSMIUM,0,545300,-1.0,0.0,-0.24624624624624625,1.4021658725121953
ASH_COATED_OSMIUM,0,545400,-1.0,0.0,-0.24624624624624625,1.4021658725121953
ASH_COATED_OSMIUM,0,545500,-1.0,-0.5,-0.24624624624624625,1.4021658725121953
ASH_COATED_OSMIUM,0,547100,-1.0,2.0,-0.24624624624624625,1.4021658725121953
ASH_COATED_OSMIUM,0,548700,-1.0,0.0,-0.24624624624624625,1.4021658725121953
ASH_COATED_OSMIUM,0,549300,-1.0,0.0,-0.24624624624624625,1.4021658725121953
ASH_COATED_OSMIUM,0,550700,-1.0,-1.0,-0.24624624624624625,1.4021658725121953
ASH_COATED_OSMIUM,0,550900,-1.0,0.0,-0.24624624624624625,1.4021658725121953
ASH_COATED_OSMIUM,0,551000,-1.0,-1.5,-0.24624624624624625,1.4021658725121953
ASH_COATED_OSMIUM,0,551200,-1.0,0.0,-0.24624624624624625,1.4021658725121953
ASH_COATED_OSMIUM,0,551800,-1.0,-1.5,-0.24624624624624625,1.4021658725121953
ASH_COATED_OSMIUM,0,552900,-1.0,-1.0,-0.24624624624624625,1.4021658725121953
ASH_COATED_OSMIUM,0,554000,-1.0,-3.0,-0.24624624624624625,1.4021658725121953
ASH_COATED_OSMIUM,0,554400,-1.0,0.0,-0.24624624624624625,1.4021658725121953
ASH_COATED_OSMIUM,0,556200,-1.0,-1.0,-0.24624624624624625,1.4021658725121953
ASH_COATED_OSMIUM,0,556400,-1.0,-1.0,-0.24624624624624625,1.4021658725121953
ASH_COATED_OSMIUM,0,556800,-1.0,0.0,-0.24624624624624625,1.4021658725121953
ASH_COATED_OSMIUM,0,556900,-1.0,0.0,-0.24624624624624625,1.4021658725121953
ASH_COATED_OSMIUM,0,557000,-1.0,0.0,-0.24624624624624625,1.4021658725121953
ASH_COATED_OSMIUM,0,557100,-1.0,-2.0,-0.24624624624624625,1.4021658725121953
ASH_COATED_OSMIUM,0,558200,-1.0,5.0,-0.24624624624624625,1.4021658725121953
ASH_COATED_OSMIUM,0,558500,-1.0,1.0,-0.24624624624624625,1.4021658725121953
ASH_COATED_OSMIUM,0,558700,-1.0,0.0,-0.24624624624624625,1.4021658725121953
ASH_COATED_OSMIUM,0,559500,-1.0,1.0,-0.24624624624624625,1.4021658725121953
ASH_COATED_OSMIUM,0,559900,-1.0,-2.0,-0.24624624624624625,1.4021658725121953
ASH_COATED_OSMIUM,0,560100,-1.0,0.0,-0.24624624624624625,1.4021658725121953
ASH_COATED_OSMIUM,0,560200,-1.0,0.0,-0.24624624624624625,1.4021658725121953
ASH_COATED_OSMIUM,0,560900,-1.0,0.0,-0.24624624624624625,1.4021658725121953
ASH_COATED_OSMIUM,0,561900,-1.0,0.0,-0.24624624624624625,1.4021658725121953
ASH_COATED_OSMIUM,0,562000,-1.0,-2.0,-0.24624624624624625,1.4021658725121953
ASH_COATED_OSMIUM,0,562800,-1.0,-1.0,-0.24624624624624625,1.4021658725121953
ASH_COATED_OSMIUM,0,563400,-1.0,0.0,-0.24624624624624625,1.4021658725121953
ASH_COATED_OSMIUM,0,563700,-1.0,0.0,-0.24624624624624625,1.4021658725121953
ASH_COATED_OSMIUM,0,563900,-1.0,0.0,-0.24624624624624625,1.4021658725121953
ASH_COATED_OSMIUM,0,565200,-1.0,0.0,-0.24624624624624625,1.4021658725121953
ASH_COATED_OSMIUM,0,565800,-1.0,-1.0,-0.24624624624624625,1.4021658725121953
ASH_COATED_OSMIUM,0,566600,-1.0,0.0,-0.24624624624624625,1.4021658725121953
ASH_COATED_OSMIUM,0,567000,-1.0,0.0,-0.24624624624624625,1.4021658725121953
ASH_COATED_OSMIUM,0,567100,-1.0,-1.5,-0.24624624624624625,1.4021658725121953
ASH_COATED_OSMIUM,0,567500,-1.0,-1.0,-0.24624624624624625,1.4021658725121953
ASH_COATED_OSMIUM,0,568100,-1.0,0.0,-0.24624624624624625,1.4021658725121953
ASH_COATED_OSMIUM,0,568700,-1.0,0.0,-0.24624624624624625,1.4021658725121953
ASH_COATED_OSMIUM,0,568800,-1.0,-1.0,-0.24624624624624625,1.4021658725121953
ASH_COATED_OSMIUM,0,569400,-1.0,-1.0,-0.24624624624624625,1.4021658725121953
ASH_COATED_OSMIUM,0,570000,-1.0,0.0,-0.24624624624624625,1.4021658725121953
ASH_COATED_OSMIUM,0,570100,-1.0,0.0,-0.24624624624624625,1.4021658725121953
ASH_COATED_OSMIUM,0,570200,-1.0,0.0,-0.24624624624624625,1.4021658725121953
ASH_COATED_OSMIUM,0,570300,-1.0,-7.0,-0.24624624624624625,1.4021658725121953
ASH_COATED_OSMIUM,0,572100,-1.0,0.0,-0.24624624624624625,1.4021658725121953
ASH_COATED_OSMIUM,0,573300,-1.0,-1.0,-0.24624624624624625,1.4021658725121953
ASH_COATED_OSMIUM,0,573600,-1.0,-1.0,-0.24624624624624625,1.4021658725121953
ASH_COATED_OSMIUM,0,574900,-1.0,0.0,-0.24624624624624625,1.4021658725121953
ASH_COATED_OSMIUM,0,575400,-1.0,-1.0,-0.24624624624624625,1.4021658725121953
ASH_COATED_OSMIUM,0,576400,-1.0,-1.5,-0.24624624624624625,1.4021658725121953
ASH_COATED_OSMIUM,0,576600,-1.0,0.0,-0.24624624624624625,1.4021658725121953
ASH_COATED_OSMIUM,0,576900,-1.0,-1.0,-0.24624624624624625,1.4021658725121953
ASH_COATED_OSMIUM,0,577600,-1.0,-1.5,-0.24624624624624625,1.4021658725121953
ASH_COATED_OSMIUM,0,578400,-1.0,-4.0,-0.24624624624624625,1.4021658725121953
ASH_COATED_OSMIUM,0,579500,-1.0,4.5,-0.24624624624624625,1.4021658725121953
ASH_COATED_OSMIUM,0,579800,-1.0,-1.0,-0.24624624624624625,1.4021658725121953
ASH_COATED_OSMIUM,0,580000,-1.0,0.0,-0.24624624624624625,1.4021658725121953
ASH_COATED_OSMIUM,0,580200,-1.0,0.0,-0.24624624624624625,1.4021658725121953
ASH_COATED_OSMIUM,0,580300,-1.0,0.0,-0.24624624624624625,1.4021658725121953
ASH_COATED_OSMIUM,0,580800,-1.0,0.0,-0.24624624624624625,1.4021658725121953
ASH_COATED_OSMIUM,0,581700,-1.0,0.5,-0.24624624624624625,1.4021658725121953
ASH_COATED_OSMIUM,0,582200,-1.0,1.0,-0.24624624624624625,1.4021658725121953
ASH_COATED_OSMIUM,0,582900,-1.0,0.0,-0.24624624624624625,1.4021658725121953
ASH_COATED_OSMIUM,0,583200,-1.0,1.0,-0.24624624624624625,1.4021658725121953
ASH_COATED_OSMIUM,0,583800,-1.0,-1.5,-0.24624624624624625,1.4021658725121953
ASH_COATED_OSMIUM,0,584600,-1.0,0.0,-0.24624624624624625,1.4021658725121953
ASH_COATED_OSMIUM,0,584800,-1.0,-1.0,-0.24624624624624625,1.4021658725121953
ASH_COATED_OSMIUM,0,585800,-1.0,0.0,-0.24624624624624625,1.4021658725121953
ASH_COATED_OSMIUM,0,587700,-1.0,-5.0,-0.24624624624624625,1.4021658725121953
ASH_COATED_OSMIUM,0,588000,-1.0,0.5,-0.24624624624624625,1.4021658725121953
ASH_COATED_OSMIUM,0,589000,-1.0,0.0,-0.24624624624624625,1.4021658725121953
ASH_COATED_OSMIUM,0,589100,-1.0,-1.5,-0.24624624624624625,1.4021658725121953
ASH_COATED_OSMIUM,0,589800,-1.0,-1.0,-0.24624624624624625,1.4021658725121953
ASH_COATED_OSMIUM,0,591300,-1.0,0.0,-0.24624624624624625,1.4021658725121953
ASH_COATED_OSMIUM,0,592700,-1.0,-1.0,-0.24624624624624625,1.4021658725121953
ASH_COATED_OSMIUM,0,594100,-1.0,0.0,-0.24624624624624625,1.4021658725121953
ASH_COATED_OSMIUM,0,594300,-1.0,-1.0,-0.24624624624624625,1.4021658725121953
ASH_COATED_OSMIUM,0,594600,-1.0,-6.0,-0.24624624624624625,1.4021658725121953
ASH_COATED_OSMIUM,0,594800,-1.0,0.0,-0.24624624624624625,1.4021658725121953
ASH_COATED_OSMIUM,0,595000,-1.0,0.0,-0.24624624624624625,1.4021658725121953
ASH_COATED_OSMIUM,0,595100,-1.0,1.0,-0.24624624624624625,1.4021658725121953
ASH_COATED_OSMIUM,0,595500,-1.0,0.0,-0.24624624624624625,1.4021658725121953
ASH_COATED_OSMIUM,0,595700,-1.0,-1.0,-0.24624624624624625,1.4021658725121953
ASH_COATED_OSMIUM,0,596100,-1.0,1.0,-0.24624624624624625,1.4021658725121953
ASH_COATED_OSMIUM,0,596300,-1.0,0.0,-0.24624624624624625,1.4021658725121953
ASH_COATED_OSMIUM,0,596900,-1.0,0.0,-0.24624624624624625,1.4021658725121953
ASH_COATED_OSMIUM,0,597100,-1.0,-3.5,-0.24624624624624625,1.4021658725121953
ASH_COATED_OSMIUM,0,597500,-1.0,-1.0,-0.24624624624624625,1.4021658725121953
ASH_COATED_OSMIUM,0,599800,-1.0,0.0,-0.24624624624624625,1.4021658725121953
ASH_COATED_OSMIUM,0,600300,-1.0,0.5,-0.24624624624624625,1.4021658725121953
ASH_COATED_OSMIUM,0,600800,-1.0,1.0,-0.24624624624624625,1.4021658725121953
ASH_COATED_OSMIUM,0,601400,-1.0,0.5,-0.24624624624624625,1.4021658725121953
ASH_COATED_OSMIUM,0,601700,-1.0,0.0,-0.24624624624624625,1.4021658725121953
ASH_COATED_OSMIUM,0,601800,-1.0,-1.0,-0.24624624624624625,1.4021658725121953
ASH_COATED_OSMIUM,0,602000,-1.0,0.0,-0.24624624624624625,1.4021658725121953
ASH_COATED_OSMIUM,0,602300,-1.0,0.0,-0.24624624624624625,1.4021658725121953
ASH_COATED_OSMIUM,0,603500,-1.0,0.0,-0.24624624624624625,1.4021658725121953
ASH_COATED_OSMIUM,0,603600,-1.0,0.0,-0.24624624624624625,1.4021658725121953
ASH_COATED_OSMIUM,0,603700,-1.0,-1.0,-0.24624624624624625,1.4021658725121953
ASH_COATED_OSMIUM,0,604300,-1.0,0.0,-0.24624624624624625,1.4021658725121953
ASH_COATED_OSMIUM,0,604400,-1.0,0.0,-0.24624624624624625,1.4021658725121953
ASH_COATED_OSMIUM,0,604700,-1.0,0.0,-0.24624624624624625,1.4021658725121953
ASH_COATED_OSMIUM,0,605800,-1.0,0.0,-0.24624624624624625,1.4021658725121953
ASH_COATED_OSMIUM,0,608700,-1.0,-2.0,-0.24624624624624625,1.4021658725121953
ASH_COATED_OSMIUM,0,609000,-1.0,-1.5,-0.24624624624624625,1.4021658725121953
ASH_COATED_OSMIUM,0,609300,-1.0,0.0,-0.24624624624624625,1.4021658725121953
ASH_COATED_OSMIUM,0,609600,-1.0,-1.5,-0.24624624624624625,1.4021658725121953
ASH_COATED_OSMIUM,0,610500,-1.0,0.0,-0.24624624624624625,1.4021658725121953
ASH_COATED_OSMIUM,0,610700,-1.0,1.0,-0.24624624624624625,1.4021658725121953
ASH_COATED_OSMIUM,0,612400,-1.0,1.0,-0.24624624624624625,1.4021658725121953
ASH_COATED_OSMIUM,0,614600,-1.0,0.0,-0.24624624624624625,1.4021658725121953
ASH_COATED_OSMIUM,0,615000,-1.0,1.5,-0.24624624624624625,1.4021658725121953
ASH_COATED_OSMIUM,0,615900,-1.0,0.5,-0.24624624624624625,1.4021658725121953
ASH_COATED_OSMIUM,0,616400,-1.0,0.5,-0.24624624624624625,1.4021658725121953
ASH_COATED_OSMIUM,0,616600,-1.0,3.5,-0.24624624624624625,1.4021658725121953
ASH_COATED_OSMIUM,0,616800,-1.0,0.5,-0.24624624624624625,1.4021658725121953
ASH_COATED_OSMIUM,0,617500,-1.0,0.5,-0.24624624624624625,1.4021658725121953
ASH_COATED_OSMIUM,0,618400,-1.0,-0.5,-0.24624624624624625,1.4021658725121953
ASH_COATED_OSMIUM,0,619300,-1.0,0.0,-0.24624624624624625,1.4021658725121953
ASH_COATED_OSMIUM,0,619400,-1.0,0.0,-0.24624624624624625,1.4021658725121953
ASH_COATED_OSMIUM,0,619500,-1.0,-0.5,-0.24624624624624625,1.4021658725121953
ASH_COATED_OSMIUM,0,619700,-1.0,0.0,-0.24624624624624625,1.4021658725121953
ASH_COATED_OSMIUM,0,620900,-1.0,-1.0,-0.24624624624624625,1.4021658725121953
ASH_COATED_OSMIUM,0,621900,-1.0,-1.5,-0.24624624624624625,1.4021658725121953
ASH_COATED_OSMIUM,0,622300,-1.0,0.0,-0.24624624624624625,1.4021658725121953
ASH_COATED_OSMIUM,0,622400,-1.0,0.0,-0.24624624624624625,1.4021658725121953
ASH_COATED_OSMIUM,0,624100,-1.0,-1.5,-0.24624624624624625,1.4021658725121953
ASH_COATED_OSMIUM,0,624300,-1.0,-1.5,-0.24624624624624625,1.4021658725121953
ASH_COATED_OSMIUM,0,624500,-1.0,-1.0,-0.24624624624624625,1.4021658725121953
ASH_COATED_OSMIUM,0,625400,-1.0,0.0,-0.24624624624624625,1.4021658725121953
ASH_COATED_OSMIUM,0,625500,-1.0,-1.5,-0.24624624624624625,1.4021658725121953
ASH_COATED_OSMIUM,0,626000,-1.0,-1.0,-0.24624624624624625,1.4021658725121953
ASH_COATED_OSMIUM,0,626800,-1.0,1.0,-0.24624624624624625,1.4021658725121953
ASH_COATED_OSMIUM,0,627100,-1.0,1.5,-0.24624624624624625,1.4021658725121953
ASH_COATED_OSMIUM,0,629500,-1.0,0.0,-0.24624624624624625,1.4021658725121953
ASH_COATED_OSMIUM,0,630100,-1.0,1.0,-0.24624624624624625,1.4021658725121953
ASH_COATED_OSMIUM,0,630700,-1.0,-1.0,-0.24624624624624625,1.4021658725121953
ASH_COATED_OSMIUM,0,632300,-1.0,0.0,-0.24624624624624625,1.4021658725121953
ASH_COATED_OSMIUM,0,632400,-1.0,-1.0,-0.24624624624624625,1.4021658725121953
ASH_COATED_OSMIUM,0,632800,-1.0,-1.5,-0.24624624624624625,1.4021658725121953
ASH_COATED_OSMIUM,0,634000,-1.0,2.5,-0.24624624624624625,1.4021658725121953
ASH_COATED_OSMIUM,0,636900,-1.0,0.5,-0.24624624624624625,1.4021658725121953
ASH_COATED_OSMIUM,0,637200,-1.0,1.0,-0.24624624624624625,1.4021658725121953
ASH_COATED_OSMIUM,0,637300,-1.0,0.0,-0.24624624624624625,1.4021658725121953
ASH_COATED_OSMIUM,0,638000,-1.0,0.0,-0.24624624624624625,1.4021658725121953
ASH_COATED_OSMIUM,0,638200,-1.0,0.0,-0.24624624624624625,1.4021658725121953
ASH_COATED_OSMIUM,0,638500,-1.0,0.0,-0.24624624624624625,1.4021658725121953
ASH_COATED_OSMIUM,0,638600,-1.0,0.0,-0.24624624624624625,1.4021658725121953
ASH_COATED_OSMIUM,0,639900,-1.0,-1.0,-0.24624624624624625,1.4021658725121953
ASH_COATED_OSMIUM,0,641000,-1.0,0.0,-0.24624624624624625,1.4021658725121953
ASH_COATED_OSMIUM,0,641100,-1.0,0.0,-0.24624624624624625,1.4021658725121953
ASH_COATED_OSMIUM,0,641200,-1.0,0.0,-0.24624624624624625,1.4021658725121953
ASH_COATED_OSMIUM,0,641300,-1.0,0.5,-0.24624624624624625,1.4021658725121953
ASH_COATED_OSMIUM,0,642000,-1.0,0.0,-0.24624624624624625,1.4021658725121953
ASH_COATED_OSMIUM,0,642100,-1.0,-1.0,-0.24624624624624625,1.4021658725121953
ASH_COATED_OSMIUM,0,643100,-1.0,0.0,-0.24624624624624625,1.4021658725121953
ASH_COATED_OSMIUM,0,644200,-1.0,0.0,-0.24624624624624625,1.4021658725121953
ASH_COATED_OSMIUM,0,646800,-1.0,-2.0,-0.24624624624624625,1.4021658725121953
ASH_COATED_OSMIUM,0,647200,-1.0,0.0,-0.24624624624624625,1.4021658725121953
ASH_COATED_OSMIUM,0,647300,-1.0,-1.0,-0.24624624624624625,1.4021658725121953
ASH_COATED_OSMIUM,0,647400,-1.0,1.5,-0.24624624624624625,1.4021658725121953
ASH_COATED_OSMIUM,0,648900,-1.0,0.0,-0.24624624624624625,1.4021658725121953
ASH_COATED_OSMIUM,0,649400,-1.0,0.0,-0.24624624624624625,1.4021658725121953
ASH_COATED_OSMIUM,0,650100,-1.0,0.0,-0.24624624624624625,1.4021658725121953
ASH_COATED_OSMIUM,0,650300,-1.0,-1.0,-0.24624624624624625,1.4021658725121953
ASH_COATED_OSMIUM,0,651300,-1.0,0.5,-0.24624624624624625,1.4021658725121953
ASH_COATED_OSMIUM,0,651500,-1.0,0.0,-0.24624624624624625,1.4021658725121953
ASH_COATED_OSMIUM,0,651800,-1.0,-3.5,-0.24624624624624625,1.4021658725121953
ASH_COATED_OSMIUM,0,652500,-1.0,0.0,-0.24624624624624625,1.4021658725121953
ASH_COATED_OSMIUM,0,654000,-1.0,-1.0,-0.24624624624624625,1.4021658725121953
ASH_COATED_OSMIUM,0,654200,-1.0,0.0,-0.24624624624624625,1.4021658725121953
ASH_COATED_OSMIUM,0,654400,-1.0,0.0,-0.24624624624624625,1.4021658725121953
ASH_COATED_OSMIUM,0,654500,-1.0,0.0,-0.24624624624624625,1.4021658725121953
ASH_COATED_OSMIUM,0,655100,-1.0,0.0,-0.24624624624624625,1.4021658725121953
ASH_COATED_OSMIUM,0,656400,-1.0,1.0,-0.24624624624624625,1.4021658725121953
ASH_COATED_OSMIUM,0,657000,-1.0,-1.0,-0.24624624624624625,1.4021658725121953
ASH_COATED_OSMIUM,0,657500,-1.0,0.0,-0.24624624624624625,1.4021658725121953
ASH_COATED_OSMIUM,0,657600,-1.0,-1.0,-0.24624624624624625,1.4021658725121953
ASH_COATED_OSMIUM,0,658000,-1.0,-1.0,-0.24624624624624625,1.4021658725121953
ASH_COATED_OSMIUM,0,658700,-1.0,0.0,-0.24624624624624625,1.4021658725121953
ASH_COATED_OSMIUM,0,658800,-1.0,4.5,-0.24624624624624625,1.4021658725121953
ASH_COATED_OSMIUM,0,659700,-1.0,-4.0,-0.24624624624624625,1.4021658725121953
ASH_COATED_OSMIUM,0,660400,-1.0,-1.0,-0.24624624624624625,1.4021658725121953
ASH_COATED_OSMIUM,0,660500,-1.0,-1.0,-0.24624624624624625,1.4021658725121953
ASH_COATED_OSMIUM,0,661300,-1.0,0.0,-0.24624624624624625,1.4021658725121953
ASH_COATED_OSMIUM,0,661800,-1.0,-3.5,-0.24624624624624625,1.4021658725121953
ASH_COATED_OSMIUM,0,664000,-1.0,-1.0,-0.24624624624624625,1.4021658725121953
ASH_COATED_OSMIUM,0,664500,-1.0,1.0,-0.24624624624624625,1.4021658725121953
ASH_COATED_OSMIUM,0,665000,-1.0,-1.0,-0.24624624624624625,1.4021658725121953
ASH_COATED_OSMIUM,0,665500,-1.0,4.5,-0.24624624624624625,1.4021658725121953
ASH_COATED_OSMIUM,0,666300,-1.0,0.0,-0.24624624624624625,1.4021658725121953
ASH_COATED_OSMIUM,0,666600,-1.0,2.5,-0.24624624624624625,1.4021658725121953
ASH_COATED_OSMIUM,0,667000,-1.0,0.0,-0.24624624624624625,1.4021658725121953
ASH_COATED_OSMIUM,0,668800,-1.0,-1.5,-0.24624624624624625,1.4021658725121953
ASH_COATED_OSMIUM,0,669200,-1.0,-3.5,-0.24624624624624625,1.4021658725121953
ASH_COATED_OSMIUM,0,669500,-1.0,-1.5,-0.24624624624624625,1.4021658725121953
ASH_COATED_OSMIUM,0,669900,-1.0,2.5,-0.24624624624624625,1.4021658725121953
ASH_COATED_OSMIUM,0,670300,-1.0,0.0,-0.24624624624624625,1.4021658725121953
ASH_COATED_OSMIUM,0,671400,-1.0,0.0,-0.24624624624624625,1.4021658725121953
ASH_COATED_OSMIUM,0,671600,-1.0,0.0,-0.24624624624624625,1.4021658725121953
ASH_COATED_OSMIUM,0,671700,-1.0,1.0,-0.24624624624624625,1.4021658725121953
ASH_COATED_OSMIUM,0,672100,-1.0,1.0,-0.24624624624624625,1.4021658725121953
ASH_COATED_OSMIUM,0,673100,-1.0,0.0,-0.24624624624624625,1.4021658725121953
ASH_COATED_OSMIUM,0,673400,-1.0,-1.5,-0.24624624624624625,1.4021658725121953
ASH_COATED_OSMIUM,0,673600,-1.0,0.0,-0.24624624624624625,1.4021658725121953
ASH_COATED_OSMIUM,0,674200,-1.0,0.0,-0.24624624624624625,1.4021658725121953
ASH_COATED_OSMIUM,0,674300,-1.0,0.0,-0.24624624624624625,1.4021658725121953
ASH_COATED_OSMIUM,0,675000,-1.0,0.0,-0.24624624624624625,1.4021658725121953
ASH_COATED_OSMIUM,0,675200,-1.0,0.0,-0.24624624624624625,1.4021658725121953
ASH_COATED_OSMIUM,0,675500,-1.0,-1.0,-0.24624624624624625,1.4021658725121953
ASH_COATED_OSMIUM,0,676000,-1.0,0.0,-0.24624624624624625,1.4021658725121953
ASH_COATED_OSMIUM,0,676100,-1.0,-2.0,-0.24624624624624625,1.4021658725121953
ASH_COATED_OSMIUM,0,676500,-1.0,-0.5,-0.24624624624624625,1.4021658725121953
ASH_COATED_OSMIUM,0,676800,-1.0,0.0,-0.24624624624624625,1.4021658725121953
ASH_COATED_OSMIUM,0,677100,-1.0,-1.5,-0.24624624624624625,1.4021658725121953
ASH_COATED_OSMIUM,0,677300,-1.0,-1.0,-0.24624624624624625,1.4021658725121953
ASH_COATED_OSMIUM,0,677800,-1.0,0.0,-0.24624624624624625,1.4021658725121953
ASH_COATED_OSMIUM,0,677900,-1.0,-1.0,-0.24624624624624625,1.4021658725121953
ASH_COATED_OSMIUM,0,678500,-1.0,-2.0,-0.24624624624624625,1.4021658725121953
ASH_COATED_OSMIUM,0,680300,-1.0,0.0,-0.24624624624624625,1.4021658725121953
ASH_COATED_OSMIUM,0,680800,-1.0,-2.0,-0.24624624624624625,1.4021658725121953
ASH_COATED_OSMIUM,0,681200,-1.0,0.0,-0.24624624624624625,1.4021658725121953
ASH_COATED_OSMIUM,0,682000,-1.0,-1.0,-0.24624624624624625,1.4021658725121953
ASH_COATED_OSMIUM,0,682100,-1.0,0.0,-0.24624624624624625,1.4021658725121953
ASH_COATED_OSMIUM,0,682300,-1.0,0.0,-0.24624624624624625,1.4021658725121953
ASH_COATED_OSMIUM,0,682400,-1.0,-1.0,-0.24624624624624625,1.4021658725121953
ASH_COATED_OSMIUM,0,682700,-1.0,0.0,-0.24624624624624625,1.4021658725121953
ASH_COATED_OSMIUM,0,682800,-1.0,0.0,-0.24624624624624625,1.4021658725121953
ASH_COATED_OSMIUM,0,682900,-1.0,0.0,-0.24624624624624625,1.4021658725121953
ASH_COATED_OSMIUM,0,683000,-1.0,1.0,-0.24624624624624625,1.4021658725121953
ASH_COATED_OSMIUM,0,683300,-1.0,4.5,-0.24624624624624625,1.4021658725121953
ASH_COATED_OSMIUM,0,684200,-1.0,-0.5,-0.24624624624624625,1.4021658725121953
ASH_COATED_OSMIUM,0,685600,-1.0,1.0,-0.24624624624624625,1.4021658725121953
ASH_COATED_OSMIUM,0,685700,-1.0,0.0,-0.24624624624624625,1.4021658725121953
ASH_COATED_OSMIUM,0,686200,-1.0,-1.0,-0.24624624624624625,1.4021658725121953
ASH_COATED_OSMIUM,0,686600,-1.0,0.0,-0.24624624624624625,1.4021658725121953
ASH_COATED_OSMIUM,0,686700,-1.0,0.0,-0.24624624624624625,1.4021658725121953
ASH_COATED_OSMIUM,0,686900,-1.0,0.0,-0.24624624624624625,1.4021658725121953
ASH_COATED_OSMIUM,0,687000,-1.0,-1.0,-0.24624624624624625,1.4021658725121953
ASH_COATED_OSMIUM,0,688200,-1.0,-1.0,-0.24624624624624625,1.4021658725121953
ASH_COATED_OSMIUM,0,688900,-1.0,0.0,-0.24624624624624625,1.4021658725121953
ASH_COATED_OSMIUM,0,689000,-1.0,-1.0,-0.24624624624624625,1.4021658725121953
ASH_COATED_OSMIUM,0,689400,-1.0,0.0,-0.24624624624624625,1.4021658725121953
ASH_COATED_OSMIUM,0,689500,-1.0,-1.0,-0.24624624624624625,1.4021658725121953
ASH_COATED_OSMIUM,0,690000,-1.0,-2.0,-0.24624624624624625,1.4021658725121953
ASH_COATED_OSMIUM,0,690800,-1.0,0.0,-0.24624624624624625,1.4021658725121953
ASH_COATED_OSMIUM,0,691100,-1.0,0.0,-0.24624624624624625,1.4021658725121953
ASH_COATED_OSMIUM,0,692400,-1.0,1.0,-0.24624624624624625,1.4021658725121953
ASH_COATED_OSMIUM,0,692600,-1.0,-1.0,-0.24624624624624625,1.4021658725121953
ASH_COATED_OSMIUM,0,692900,-1.0,0.0,-0.24624624624624625,1.4021658725121953
ASH_COATED_OSMIUM,0,693400,-1.0,-1.0,-0.24624624624624625,1.4021658725121953
ASH_COATED_OSMIUM,0,694000,-1.0,0.0,-0.24624624624624625,1.4021658725121953
ASH_COATED_OSMIUM,0,694300,-1.0,0.0,-0.24624624624624625,1.4021658725121953
ASH_COATED_OSMIUM,0,694400,-1.0,1.0,-0.24624624624624625,1.4021658725121953
ASH_COATED_OSMIUM,0,695000,-1.0,-6.0,-0.24624624624624625,1.4021658725121953
ASH_COATED_OSMIUM,0,695400,-1.0,0.0,-0.24624624624624625,1.4021658725121953
ASH_COATED_OSMIUM,0,695900,-1.0,0.0,-0.24624624624624625,1.4021658725121953
ASH_COATED_OSMIUM,0,697500,-1.0,0.0,-0.24624624624624625,1.4021658725121953
ASH_COATED_OSMIUM,0,697600,-1.0,-1.5,-0.24624624624624625,1.4021658725121953
ASH_COATED_OSMIUM,0,698200,-1.0,0.0,-0.24624624624624625,1.4021658725121953
ASH_COATED_OSMIUM,0,699300,-1.0,-0.5,-0.24624624624624625,1.4021658725121953
ASH_COATED_OSMIUM,0,699700,-1.0,0.0,-0.24624624624624625,1.4021658725121953
ASH_COATED_OSMIUM,0,699800,-1.0,0.0,-0.24624624624624625,1.4021658725121953
ASH_COATED_OSMIUM,0,699900,-1.0,0.0,-0.24624624624624625,1.4021658725121953
ASH_COATED_OSMIUM,0,700200,-1.0,-0.5,-0.24624624624624625,1.4021658725121953
ASH_COATED_OSMIUM,0,701300,-1.0,1.0,-0.24624624624624625,1.4021658725121953
ASH_COATED_OSMIUM,0,702200,-1.0,-1.5,-0.24624624624624625,1.4021658725121953
ASH_COATED_OSMIUM,0,703300,-1.0,1.5,-0.24624624624624625,1.4021658725121953
ASH_COATED_OSMIUM,0,704000,-1.0,1.5,-0.24624624624624625,1.4021658725121953
ASH_COATED_OSMIUM,0,704500,-1.0,0.0,-0.24624624624624625,1.4021658725121953
ASH_COATED_OSMIUM,0,704600,-1.0,0.0,-0.24624624624624625,1.4021658725121953
ASH_COATED_OSMIUM,0,705300,-1.0,0.0,-0.24624624624624625,1.4021658725121953
ASH_COATED_OSMIUM,0,705500,-1.0,1.0,-0.24624624624624625,1.4021658725121953
ASH_COATED_OSMIUM,0,705700,-1.0,-2.0,-0.24624624624624625,1.4021658725121953
ASH_COATED_OSMIUM,0,706000,-1.0,0.0,-0.24624624624624625,1.4021658725121953
ASH_COATED_OSMIUM,0,707500,-1.0,0.0,-0.24624624624624625,1.4021658725121953
ASH_COATED_OSMIUM,0,707600,-1.0,2.0,-0.24624624624624625,1.4021658725121953
ASH_COATED_OSMIUM,0,708600,-1.0,-1.0,-0.24624624624624625,1.4021658725121953
ASH_COATED_OSMIUM,0,709000,-1.0,-1.0,-0.24624624624624625,1.4021658725121953
ASH_COATED_OSMIUM,0,709300,-1.0,-1.0,-0.24624624624624625,1.4021658725121953
ASH_COATED_OSMIUM,0,709500,-1.0,1.0,-0.24624624624624625,1.4021658725121953
ASH_COATED_OSMIUM,0,709900,-1.0,2.0,-0.24624624624624625,1.4021658725121953
ASH_COATED_OSMIUM,0,710400,-1.0,-1.0,-0.24624624624624625,1.4021658725121953
ASH_COATED_OSMIUM,0,712000,-1.0,0.0,-0.24624624624624625,1.4021658725121953
ASH_COATED_OSMIUM,0,712100,-1.0,2.5,-0.24624624624624625,1.4021658725121953
ASH_COATED_OSMIUM,0,712300,-1.0,-2.0,-0.24624624624624625,1.4021658725121953
ASH_COATED_OSMIUM,0,712900,-1.0,3.5,-0.24624624624624625,1.4021658725121953
ASH_COATED_OSMIUM,0,713800,-1.0,0.0,-0.24624624624624625,1.4021658725121953
ASH_COATED_OSMIUM,0,715500,-1.0,-1.0,-0.24624624624624625,1.4021658725121953
ASH_COATED_OSMIUM,0,716500,-1.0,-3.0,-0.24624624624624625,1.4021658725121953
ASH_COATED_OSMIUM,0,717300,-1.0,0.0,-0.24624624624624625,1.4021658725121953
ASH_COATED_OSMIUM,0,718600,-1.0,0.0,-0.24624624624624625,1.4021658725121953
ASH_COATED_OSMIUM,0,719100,-1.0,0.0,-0.24624624624624625,1.4021658725121953
ASH_COATED_OSMIUM,0,719800,-1.0,1.0,-0.24624624624624625,1.4021658725121953
ASH_COATED_OSMIUM,0,720900,-1.0,-1.0,-0.24624624624624625,1.4021658725121953
ASH_COATED_OSMIUM,0,722800,-1.0,0.0,-0.24624624624624625,1.4021658725121953
ASH_COATED_OSMIUM,0,722900,-1.0,-1.0,-0.24624624624624625,1.4021658725121953
ASH_COATED_OSMIUM,0,724400,-1.0,0.0,-0.24624624624624625,1.4021658725121953
ASH_COATED_OSMIUM,0,724500,-1.0,0.0,-0.24624624624624625,1.4021658725121953
ASH_COATED_OSMIUM,0,724600,-1.0,0.0,-0.24624624624624625,1.4021658725121953
ASH_COATED_OSMIUM,0,724700,-1.0,-3.0,-0.24624624624624625,1.4021658725121953
ASH_COATED_OSMIUM,0,728300,-1.0,0.0,-0.24624624624624625,1.4021658725121953
ASH_COATED_OSMIUM,0,728400,-1.0,0.0,-0.24624624624624625,1.4021658725121953
ASH_COATED_OSMIUM,0,728500,-1.0,-1.0,-0.24624624624624625,1.4021658725121953
ASH_COATED_OSMIUM,0,728800,-1.0,-1.0,-0.24624624624624625,1.4021658725121953
ASH_COATED_OSMIUM,0,729300,-1.0,0.0,-0.24624624624624625,1.4021658725121953
ASH_COATED_OSMIUM,0,729400,-1.0,0.0,-0.24624624624624625,1.4021658725121953
ASH_COATED_OSMIUM,0,729500,-1.0,0.0,-0.24624624624624625,1.4021658725121953
ASH_COATED_OSMIUM,0,729600,-1.0,0.0,-0.24624624624624625,1.4021658725121953
ASH_COATED_OSMIUM,0,730500,-1.0,-0.5,-0.24624624624624625,1.4021658725121953
ASH_COATED_OSMIUM,0,730800,-1.0,-1.0,-0.24624624624624625,1.4021658725121953
ASH_COATED_OSMIUM,0,731100,-1.0,0.0,-0.24624624624624625,1.4021658725121953
ASH_COATED_OSMIUM,0,731300,-1.0,-1.0,-0.24624624624624625,1.4021658725121953
ASH_COATED_OSMIUM,0,733100,-1.0,2.5,-0.24624624624624625,1.4021658725121953
ASH_COATED_OSMIUM,0,734000,-1.0,-1.0,-0.24624624624624625,1.4021658725121953
ASH_COATED_OSMIUM,0,734500,-1.0,2.0,-0.24624624624624625,1.4021658725121953
ASH_COATED_OSMIUM,0,734900,-1.0,0.0,-0.24624624624624625,1.4021658725121953
ASH_COATED_OSMIUM,0,735100,-1.0,1.5,-0.24624624624624625,1.4021658725121953
ASH_COATED_OSMIUM,0,735300,-1.0,0.0,-0.24624624624624625,1.4021658725121953
ASH_COATED_OSMIUM,0,735400,-1.0,0.0,-0.24624624624624625,1.4021658725121953
ASH_COATED_OSMIUM,0,735500,-1.0,-1.0,-0.24624624624624625,1.4021658725121953
ASH_COATED_OSMIUM,0,735600,-1.0,0.0,-0.24624624624624625,1.4021658725121953
ASH_COATED_OSMIUM,0,735900,-1.0,1.0,-0.24624624624624625,1.4021658725121953
ASH_COATED_OSMIUM,0,736200,-1.0,1.5,-0.24624624624624625,1.4021658725121953
ASH_COATED_OSMIUM,0,736900,-1.0,0.0,-0.24624624624624625,1.4021658725121953
ASH_COATED_OSMIUM,0,738600,-1.0,0.0,-0.24624624624624625,1.4021658725121953
ASH_COATED_OSMIUM,0,740100,-1.0,0.0,-0.24624624624624625,1.4021658725121953
ASH_COATED_OSMIUM,0,740200,-1.0,-1.0,-0.24624624624624625,1.4021658725121953
ASH_COATED_OSMIUM,0,740600,-1.0,-1.0,-0.24624624624624625,1.4021658725121953
ASH_COATED_OSMIUM,0,741800,-1.0,-1.0,-0.24624624624624625,1.4021658725121953
ASH_COATED_OSMIUM,0,742800,-1.0,0.0,-0.24624624624624625,1.4021658725121953
ASH_COATED_OSMIUM,0,742900,-1.0,1.0,-0.24624624624624625,1.4021658725121953
ASH_COATED_OSMIUM,0,743400,-1.0,-1.0,-0.24624624624624625,1.4021658725121953
ASH_COATED_OSMIUM,0,745100,-1.0,0.0,-0.24624624624624625,1.4021658725121953
ASH_COATED_OSMIUM,0,745800,-1.0,0.0,-0.24624624624624625,1.4021658725121953
ASH_COATED_OSMIUM,0,747200,-1.0,0.0,-0.24624624624624625,1.4021658725121953
ASH_COATED_OSMIUM,0,747300,-1.0,0.0,-0.24624624624624625,1.4021658725121953
ASH_COATED_OSMIUM,0,749000,-1.0,0.0,-0.24624624624624625,1.4021658725121953
ASH_COATED_OSMIUM,0,749400,-1.0,3.5,-0.24624624624624625,1.4021658725121953
ASH_COATED_OSMIUM,0,749700,-1.0,1.0,-0.24624624624624625,1.4021658725121953
ASH_COATED_OSMIUM,0,750600,-1.0,0.0,-0.24624624624624625,1.4021658725121953
ASH_COATED_OSMIUM,0,751300,-1.0,-1.0,-0.24624624624624625,1.4021658725121953
ASH_COATED_OSMIUM,0,751500,-1.0,0.0,-0.24624624624624625,1.4021658725121953
ASH_COATED_OSMIUM,0,751600,-1.0,0.0,-0.24624624624624625,1.4021658725121953
ASH_COATED_OSMIUM,0,752500,-1.0,1.0,-0.24624624624624625,1.4021658725121953
ASH_COATED_OSMIUM,0,753300,-1.0,0.5,-0.24624624624624625,1.4021658725121953
ASH_COATED_OSMIUM,0,754400,-1.0,0.0,-0.24624624624624625,1.4021658725121953
ASH_COATED_OSMIUM,0,754800,-1.0,0.0,-0.24624624624624625,1.4021658725121953
ASH_COATED_OSMIUM,0,754900,-1.0,-1.0,-0.24624624624624625,1.4021658725121953
ASH_COATED_OSMIUM,0,755500,-1.0,0.0,-0.24624624624624625,1.4021658725121953
ASH_COATED_OSMIUM,0,755800,-1.0,0.0,-0.24624624624624625,1.4021658725121953
ASH_COATED_OSMIUM,0,755900,-1.0,-1.0,-0.24624624624624625,1.4021658725121953
ASH_COATED_OSMIUM,0,756000,-1.0,0.0,-0.24624624624624625,1.4021658725121953
ASH_COATED_OSMIUM,0,756800,-1.0,0.0,-0.24624624624624625,1.4021658725121953
ASH_COATED_OSMIUM,0,757100,-1.0,0.0,-0.24624624624624625,1.4021658725121953
ASH_COATED_OSMIUM,0,757300,-1.0,-3.5,-0.24624624624624625,1.4021658725121953
ASH_COATED_OSMIUM,0,757800,-1.0,0.5,-0.24624624624624625,1.4021658725121953
ASH_COATED_OSMIUM,0,758100,-1.0,0.0,-0.24624624624624625,1.4021658725121953
ASH_COATED_OSMIUM,0,758400,-1.0,-1.0,-0.24624624624624625,1.4021658725121953
ASH_COATED_OSMIUM,0,759400,-1.0,-1.0,-0.24624624624624625,1.4021658725121953
ASH_COATED_OSMIUM,0,759900,-1.0,1.0,-0.24624624624624625,1.4021658725121953
ASH_COATED_OSMIUM,0,760800,-1.0,0.0,-0.24624624624624625,1.4021658725121953
ASH_COATED_OSMIUM,0,760900,-1.0,0.0,-0.24624624624624625,1.4021658725121953
ASH_COATED_OSMIUM,0,761100,-1.0,0.0,-0.24624624624624625,1.4021658725121953
ASH_COATED_OSMIUM,0,762300,-1.0,-1.0,-0.24624624624624625,1.4021658725121953
ASH_COATED_OSMIUM,0,762400,-1.0,0.0,-0.24624624624624625,1.4021658725121953
ASH_COATED_OSMIUM,0,762600,-1.0,1.5,-0.24624624624624625,1.4021658725121953
ASH_COATED_OSMIUM,0,764800,-1.0,-1.5,-0.24624624624624625,1.4021658725121953
ASH_COATED_OSMIUM,0,765200,-1.0,0.0,-0.24624624624624625,1.4021658725121953
ASH_COATED_OSMIUM,0,765400,-1.0,-1.0,-0.24624624624624625,1.4021658725121953
ASH_COATED_OSMIUM,0,765700,-1.0,0.0,-0.24624624624624625,1.4021658725121953
ASH_COATED_OSMIUM,0,766400,-1.0,0.0,-0.24624624624624625,1.4021658725121953
ASH_COATED_OSMIUM,0,766700,-1.0,-1.5,-0.24624624624624625,1.4021658725121953
ASH_COATED_OSMIUM,0,767200,-1.0,1.0,-0.24624624624624625,1.4021658725121953
ASH_COATED_OSMIUM,0,768000,-1.0,-1.0,-0.24624624624624625,1.4021658725121953
ASH_COATED_OSMIUM,0,769300,-1.0,0.0,-0.24624624624624625,1.4021658725121953
ASH_COATED_OSMIUM,0,769900,-1.0,-1.0,-0.24624624624624625,1.4021658725121953
ASH_COATED_OSMIUM,0,770800,-1.0,0.0,-0.24624624624624625,1.4021658725121953
ASH_COATED_OSMIUM,0,770900,-1.0,0.0,-0.24624624624624625,1.4021658725121953
ASH_COATED_OSMIUM,0,771000,-1.0,0.0,-0.24624624624624625,1.4021658725121953
ASH_COATED_OSMIUM,0,771200,-1.0,-1.0,-0.24624624624624625,1.4021658725121953
ASH_COATED_OSMIUM,0,771600,-1.0,2.5,-0.24624624624624625,1.4021658725121953
ASH_COATED_OSMIUM,0,772000,-1.0,0.0,-0.24624624624624625,1.4021658725121953
ASH_COATED_OSMIUM,0,772100,-1.0,0.0,-0.24624624624624625,1.4021658725121953
ASH_COATED_OSMIUM,0,772200,-1.0,0.0,-0.24624624624624625,1.4021658725121953
ASH_COATED_OSMIUM,0,772500,-1.0,0.0,-0.24624624624624625,1.4021658725121953
ASH_COATED_OSMIUM,0,772800,-1.0,0.0,-0.24624624624624625,1.4021658725121953
ASH_COATED_OSMIUM,0,772900,-1.0,-1.0,-0.24624624624624625,1.4021658725121953
ASH_COATED_OSMIUM,0,773600,-1.0,5.5,-0.24624624624624625,1.4021658725121953
ASH_COATED_OSMIUM,0,774700,-1.0,-1.0,-0.24624624624624625,1.4021658725121953
ASH_COATED_OSMIUM,0,774900,-1.0,-1.5,-0.24624624624624625,1.4021658725121953
ASH_COATED_OSMIUM,0,776000,-1.0,0.5,-0.24624624624624625,1.4021658725121953
ASH_COATED_OSMIUM,0,776500,-1.0,-1.5,-0.24624624624624625,1.4021658725121953
ASH_COATED_OSMIUM,0,777300,-1.0,1.0,-0.24624624624624625,1.4021658725121953
ASH_COATED_OSMIUM,0,778000,-1.0,0.0,-0.24624624624624625,1.4021658725121953
ASH_COATED_OSMIUM,0,778100,-1.0,-2.0,-0.24624624624624625,1.4021658725121953
ASH_COATED_OSMIUM,0,778500,-1.0,-1.5,-0.24624624624624625,1.4021658725121953
ASH_COATED_OSMIUM,0,779100,-1.0,-1.5,-0.24624624624624625,1.4021658725121953
ASH_COATED_OSMIUM,0,779300,-1.0,0.0,-0.24624624624624625,1.4021658725121953
ASH_COATED_OSMIUM,0,779400,-1.0,5.0,-0.24624624624624625,1.4021658725121953
ASH_COATED_OSMIUM,0,779700,-1.0,0.0,-0.24624624624624625,1.4021658725121953
ASH_COATED_OSMIUM,0,780100,-1.0,-0.5,-0.24624624624624625,1.4021658725121953
ASH_COATED_OSMIUM,0,781400,-1.0,1.0,-0.24624624624624625,1.4021658725121953
ASH_COATED_OSMIUM,0,782300,-1.0,-2.0,-0.24624624624624625,1.4021658725121953
ASH_COATED_OSMIUM,0,783500,-1.0,-1.0,-0.24624624624624625,1.4021658725121953
ASH_COATED_OSMIUM,0,784200,-1.0,0.0,-0.24624624624624625,1.4021658725121953
ASH_COATED_OSMIUM,0,784300,-1.0,0.0,-0.24624624624624625,1.4021658725121953
ASH_COATED_OSMIUM,0,786000,-1.0,0.0,-0.24624624624624625,1.4021658725121953
ASH_COATED_OSMIUM,0,787000,-1.0,-0.5,-0.24624624624624625,1.4021658725121953
ASH_COATED_OSMIUM,0,788200,-1.0,0.0,-0.24624624624624625,1.4021658725121953
ASH_COATED_OSMIUM,0,789000,-1.0,0.0,-0.24624624624624625,1.4021658725121953
ASH_COATED_OSMIUM,0,789600,-1.0,1.0,-0.24624624624624625,1.4021658725121953
ASH_COATED_OSMIUM,0,790500,-1.0,-1.5,-0.24624624624624625,1.4021658725121953
ASH_COATED_OSMIUM,0,791800,-1.0,0.0,-0.24624624624624625,1.4021658725121953
ASH_COATED_OSMIUM,0,791900,-1.0,-1.0,-0.24624624624624625,1.4021658725121953
ASH_COATED_OSMIUM,0,792200,-1.0,0.0,-0.24624624624624625,1.4021658725121953
ASH_COATED_OSMIUM,0,792300,-1.0,-1.5,-0.24624624624624625,1.4021658725121953
ASH_COATED_OSMIUM,0,792600,-1.0,-0.5,-0.24624624624624625,1.4021658725121953
ASH_COATED_OSMIUM,0,793200,-1.0,0.0,-0.24624624624624625,1.4021658725121953
ASH_COATED_OSMIUM,0,793800,-1.0,0.0,-0.24624624624624625,1.4021658725121953
ASH_COATED_OSMIUM,0,793900,-1.0,0.0,-0.24624624624624625,1.4021658725121953
ASH_COATED_OSMIUM,0,794200,-1.0,1.5,-0.24624624624624625,1.4021658725121953
ASH_COATED_OSMIUM,0,794800,-1.0,0.0,-0.24624624624624625,1.4021658725121953
ASH_COATED_OSMIUM,0,795700,-1.0,0.0,-0.24624624624624625,1.4021658725121953
ASH_COATED_OSMIUM,0,796100,-1.0,-4.0,-0.24624624624624625,1.4021658725121953
ASH_COATED_OSMIUM,0,797100,-1.0,-2.0,-0.24624624624624625,1.4021658725121953
ASH_COATED_OSMIUM,0,797400,-1.0,0.0,-0.24624624624624625,1.4021658725121953
ASH_COATED_OSMIUM,0,797600,-1.0,-2.0,-0.24624624624624625,1.4021658725121953
ASH_COATED_OSMIUM,0,798200,-1.0,0.0,-0.24624624624624625,1.4021658725121953
ASH_COATED_OSMIUM,0,800300,-1.0,4.5,-0.24624624624624625,1.4021658725121953
ASH_COATED_OSMIUM,0,800600,-1.0,0.0,-0.24624624624624625,1.4021658725121953
ASH_COATED_OSMIUM,0,800800,-1.0,1.0,-0.24624624624624625,1.4021658725121953
ASH_COATED_OSMIUM,0,801400,-1.0,0.0,-0.24624624624624625,1.4021658725121953
ASH_COATED_OSMIUM,0,802700,-1.0,1.0,-0.24624624624624625,1.4021658725121953
ASH_COATED_OSMIUM,0,802800,-1.0,3.0,-0.24624624624624625,1.4021658725121953
ASH_COATED_OSMIUM,0,803400,-1.0,0.0,-0.24624624624624625,1.4021658725121953
ASH_COATED_OSMIUM,0,803500,-1.0,0.0,-0.24624624624624625,1.4021658725121953
ASH_COATED_OSMIUM,0,805200,-1.0,2.5,-0.24624624624624625,1.4021658725121953
ASH_COATED_OSMIUM,0,805400,-1.0,0.0,-0.24624624624624625,1.4021658725121953
ASH_COATED_OSMIUM,0,805700,-1.0,2.0,-0.24624624624624625,1.4021658725121953
ASH_COATED_OSMIUM,0,806500,-1.0,0.0,-0.24624624624624625,1.4021658725121953
ASH_COATED_OSMIUM,0,806600,-1.0,0.5,-0.24624624624624625,1.4021658725121953
ASH_COATED_OSMIUM,0,807500,-1.0,0.0,-0.24624624624624625,1.4021658725121953
ASH_COATED_OSMIUM,0,808100,-1.0,0.0,-0.24624624624624625,1.4021658725121953
ASH_COATED_OSMIUM,0,808200,-1.0,0.0,-0.24624624624624625,1.4021658725121953
ASH_COATED_OSMIUM,0,808300,-1.0,0.0,-0.24624624624624625,1.4021658725121953
ASH_COATED_OSMIUM,0,808700,-1.0,0.0,-0.24624624624624625,1.4021658725121953
ASH_COATED_OSMIUM,0,808800,-1.0,1.0,-0.24624624624624625,1.4021658725121953
ASH_COATED_OSMIUM,0,808900,-1.0,0.0,-0.24624624624624625,1.4021658725121953
ASH_COATED_OSMIUM,0,809200,-1.0,0.0,-0.24624624624624625,1.4021658725121953
ASH_COATED_OSMIUM,0,809300,-1.0,1.0,-0.24624624624624625,1.4021658725121953
ASH_COATED_OSMIUM,0,810000,-1.0,0.0,-0.24624624624624625,1.4021658725121953
ASH_COATED_OSMIUM,0,810100,-1.0,-0.5,-0.24624624624624625,1.4021658725121953
ASH_COATED_OSMIUM,0,810700,-1.0,-1.0,-0.24624624624624625,1.4021658725121953
ASH_COATED_OSMIUM,0,811300,-1.0,-1.0,-0.24624624624624625,1.4021658725121953
ASH_COATED_OSMIUM,0,812100,-1.0,0.0,-0.24624624624624625,1.4021658725121953
ASH_COATED_OSMIUM,0,812200,-1.0,-1.5,-0.24624624624624625,1.4021658725121953
ASH_COATED_OSMIUM,0,812400,-1.0,0.0,-0.24624624624624625,1.4021658725121953
ASH_COATED_OSMIUM,0,812600,-1.0,0.0,-0.24624624624624625,1.4021658725121953
ASH_COATED_OSMIUM,0,813000,-1.0,-1.0,-0.24624624624624625,1.4021658725121953
ASH_COATED_OSMIUM,0,813200,-1.0,0.0,-0.24624624624624625,1.4021658725121953
ASH_COATED_OSMIUM,0,813300,-1.0,0.0,-0.24624624624624625,1.4021658725121953
ASH_COATED_OSMIUM,0,813700,-1.0,0.0,-0.24624624624624625,1.4021658725121953
ASH_COATED_OSMIUM,0,813800,-1.0,1.0,-0.24624624624624625,1.4021658725121953
ASH_COATED_OSMIUM,0,814000,-1.0,0.0,-0.24624624624624625,1.4021658725121953
ASH_COATED_OSMIUM,0,814100,-1.0,0.0,-0.24624624624624625,1.4021658725121953
ASH_COATED_OSMIUM,0,815100,-1.0,-1.0,-0.24624624624624625,1.4021658725121953
ASH_COATED_OSMIUM,0,815300,-1.0,0.0,-0.24624624624624625,1.4021658725121953
ASH_COATED_OSMIUM,0,815400,-1.0,0.0,-0.24624624624624625,1.4021658725121953
ASH_COATED_OSMIUM,0,816100,-1.0,0.0,-0.24624624624624625,1.4021658725121953
ASH_COATED_OSMIUM,0,817600,-1.0,0.0,-0.24624624624624625,1.4021658725121953
ASH_COATED_OSMIUM,0,819700,-1.0,0.0,-0.24624624624624625,1.4021658725121953
ASH_COATED_OSMIUM,0,820300,-1.0,0.0,-0.24624624624624625,1.4021658725121953
ASH_COATED_OSMIUM,0,822000,-1.0,1.0,-0.24624624624624625,1.4021658725121953
ASH_COATED_OSMIUM,0,823800,-1.0,-1.0,-0.24624624624624625,1.4021658725121953
ASH_COATED_OSMIUM,0,824500,-1.0,-1.5,-0.24624624624624625,1.4021658725121953
ASH_COATED_OSMIUM,0,824700,-1.0,1.0,-0.24624624624624625,1.4021658725121953
ASH_COATED_OSMIUM,0,824900,-1.0,0.0,-0.24624624624624625,1.4021658725121953
ASH_COATED_OSMIUM,0,826300,-1.0,0.0,-0.24624624624624625,1.4021658725121953
ASH_COATED_OSMIUM,0,827200,-1.0,0.0,-0.24624624624624625,1.4021658725121953
ASH_COATED_OSMIUM,0,827300,-1.0,0.0,-0.24624624624624625,1.4021658725121953
ASH_COATED_OSMIUM,0,828600,-1.0,-1.0,-0.24624624624624625,1.4021658725121953
ASH_COATED_OSMIUM,0,829300,-1.0,0.0,-0.24624624624624625,1.4021658725121953
ASH_COATED_OSMIUM,0,829400,-1.0,0.0,-0.24624624624624625,1.4021658725121953
ASH_COATED_OSMIUM,0,831100,-1.0,-1.5,-0.24624624624624625,1.4021658725121953
ASH_COATED_OSMIUM,0,832500,-1.0,-1.5,-0.24624624624624625,1.4021658725121953
ASH_COATED_OSMIUM,0,833800,-1.0,0.0,-0.24624624624624625,1.4021658725121953
ASH_COATED_OSMIUM,0,833900,-1.0,0.0,-0.24624624624624625,1.4021658725121953
ASH_COATED_OSMIUM,0,834200,-1.0,0.0,-0.24624624624624625,1.4021658725121953
ASH_COATED_OSMIUM,0,835000,-1.0,0.0,-0.24624624624624625,1.4021658725121953
ASH_COATED_OSMIUM,0,835700,-1.0,-7.0,-0.24624624624624625,1.4021658725121953
ASH_COATED_OSMIUM,0,836100,-1.0,0.0,-0.24624624624624625,1.4021658725121953
ASH_COATED_OSMIUM,0,836800,-1.0,1.0,-0.24624624624624625,1.4021658725121953
ASH_COATED_OSMIUM,0,838200,-1.0,0.0,-0.24624624624624625,1.4021658725121953
ASH_COATED_OSMIUM,0,838800,-1.0,0.0,-0.24624624624624625,1.4021658725121953
ASH_COATED_OSMIUM,0,839100,-1.0,-1.0,-0.24624624624624625,1.4021658725121953
ASH_COATED_OSMIUM,0,839400,-1.0,0.0,-0.24624624624624625,1.4021658725121953
ASH_COATED_OSMIUM,0,839500,-1.0,0.0,-0.24624624624624625,1.4021658725121953
ASH_COATED_OSMIUM,0,840700,-1.0,1.5,-0.24624624624624625,1.4021658725121953
ASH_COATED_OSMIUM,0,841000,-1.0,-2.0,-0.24624624624624625,1.4021658725121953
ASH_COATED_OSMIUM,0,841200,-1.0,0.0,-0.24624624624624625,1.4021658725121953
ASH_COATED_OSMIUM,0,843100,-1.0,3.5,-0.24624624624624625,1.4021658725121953
ASH_COATED_OSMIUM,0,843400,-1.0,2.5,-0.24624624624624625,1.4021658725121953
ASH_COATED_OSMIUM,0,843800,-1.0,0.0,-0.24624624624624625,1.4021658725121953
ASH_COATED_OSMIUM,0,844800,-1.0,0.0,-0.24624624624624625,1.4021658725121953
ASH_COATED_OSMIUM,0,845800,-1.0,0.0,-0.24624624624624625,1.4021658725121953
ASH_COATED_OSMIUM,0,845900,-1.0,0.0,-0.24624624624624625,1.4021658725121953
ASH_COATED_OSMIUM,0,846000,-1.0,-1.0,-0.24624624624624625,1.4021658725121953
ASH_COATED_OSMIUM,0,847600,-1.0,-1.0,-0.24624624624624625,1.4021658725121953
ASH_COATED_OSMIUM,0,847900,-1.0,0.0,-0.24624624624624625,1.4021658725121953
ASH_COATED_OSMIUM,0,849300,-1.0,0.0,-0.24624624624624625,1.4021658725121953
ASH_COATED_OSMIUM,0,849400,-1.0,0.0,-0.24624624624624625,1.4021658725121953
ASH_COATED_OSMIUM,0,849600,-1.0,1.0,-0.24624624624624625,1.4021658725121953
ASH_COATED_OSMIUM,0,850000,-1.0,0.0,-0.24624624624624625,1.4021658725121953
ASH_COATED_OSMIUM,0,851200,-1.0,0.0,-0.24624624624624625,1.4021658725121953
ASH_COATED_OSMIUM,0,851300,-1.0,-3.5,-0.24624624624624625,1.4021658725121953
ASH_COATED_OSMIUM,0,852700,-1.0,4.0,-0.24624624624624625,1.4021658725121953
ASH_COATED_OSMIUM,0,852900,-1.0,0.0,-0.24624624624624625,1.4021658725121953
ASH_COATED_OSMIUM,0,853000,-1.0,-1.0,-0.24624624624624625,1.4021658725121953
ASH_COATED_OSMIUM,0,853300,-1.0,-1.5,-0.24624624624624625,1.4021658725121953
ASH_COATED_OSMIUM,0,854000,-1.0,-1.0,-0.24624624624624625,1.4021658725121953
ASH_COATED_OSMIUM,0,854500,-1.0,1.0,-0.24624624624624625,1.4021658725121953
ASH_COATED_OSMIUM,0,855100,-1.0,-1.0,-0.24624624624624625,1.4021658725121953
ASH_COATED_OSMIUM,0,856000,-1.0,-1.0,-0.24624624624624625,1.4021658725121953
ASH_COATED_OSMIUM,0,857600,-1.0,0.0,-0.24624624624624625,1.4021658725121953
ASH_COATED_OSMIUM,0,857900,-1.0,0.0,-0.24624624624624625,1.4021658725121953
ASH_COATED_OSMIUM,0,858500,-1.0,1.0,-0.24624624624624625,1.4021658725121953
ASH_COATED_OSMIUM,0,859700,-1.0,0.0,-0.24624624624624625,1.4021658725121953
ASH_COATED_OSMIUM,0,860300,-1.0,0.0,-0.24624624624624625,1.4021658725121953
ASH_COATED_OSMIUM,0,860800,-1.0,0.0,-0.24624624624624625,1.4021658725121953
ASH_COATED_OSMIUM,0,861100,-1.0,0.0,-0.24624624624624625,1.4021658725121953
ASH_COATED_OSMIUM,0,861200,-1.0,-1.5,-0.24624624624624625,1.4021658725121953
ASH_COATED_OSMIUM,0,862100,-1.0,-1.0,-0.24624624624624625,1.4021658725121953
ASH_COATED_OSMIUM,0,863000,-1.0,0.5,-0.24624624624624625,1.4021658725121953
ASH_COATED_OSMIUM,0,864000,-1.0,0.0,-0.24624624624624625,1.4021658725121953
ASH_COATED_OSMIUM,0,864500,-1.0,0.0,-0.24624624624624625,1.4021658725121953
ASH_COATED_OSMIUM,0,864800,-1.0,0.0,-0.24624624624624625,1.4021658725121953
ASH_COATED_OSMIUM,0,865700,-1.0,0.0,-0.24624624624624625,1.4021658725121953
ASH_COATED_OSMIUM,0,868200,-1.0,-1.0,-0.24624624624624625,1.4021658725121953
ASH_COATED_OSMIUM,0,868500,-1.0,1.5,-0.24624624624624625,1.4021658725121953
ASH_COATED_OSMIUM,0,868700,-1.0,0.0,-0.24624624624624625,1.4021658725121953
ASH_COATED_OSMIUM,0,869500,-1.0,0.0,-0.24624624624624625,1.4021658725121953
ASH_COATED_OSMIUM,0,870000,-1.0,0.0,-0.24624624624624625,1.4021658725121953
ASH_COATED_OSMIUM,0,870600,-1.0,0.0,-0.24624624624624625,1.4021658725121953
ASH_COATED_OSMIUM,0,870700,-1.0,-5.5,-0.24624624624624625,1.4021658725121953
ASH_COATED_OSMIUM,0,871800,-1.0,-0.5,-0.24624624624624625,1.4021658725121953
ASH_COATED_OSMIUM,0,872400,-1.0,-1.0,-0.24624624624624625,1.4021658725121953
ASH_COATED_OSMIUM,0,873100,-1.0,-1.5,-0.24624624624624625,1.4021658725121953
ASH_COATED_OSMIUM,0,873400,-1.0,5.0,-0.24624624624624625,1.4021658725121953
ASH_COATED_OSMIUM,0,873700,-1.0,-1.0,-0.24624624624624625,1.4021658725121953
ASH_COATED_OSMIUM,0,874400,-1.0,-1.0,-0.24624624624624625,1.4021658725121953
ASH_COATED_OSMIUM,0,874700,-1.0,2.0,-0.24624624624624625,1.4021658725121953
ASH_COATED_OSMIUM,0,875800,-1.0,0.0,-0.24624624624624625,1.4021658725121953
ASH_COATED_OSMIUM,0,876800,-1.0,-1.5,-0.24624624624624625,1.4021658725121953
ASH_COATED_OSMIUM,0,877200,-1.0,0.0,-0.24624624624624625,1.4021658725121953
ASH_COATED_OSMIUM,0,877300,-1.0,3.5,-0.24624624624624625,1.4021658725121953
ASH_COATED_OSMIUM,0,878100,-1.0,5.5,-0.24624624624624625,1.4021658725121953
ASH_COATED_OSMIUM,0,878700,-1.0,-1.0,-0.24624624624624625,1.4021658725121953
ASH_COATED_OSMIUM,0,880100,-1.0,0.0,-0.24624624624624625,1.4021658725121953
ASH_COATED_OSMIUM,0,880200,-1.0,-0.5,-0.24624624624624625,1.4021658725121953
ASH_COATED_OSMIUM,0,881500,-1.0,1.5,-0.24624624624624625,1.4021658725121953
ASH_COATED_OSMIUM,0,881800,-1.0,0.0,-0.24624624624624625,1.4021658725121953
ASH_COATED_OSMIUM,0,882100,-1.0,1.0,-0.24624624624624625,1.4021658725121953
ASH_COATED_OSMIUM,0,882800,-1.0,0.0,-0.24624624624624625,1.4021658725121953
ASH_COATED_OSMIUM,0,883000,-1.0,0.0,-0.24624624624624625,1.4021658725121953
ASH_COATED_OSMIUM,0,883100,-1.0,1.0,-0.24624624624624625,1.4021658725121953
ASH_COATED_OSMIUM,0,883800,-1.0,-1.0,-0.24624624624624625,1.4021658725121953
ASH_COATED_OSMIUM,0,884900,-1.0,-1.0,-0.24624624624624625,1.4021658725121953
ASH_COATED_OSMIUM,0,885200,-1.0,0.0,-0.24624624624624625,1.4021658725121953
ASH_COATED_OSMIUM,0,885300,-1.0,0.0,-0.24624624624624625,1.4021658725121953
ASH_COATED_OSMIUM,0,885400,-1.0,-1.0,-0.24624624624624625,1.4021658725121953
ASH_COATED_OSMIUM,0,886100,-1.0,0.0,-0.24624624624624625,1.4021658725121953
ASH_COATED_OSMIUM,0,886200,-1.0,-1.5,-0.24624624624624625,1.4021658725121953
ASH_COATED_OSMIUM,0,886800,-1.0,0.5,-0.24624624624624625,1.4021658725121953
ASH_COATED_OSMIUM,0,887800,-1.0,0.0,-0.24624624624624625,1.4021658725121953
ASH_COATED_OSMIUM,0,889300,-1.0,-1.5,-0.24624624624624625,1.4021658725121953
ASH_COATED_OSMIUM,0,889900,-1.0,0.0,-0.24624624624624625,1.4021658725121953
ASH_COATED_OSMIUM,0,890500,-1.0,1.0,-0.24624624624624625,1.4021658725121953
ASH_COATED_OSMIUM,0,890700,-1.0,-1.0,-0.24624624624624625,1.4021658725121953
ASH_COATED_OSMIUM,0,891600,-1.0,-1.0,-0.24624624624624625,1.4021658725121953
ASH_COATED_OSMIUM,0,892900,-1.0,2.5,-0.24624624624624625,1.4021658725121953
ASH_COATED_OSMIUM,0,894100,-1.0,0.0,-0.24624624624624625,1.4021658725121953
ASH_COATED_OSMIUM,0,894200,-1.0,0.0,-0.24624624624624625,1.4021658725121953
ASH_COATED_OSMIUM,0,894300,-1.0,0.0,-0.24624624624624625,1.4021658725121953
ASH_COATED_OSMIUM,0,894400,-1.0,0.0,-0.24624624624624625,1.4021658725121953
ASH_COATED_OSMIUM,0,894500,-1.0,0.5,-0.24624624624624625,1.4021658725121953
ASH_COATED_OSMIUM,0,895000,-1.0,0.0,-0.24624624624624625,1.4021658725121953
ASH_COATED_OSMIUM,0,896200,-1.0,-2.0,-0.24624624624624625,1.4021658725121953
ASH_COATED_OSMIUM,0,896800,-1.0,0.0,-0.24624624624624625,1.4021658725121953
ASH_COATED_OSMIUM,0,897300,-1.0,-1.0,-0.24624624624624625,1.4021658725121953
ASH_COATED_OSMIUM,0,897700,-1.0,2.0,-0.24624624624624625,1.4021658725121953
ASH_COATED_OSMIUM,0,898100,-1.0,1.0,-0.24624624624624625,1.4021658725121953
ASH_COATED_OSMIUM,0,898200,-1.0,1.0,-0.24624624624624625,1.4021658725121953
ASH_COATED_OSMIUM,0,898800,-1.0,-3.5,-0.24624624624624625,1.4021658725121953
ASH_COATED_OSMIUM,0,899300,-1.0,0.0,-0.24624624624624625,1.4021658725121953
ASH_COATED_OSMIUM,0,899400,-1.0,0.0,-0.24624624624624625,1.4021658725121953
ASH_COATED_OSMIUM,0,899600,-1.0,-0.5,-0.24624624624624625,1.4021658725121953
ASH_COATED_OSMIUM,0,899900,-1.0,-1.5,-0.24624624624624625,1.4021658725121953
ASH_COATED_OSMIUM,0,901200,-1.0,0.0,-0.24624624624624625,1.4021658725121953
ASH_COATED_OSMIUM,0,902200,-1.0,0.0,-0.24624624624624625,1.4021658725121953
ASH_COATED_OSMIUM,0,902400,-1.0,0.0,-0.24624624624624625,1.4021658725121953
ASH_COATED_OSMIUM,0,902500,-1.0,0.0,-0.24624624624624625,1.4021658725121953
ASH_COATED_OSMIUM,0,902600,-1.0,0.0,-0.24624624624624625,1.4021658725121953
ASH_COATED_OSMIUM,0,903400,-1.0,0.0,-0.24624624624624625,1.4021658725121953
ASH_COATED_OSMIUM,0,903500,-1.0,0.0,-0.24624624624624625,1.4021658725121953
ASH_COATED_OSMIUM,0,904000,-1.0,0.0,-0.24624624624624625,1.4021658725121953
ASH_COATED_OSMIUM,0,904100,-1.0,0.0,-0.24624624624624625,1.4021658725121953
ASH_COATED_OSMIUM,0,904300,-1.0,0.5,-0.24624624624624625,1.4021658725121953
ASH_COATED_OSMIUM,0,905000,-1.0,0.0,-0.24624624624624625,1.4021658725121953
ASH_COATED_OSMIUM,0,905400,-1.0,0.0,-0.24624624624624625,1.4021658725121953
ASH_COATED_OSMIUM,0,906100,-1.0,0.0,-0.24624624624624625,1.4021658725121953
ASH_COATED_OSMIUM,0,906500,-1.0,1.0,-0.24624624624624625,1.4021658725121953
ASH_COATED_OSMIUM,0,907600,-1.0,0.0,-0.24624624624624625,1.4021658725121953
ASH_COATED_OSMIUM,0,908100,-1.0,-1.0,-0.24624624624624625,1.4021658725121953
ASH_COATED_OSMIUM,0,908800,-1.0,-1.0,-0.24624624624624625,1.4021658725121953
ASH_COATED_OSMIUM,0,909500,-1.0,-1.0,-0.24624624624624625,1.4021658725121953
ASH_COATED_OSMIUM,0,910200,-1.0,0.0,-0.24624624624624625,1.4021658725121953
ASH_COATED_OSMIUM,0,910500,-1.0,0.0,-0.24624624624624625,1.4021658725121953
ASH_COATED_OSMIUM,0,910600,-1.0,0.0,-0.24624624624624625,1.4021658725121953
ASH_COATED_OSMIUM,0,910700,-1.0,0.0,-0.24624624624624625,1.4021658725121953
ASH_COATED_OSMIUM,0,911000,-1.0,1.0,-0.24624624624624625,1.4021658725121953
ASH_COATED_OSMIUM,0,911700,-1.0,0.5,-0.24624624624624625,1.4021658725121953
ASH_COATED_OSMIUM,0,912600,-1.0,0.0,-0.24624624624624625,1.4021658725121953
ASH_COATED_OSMIUM,0,912700,-1.0,1.5,-0.24624624624624625,1.4021658725121953
ASH_COATED_OSMIUM,0,915000,-1.0,-1.0,-0.24624624624624625,1.4021658725121953
ASH_COATED_OSMIUM,0,915800,-1.0,0.0,-0.24624624624624625,1.4021658725121953
ASH_COATED_OSMIUM,0,916000,-1.0,2.0,-0.24624624624624625,1.4021658725121953
ASH_COATED_OSMIUM,0,916800,-1.0,-1.0,-0.24624624624624625,1.4021658725121953
ASH_COATED_OSMIUM,0,917800,-1.0,0.0,-0.24624624624624625,1.4021658725121953
ASH_COATED_OSMIUM,0,918500,-1.0,0.0,-0.24624624624624625,1.4021658725121953
ASH_COATED_OSMIUM,0,918600,-1.0,1.0,-0.24624624624624625,1.4021658725121953
ASH_COATED_OSMIUM,0,918800,-1.0,1.0,-0.24624624624624625,1.4021658725121953
ASH_COATED_OSMIUM,0,919700,-1.0,0.0,-0.24624624624624625,1.4021658725121953
ASH_COATED_OSMIUM,0,920900,-1.0,-1.5,-0.24624624624624625,1.4021658725121953
ASH_COATED_OSMIUM,0,921100,-1.0,0.0,-0.24624624624624625,1.4021658725121953
ASH_COATED_OSMIUM,0,921200,-1.0,1.0,-0.24624624624624625,1.4021658725121953
ASH_COATED_OSMIUM,0,921700,-1.0,0.0,-0.24624624624624625,1.4021658725121953
ASH_COATED_OSMIUM,0,923700,-1.0,0.0,-0.24624624624624625,1.4021658725121953
ASH_COATED_OSMIUM,0,924900,-1.0,0.0,-0.24624624624624625,1.4021658725121953
ASH_COATED_OSMIUM,0,925000,-1.0,0.0,-0.24624624624624625,1.4021658725121953
ASH_COATED_OSMIUM,0,925100,-1.0,0.0,-0.24624624624624625,1.4021658725121953
ASH_COATED_OSMIUM,0,926000,-1.0,0.0,-0.24624624624624625,1.4021658725121953
ASH_COATED_OSMIUM,0,926700,-1.0,-1.0,-0.24624624624624625,1.4021658725121953
ASH_COATED_OSMIUM,0,927300,-1.0,-2.0,-0.24624624624624625,1.4021658725121953
ASH_COATED_OSMIUM,0,928200,-1.0,0.5,-0.24624624624624625,1.4021658725121953
ASH_COATED_OSMIUM,0,928500,-1.0,0.0,-0.24624624624624625,1.4021658725121953
ASH_COATED_OSMIUM,0,928600,-1.0,-3.5,-0.24624624624624625,1.4021658725121953
ASH_COATED_OSMIUM,0,928900,-1.0,-0.5,-0.24624624624624625,1.4021658725121953
ASH_COATED_OSMIUM,0,930100,-1.0,-1.0,-0.24624624624624625,1.4021658725121953
ASH_COATED_OSMIUM,0,931400,-1.0,1.0,-0.24624624624624625,1.4021658725121953
ASH_COATED_OSMIUM,0,931500,-1.0,0.0,-0.24624624624624625,1.4021658725121953
ASH_COATED_OSMIUM,0,931600,-1.0,-1.0,-0.24624624624624625,1.4021658725121953
ASH_COATED_OSMIUM,0,933200,-1.0,-1.0,-0.24624624624624625,1.4021658725121953
ASH_COATED_OSMIUM,0,934000,-1.0,0.0,-0.24624624624624625,1.4021658725121953
ASH_COATED_OSMIUM,0,934100,-1.0,0.0,-0.24624624624624625,1.4021658725121953
ASH_COATED_OSMIUM,0,934800,-1.0,-1.5,-0.24624624624624625,1.4021658725121953
ASH_COATED_OSMIUM,0,936100,-1.0,-1.0,-0.24624624624624625,1.4021658725121953
ASH_COATED_OSMIUM,0,936700,-1.0,0.0,-0.24624624624624625,1.4021658725121953
ASH_COATED_OSMIUM,0,936800,-1.0,0.0,-0.24624624624624625,1.4021658725121953
ASH_COATED_OSMIUM,0,937300,-1.0,0.0,-0.24624624624624625,1.4021658725121953
ASH_COATED_OSMIUM,0,937400,-1.0,0.0,-0.24624624624624625,1.4021658725121953
ASH_COATED_OSMIUM,0,938300,-1.0,0.0,-0.24624624624624625,1.4021658725121953
ASH_COATED_OSMIUM,0,938600,-1.0,3.0,-0.24624624624624625,1.4021658725121953
ASH_COATED_OSMIUM,0,939000,-1.0,0.0,-0.24624624624624625,1.4021658725121953
ASH_COATED_OSMIUM,0,939200,-1.0,-1.5,-0.24624624624624625,1.4021658725121953
ASH_COATED_OSMIUM,0,940400,-1.0,-4.0,-0.24624624624624625,1.4021658725121953
ASH_COATED_OSMIUM,0,941500,-1.0,0.0,-0.24624624624624625,1.4021658725121953
ASH_COATED_OSMIUM,0,941600,-1.0,1.5,-0.24624624624624625,1.4021658725121953
ASH_COATED_OSMIUM,0,942800,-1.0,-1.0,-0.24624624624624625,1.4021658725121953
ASH_COATED_OSMIUM,0,943200,-1.0,3.0,-0.24624624624624625,1.4021658725121953
ASH_COATED_OSMIUM,0,943400,-1.0,0.0,-0.24624624624624625,1.4021658725121953
ASH_COATED_OSMIUM,0,943700,-1.0,0.0,-0.24624624624624625,1.4021658725121953
ASH_COATED_OSMIUM,0,944500,-1.0,-0.5,-0.24624624624624625,1.4021658725121953
ASH_COATED_OSMIUM,0,945400,-1.0,0.0,-0.24624624624624625,1.4021658725121953
ASH_COATED_OSMIUM,0,945500,-1.0,0.0,-0.24624624624624625,1.4021658725121953
ASH_COATED_OSMIUM,0,947400,-1.0,-2.0,-0.24624624624624625,1.4021658725121953
ASH_COATED_OSMIUM,0,947900,-1.0,-0.5,-0.24624624624624625,1.4021658725121953
ASH_COATED_OSMIUM,0,948600,-1.0,0.0,-0.24624624624624625,1.4021658725121953
ASH_COATED_OSMIUM,0,948800,-1.0,-1.0,-0.24624624624624625,1.4021658725121953
ASH_COATED_OSMIUM,0,949400,-1.0,-4.0,-0.24624624624624625,1.4021658725121953
ASH_COATED_OSMIUM,0,949800,-1.0,0.0,-0.24624624624624625,1.4021658725121953
ASH_COATED_OSMIUM,0,951000,-1.0,-1.0,-0.24624624624624625,1.4021658725121953
ASH_COATED_OSMIUM,0,951200,-1.0,-1.0,-0.24624624624624625,1.4021658725121953
ASH_COATED_OSMIUM,0,952000,-1.0,0.0,-0.24624624624624625,1.4021658725121953
ASH_COATED_OSMIUM,0,952400,-1.0,0.5,-0.24624624624624625,1.4021658725121953
ASH_COATED_OSMIUM,0,952700,-1.0,0.0,-0.24624624624624625,1.4021658725121953
ASH_COATED_OSMIUM,0,953800,-1.0,0.0,-0.24624624624624625,1.4021658725121953
ASH_COATED_OSMIUM,0,954100,-1.0,0.0,-0.24624624624624625,1.4021658725121953
ASH_COATED_OSMIUM,0,954300,-1.0,-1.0,-0.24624624624624625,1.4021658725121953
ASH_COATED_OSMIUM,0,955500,-1.0,-1.5,-0.24624624624624625,1.4021658725121953
ASH_COATED_OSMIUM,0,955700,-1.0,1.0,-0.24624624624624625,1.4021658725121953
ASH_COATED_OSMIUM,0,956700,-1.0,-1.0,-0.24624624624624625,1.4021658725121953
ASH_COATED_OSMIUM,0,958300,-1.0,2.5,-0.24624624624624625,1.4021658725121953
ASH_COATED_OSMIUM,0,959200,-1.0,-1.0,-0.24624624624624625,1.4021658725121953
ASH_COATED_OSMIUM,0,959600,-1.0,0.0,-0.24624624624624625,1.4021658725121953
ASH_COATED_OSMIUM,0,959700,-1.0,4.5,-0.24624624624624625,1.4021658725121953
ASH_COATED_OSMIUM,0,960600,-1.0,-0.5,-0.24624624624624625,1.4021658725121953
ASH_COATED_OSMIUM,0,961500,-1.0,0.0,-0.24624624624624625,1.4021658725121953
ASH_COATED_OSMIUM,0,961600,-1.0,0.0,-0.24624624624624625,1.4021658725121953
ASH_COATED_OSMIUM,0,961900,-1.0,-1.0,-0.24624624624624625,1.4021658725121953
ASH_COATED_OSMIUM,0,962400,-1.0,-1.0,-0.24624624624624625,1.4021658725121953
ASH_COATED_OSMIUM,0,963100,-1.0,0.0,-0.24624624624624625,1.4021658725121953
ASH_COATED_OSMIUM,0,963200,-1.0,0.0,-0.24624624624624625,1.4021658725121953
ASH_COATED_OSMIUM,0,963600,-1.0,3.5,-0.24624624624624625,1.4021658725121953
ASH_COATED_OSMIUM,0,964100,-1.0,0.0,-0.24624624624624625,1.4021658725121953
ASH_COATED_OSMIUM,0,964200,-1.0,-1.5,-0.24624624624624625,1.4021658725121953
ASH_COATED_OSMIUM,0,965100,-1.0,-1.0,-0.24624624624624625,1.4021658725121953
ASH_COATED_OSMIUM,0,965800,-1.0,1.0,-0.24624624624624625,1.4021658725121953
ASH_COATED_OSMIUM,0,966200,-1.0,-1.5,-0.24624624624624625,1.4021658725121953
ASH_COATED_OSMIUM,0,966400,-1.0,0.0,-0.24624624624624625,1.4021658725121953
ASH_COATED_OSMIUM,0,966500,-1.0,-1.0,-0.24624624624624625,1.4021658725121953
ASH_COATED_OSMIUM,0,967200,-1.0,0.0,-0.24624624624624625,1.4021658725121953
ASH_COATED_OSMIUM,0,970200,-1.0,-1.0,-0.24624624624624625,1.4021658725121953
ASH_COATED_OSMIUM,0,971100,-1.0,0.0,-0.24624624624624625,1.4021658725121953
ASH_COATED_OSMIUM,0,971200,-1.0,0.0,-0.24624624624624625,1.4021658725121953
ASH_COATED_OSMIUM,0,971300,-1.0,-1.0,-0.24624624624624625,1.4021658725121953
ASH_COATED_OSMIUM,0,971900,-1.0,0.0,-0.24624624624624625,1.4021658725121953
ASH_COATED_OSMIUM,0,972000,-1.0,0.5,-0.24624624624624625,1.4021658725121953
ASH_COATED_OSMIUM,0,974200,-1.0,0.0,-0.24624624624624625,1.4021658725121953
ASH_COATED_OSMIUM,0,974300,-1.0,-2.0,-0.24624624624624625,1.4021658725121953
ASH_COATED_OSMIUM,0,974500,-1.0,-1.5,-0.24624624624624625,1.4021658725121953
ASH_COATED_OSMIUM,0,974700,-1.0,2.0,-0.24624624624624625,1.4021658725121953
ASH_COATED_OSMIUM,0,975000,-1.0,0.0,-0.24624624624624625,1.4021658725121953
ASH_COATED_OSMIUM,0,975100,-1.0,0.0,-0.24624624624624625,1.4021658725121953
ASH_COATED_OSMIUM,0,975300,-1.0,0.0,-0.24624624624624625,1.4021658725121953
ASH_COATED_OSMIUM,0,976600,-1.0,0.5,-0.24624624624624625,1.4021658725121953
ASH_COATED_OSMIUM,0,977100,-1.0,0.0,-0.24624624624624625,1.4021658725121953
ASH_COATED_OSMIUM,0,977200,-1.0,1.0,-0.24624624624624625,1.4021658725121953
ASH_COATED_OSMIUM,0,978100,-1.0,0.5,-0.24624624624624625,1.4021658725121953
ASH_COATED_OSMIUM,0,978300,-1.0,1.0,-0.24624624624624625,1.4021658725121953
ASH_COATED_OSMIUM,0,978900,-1.0,0.0,-0.24624624624624625,1.4021658725121953
ASH_COATED_OSMIUM,0,979100,-1.0,0.0,-0.24624624624624625,1.4021658725121953
ASH_COATED_OSMIUM,0,979600,-1.0,-1.0,-0.24624624624624625,1.4021658725121953
ASH_COATED_OSMIUM,0,980800,-1.0,0.0,-0.24624624624624625,1.4021658725121953
ASH_COATED_OSMIUM,0,980900,-1.0,0.5,-0.24624624624624625,1.4021658725121953
ASH_COATED_OSMIUM,0,981100,-1.0,-1.0,-0.24624624624624625,1.4021658725121953
ASH_COATED_OSMIUM,0,981400,-1.0,0.0,-0.24624624624624625,1.4021658725121953
ASH_COATED_OSMIUM,0,981500,-1.0,-6.5,-0.24624624624624625,1.4021658725121953
ASH_COATED_OSMIUM,0,984100,-1.0,0.5,-0.24624624624624625,1.4021658725121953
ASH_COATED_OSMIUM,0,984300,-1.0,1.5,-0.24624624624624625,1.4021658725121953
ASH_COATED_OSMIUM,0,984900,-1.0,0.0,-0.24624624624624625,1.4021658725121953
ASH_COATED_OSMIUM,0,985000,-1.0,-1.5,-0.24624624624624625,1.4021658725121953
ASH_COATED_OSMIUM,0,985500,-1.0,0.0,-0.24624624624624625,1.4021658725121953
ASH_COATED_OSMIUM,0,987400,-1.0,-1.0,-0.24624624624624625,1.4021658725121953
ASH_COATED_OSMIUM,0,987900,-1.0,-1.5,-0.24624624624624625,1.4021658725121953
ASH_COATED_OSMIUM,0,988300,-1.0,3.0,-0.24624624624624625,1.4021658725121953
ASH_COATED_OSMIUM,0,989700,-1.0,0.0,-0.24624624624624625,1.4021658725121953
ASH_COATED_OSMIUM,0,990500,-1.0,-1.5,-0.24624624624624625,1.4021658725121953
ASH_COATED_OSMIUM,0,991200,-1.0,0.0,-0.24624624624624625,1.4021658725121953
ASH_COATED_OSMIUM,0,991600,-1.0,-1.0,-0.24624624624624625,1.4021658725121953
ASH_COATED_OSMIUM,0,992000,-1.0,-5.5,-0.24624624624624625,1.4021658725121953
ASH_COATED_OSMIUM,0,992200,-1.0,-2.0,-0.24624624624624625,1.4021658725121953
ASH_COATED_OSMIUM,0,992900,-1.0,1.0,-0.24624624624624625,1.4021658725121953
ASH_COATED_OSMIUM,0,993500,-1.0,-1.0,-0.24624624624624625,1.4021658725121953
ASH_COATED_OSMIUM,0,994600,-1.0,-1.0,-0.24624624624624625,1.4021658725121953
ASH_COATED_OSMIUM,0,994800,-1.0,0.0,-0.24624624624624625,1.4021658725121953
ASH_COATED_OSMIUM,0,994900,-1.0,-1.5,-0.24624624624624625,1.4021658725121953
ASH_COATED_OSMIUM,0,995600,-1.0,0.0,-0.24624624624624625,1.4021658725121953
ASH_COATED_OSMIUM,0,995700,-1.0,0.0,-0.24624624624624625,1.4021658725121953
ASH_COATED_OSMIUM,0,998600,-1.0,0.0,-0.24624624624624625,1.4021658725121953
ASH_COATED_OSMIUM,0,998700,-1.0,0.0,-0.24624624624624625,1.4021658725121953
ASH_COATED_OSMIUM,0,999600,-1.0,0.0,-0.24624624624624625,1.4021658725121953
ASH_COATED_OSMIUM,0,67400,0.0,-1.0,-0.09,0.9017556572077174
ASH_COATED_OSMIUM,0,70100,0.0,0.0,-0.09,0.9017556572077174
ASH_COATED_OSMIUM,0,83800,0.0,-1.0,-0.09,0.9017556572077174
ASH_COATED_OSMIUM,0,102200,0.0,-1.0,-0.09,0.9017556572077174
ASH_COATED_OSMIUM,0,151900,0.0,-1.0,-0.09,0.9017556572077174
ASH_COATED_OSMIUM,0,169900,0.0,-2.0,-0.09,0.9017556572077174
ASH_COATED_OSMIUM,0,175500,0.0,-1.0,-0.09,0.9017556572077174
ASH_COATED_OSMIUM,0,185900,0.0,0.5,-0.09,0.9017556572077174
ASH_COATED_OSMIUM,0,252300,0.0,1.0,-0.09,0.9017556572077174
ASH_COATED_OSMIUM,0,259200,0.0,0.5,-0.09,0.9017556572077174
ASH_COATED_OSMIUM,0,259400,0.0,0.0,-0.09,0.9017556572077174
ASH_COATED_OSMIUM,0,405800,0.0,0.5,-0.09,0.9017556572077174
ASH_COATED_OSMIUM,0,444300,0.0,0.0,-0.09,0.9017556572077174
ASH_COATED_OSMIUM,0,457100,0.0,1.5,-0.09,0.9017556572077174
ASH_COATED_OSMIUM,0,460500,0.0,-0.5,-0.09,0.9017556572077174
ASH_COATED_OSMIUM,0,464200,0.0,1.5,-0.09,0.9017556572077174
ASH_COATED_OSMIUM,0,469900,0.0,-1.0,-0.09,0.9017556572077174
ASH_COATED_OSMIUM,0,480800,0.0,0.0,-0.09,0.9017556572077174
ASH_COATED_OSMIUM,0,524500,0.0,-1.5,-0.09,0.9017556572077174
ASH_COATED_OSMIUM,0,534900,0.0,1.5,-0.09,0.9017556572077174
ASH_COATED_OSMIUM,0,540900,0.0,0.5,-0.09,0.9017556572077174
ASH_COATED_OSMIUM,0,541000,0.0,0.5,-0.09,0.9017556572077174
ASH_COATED_OSMIUM,0,542600,0.0,0.0,-0.09,0.9017556572077174
ASH_COATED_OSMIUM,0,545600,0.0,0.0,-0.09,0.9017556572077174
ASH_COATED_OSMIUM,0,550400,0.0,0.0,-0.09,0.9017556572077174
ASH_COATED_OSMIUM,0,555600,0.0,-0.5,-0.09,0.9017556572077174
ASH_COATED_OSMIUM,0,569000,0.0,-0.5,-0.09,0.9017556572077174
ASH_COATED_OSMIUM,0,571600,0.0,0.0,-0.09,0.9017556572077174
ASH_COATED_OSMIUM,0,573100,0.0,-1.0,-0.09,0.9017556572077174
ASH_COATED_OSMIUM,0,587100,0.0,0.0,-0.09,0.9017556572077174
ASH_COATED_OSMIUM,0,591700,0.0,-1.0,-0.09,0.9017556572077174
ASH_COATED_OSMIUM,0,625100,0.0,-1.0,-0.09,0.9017556572077174
ASH_COATED_OSMIUM,0,640700,0.0,-1.5,-0.09,0.9017556572077174
ASH_COATED_OSMIUM,0,661700,0.0,0.0,-0.09,0.9017556572077174
ASH_COATED_OSMIUM,0,684300,0.0,0.0,-0.09,0.9017556572077174
ASH_COATED_OSMIUM,0,693300,0.0,0.5,-0.09,0.9017556572077174
ASH_COATED_OSMIUM,0,724000,0.0,-1.5,-0.09,0.9017556572077174
ASH_COATED_OSMIUM,0,738500,0.0,0.5,-0.09,0.9017556572077174
ASH_COATED_OSMIUM,0,769700,0.0,1.5,-0.09,0.9017556572077174
ASH_COATED_OSMIUM,0,818600,0.0,0.0,-0.09,0.9017556572077174
ASH_COATED_OSMIUM,0,833200,0.0,-1.5,-0.09,0.9017556572077174
ASH_COATED_OSMIUM,0,866400,0.0,1.0,-0.09,0.9017556572077174
ASH_COATED_OSMIUM,0,876600,0.0,0.0,-0.09,0.9017556572077174
ASH_COATED_OSMIUM,0,911800,0.0,0.5,-0.09,0.9017556572077174
ASH_COATED_OSMIUM,0,944100,0.0,0.0,-0.09,0.9017556572077174
ASH_COATED_OSMIUM,0,957100,0.0,1.0,-0.09,0.9017556572077174
ASH_COATED_OSMIUM,0,962000,0.0,0.0,-0.09,0.9017556572077174
ASH_COATED_OSMIUM,0,967600,0.0,-1.0,-0.09,0.9017556572077174
ASH_COATED_OSMIUM,0,993400,0.0,0.5,-0.09,0.9017556572077174
ASH_COATED_OSMIUM,0,995800,0.0,1.5,-0.09,0.9017556572077174
ASH_COATED_OSMIUM,0,300,1.0,0.0,0.20420506912442396,1.4472191963565233
ASH_COATED_OSMIUM,0,900,1.0,1.0,0.20420506912442396,1.4472191963565233
ASH_COATED_OSMIUM,0,1300,1.0,0.0,0.20420506912442396,1.4472191963565233
ASH_COATED_OSMIUM,0,1500,1.0,1.5,0.20420506912442396,1.4472191963565233
ASH_COATED_OSMIUM,0,1700,1.0,2.5,0.20420506912442396,1.4472191963565233
ASH_COATED_OSMIUM,0,2400,1.0,1.5,0.20420506912442396,1.4472191963565233
ASH_COATED_OSMIUM,0,2900,1.0,0.0,0.20420506912442396,1.4472191963565233
ASH_COATED_OSMIUM,0,3000,1.0,-0.5,0.20420506912442396,1.4472191963565233
ASH_COATED_OSMIUM,0,3300,1.0,-1.0,0.20420506912442396,1.4472191963565233
ASH_COATED_OSMIUM,0,3900,1.0,0.0,0.20420506912442396,1.4472191963565233
ASH_COATED_OSMIUM,0,4000,1.0,-2.0,0.20420506912442396,1.4472191963565233
ASH_COATED_OSMIUM,0,5000,1.0,1.0,0.20420506912442396,1.4472191963565233
ASH_COATED_OSMIUM,0,5900,1.0,0.0,0.20420506912442396,1.4472191963565233
ASH_COATED_OSMIUM,0,6500,1.0,4.5,0.20420506912442396,1.4472191963565233
ASH_COATED_OSMIUM,0,6800,1.0,0.0,0.20420506912442396,1.4472191963565233
ASH_COATED_OSMIUM,0,6900,1.0,0.0,0.20420506912442396,1.4472191963565233
ASH_COATED_OSMIUM,0,7000,1.0,0.0,0.20420506912442396,1.4472191963565233
ASH_COATED_OSMIUM,0,7100,1.0,1.0,0.20420506912442396,1.4472191963565233
ASH_COATED_OSMIUM,0,7300,1.0,-0.5,0.20420506912442396,1.4472191963565233
ASH_COATED_OSMIUM,0,7700,1.0,-5.5,0.20420506912442396,1.4472191963565233
ASH_COATED_OSMIUM,0,8300,1.0,0.0,0.20420506912442396,1.4472191963565233
ASH_COATED_OSMIUM,0,8400,1.0,0.0,0.20420506912442396,1.4472191963565233
ASH_COATED_OSMIUM,0,8800,1.0,2.0,0.20420506912442396,1.4472191963565233
ASH_COATED_OSMIUM,0,9100,1.0,1.5,0.20420506912442396,1.4472191963565233
ASH_COATED_OSMIUM,0,10000,1.0,-1.0,0.20420506912442396,1.4472191963565233
ASH_COATED_OSMIUM,0,10200,1.0,0.0,0.20420506912442396,1.4472191963565233
ASH_COATED_OSMIUM,0,10500,1.0,0.0,0.20420506912442396,1.4472191963565233
ASH_COATED_OSMIUM,0,10600,1.0,0.0,0.20420506912442396,1.4472191963565233
ASH_COATED_OSMIUM,0,10800,1.0,1.0,0.20420506912442396,1.4472191963565233
ASH_COATED_OSMIUM,0,11300,1.0,-1.0,0.20420506912442396,1.4472191963565233
ASH_COATED_OSMIUM,0,11500,1.0,0.0,0.20420506912442396,1.4472191963565233
ASH_COATED_OSMIUM,0,12800,1.0,1.0,0.20420506912442396,1.4472191963565233
ASH_COATED_OSMIUM,0,13100,1.0,2.0,0.20420506912442396,1.4472191963565233
ASH_COATED_OSMIUM,0,13300,1.0,0.0,0.20420506912442396,1.4472191963565233
ASH_COATED_OSMIUM,0,13500,1.0,0.0,0.20420506912442396,1.4472191963565233
ASH_COATED_OSMIUM,0,13700,1.0,0.0,0.20420506912442396,1.4472191963565233
ASH_COATED_OSMIUM,0,13800,1.0,0.0,0.20420506912442396,1.4472191963565233
ASH_COATED_OSMIUM,0,14800,1.0,1.5,0.20420506912442396,1.4472191963565233
ASH_COATED_OSMIUM,0,15000,1.0,0.0,0.20420506912442396,1.4472191963565233
ASH_COATED_OSMIUM,0,15500,1.0,1.0,0.20420506912442396,1.4472191963565233
ASH_COATED_OSMIUM,0,15700,1.0,1.0,0.20420506912442396,1.4472191963565233
ASH_COATED_OSMIUM,0,17200,1.0,0.0,0.20420506912442396,1.4472191963565233
ASH_COATED_OSMIUM,0,17300,1.0,3.5,0.20420506912442396,1.4472191963565233
ASH_COATED_OSMIUM,0,19300,1.0,0.0,0.20420506912442396,1.4472191963565233
ASH_COATED_OSMIUM,0,19400,1.0,0.0,0.20420506912442396,1.4472191963565233
ASH_COATED_OSMIUM,0,20000,1.0,0.0,0.20420506912442396,1.4472191963565233
ASH_COATED_OSMIUM,0,20500,1.0,0.0,0.20420506912442396,1.4472191963565233
ASH_COATED_OSMIUM,0,20600,1.0,-1.0,0.20420506912442396,1.4472191963565233
ASH_COATED_OSMIUM,0,20800,1.0,1.5,0.20420506912442396,1.4472191963565233
ASH_COATED_OSMIUM,0,21800,1.0,-1.0,0.20420506912442396,1.4472191963565233
ASH_COATED_OSMIUM,0,22100,1.0,1.0,0.20420506912442396,1.4472191963565233
ASH_COATED_OSMIUM,0,22400,1.0,1.0,0.20420506912442396,1.4472191963565233
ASH_COATED_OSMIUM,0,22900,1.0,1.5,0.20420506912442396,1.4472191963565233
ASH_COATED_OSMIUM,0,24200,1.0,1.0,0.20420506912442396,1.4472191963565233
ASH_COATED_OSMIUM,0,24400,1.0,0.0,0.20420506912442396,1.4472191963565233
ASH_COATED_OSMIUM,0,24500,1.0,0.0,0.20420506912442396,1.4472191963565233
ASH_COATED_OSMIUM,0,27400,1.0,0.0,0.20420506912442396,1.4472191963565233
ASH_COATED_OSMIUM,0,27500,1.0,0.0,0.20420506912442396,1.4472191963565233
ASH_COATED_OSMIUM,0,27600,1.0,1.5,0.20420506912442396,1.4472191963565233
ASH_COATED_OSMIUM,0,30100,1.0,-1.0,0.20420506912442396,1.4472191963565233
ASH_COATED_OSMIUM,0,32700,1.0,5.0,0.20420506912442396,1.4472191963565233
ASH_COATED_OSMIUM,0,32900,1.0,0.0,0.20420506912442396,1.4472191963565233
ASH_COATED_OSMIUM,0,33000,1.0,-1.0,0.20420506912442396,1.4472191963565233
ASH_COATED_OSMIUM,0,33200,1.0,3.0,0.20420506912442396,1.4472191963565233
ASH_COATED_OSMIUM,0,34900,1.0,0.0,0.20420506912442396,1.4472191963565233
ASH_COATED_OSMIUM,0,35200,1.0,0.0,0.20420506912442396,1.4472191963565233
ASH_COATED_OSMIUM,0,36100,1.0,-1.0,0.20420506912442396,1.4472191963565233
ASH_COATED_OSMIUM,0,37400,1.0,1.5,0.20420506912442396,1.4472191963565233
ASH_COATED_OSMIUM,0,38700,1.0,5.5,0.20420506912442396,1.4472191963565233
ASH_COATED_OSMIUM,0,38900,1.0,4.5,0.20420506912442396,1.4472191963565233
ASH_COATED_OSMIUM,0,39500,1.0,-1.0,0.20420506912442396,1.4472191963565233
ASH_COATED_OSMIUM,0,40000,1.0,-2.5,0.20420506912442396,1.4472191963565233
ASH_COATED_OSMIUM,0,42600,1.0,2.0,0.20420506912442396,1.4472191963565233
ASH_COATED_OSMIUM,0,43100,1.0,5.0,0.20420506912442396,1.4472191963565233
ASH_COATED_OSMIUM,0,45000,1.0,0.5,0.20420506912442396,1.4472191963565233
ASH_COATED_OSMIUM,0,45200,1.0,-1.0,0.20420506912442396,1.4472191963565233
ASH_COATED_OSMIUM,0,47200,1.0,0.0,0.20420506912442396,1.4472191963565233
ASH_COATED_OSMIUM,0,47800,1.0,0.0,0.20420506912442396,1.4472191963565233
ASH_COATED_OSMIUM,0,47900,1.0,0.0,0.20420506912442396,1.4472191963565233
ASH_COATED_OSMIUM,0,48400,1.0,-1.0,0.20420506912442396,1.4472191963565233
ASH_COATED_OSMIUM,0,49900,1.0,0.0,0.20420506912442396,1.4472191963565233
ASH_COATED_OSMIUM,0,50500,1.0,0.0,0.20420506912442396,1.4472191963565233
ASH_COATED_OSMIUM,0,52800,1.0,-1.5,0.20420506912442396,1.4472191963565233
ASH_COATED_OSMIUM,0,54300,1.0,0.5,0.20420506912442396,1.4472191963565233
ASH_COATED_OSMIUM,0,54500,1.0,-1.0,0.20420506912442396,1.4472191963565233
ASH_COATED_OSMIUM,0,56100,1.0,0.0,0.20420506912442396,1.4472191963565233
ASH_COATED_OSMIUM,0,56300,1.0,1.0,0.20420506912442396,1.4472191963565233
ASH_COATED_OSMIUM,0,57900,1.0,0.0,0.20420506912442396,1.4472191963565233
ASH_COATED_OSMIUM,0,59000,1.0,1.5,0.20420506912442396,1.4472191963565233
ASH_COATED_OSMIUM,0,59500,1.0,0.0,0.20420506912442396,1.4472191963565233
ASH_COATED_OSMIUM,0,62100,1.0,-2.0,0.20420506912442396,1.4472191963565233
ASH_COATED_OSMIUM,0,62300,1.0,1.5,0.20420506912442396,1.4472191963565233
ASH_COATED_OSMIUM,0,64500,1.0,0.0,0.20420506912442396,1.4472191963565233
ASH_COATED_OSMIUM,0,64600,1.0,1.5,0.20420506912442396,1.4472191963565233
ASH_COATED_OSMIUM,0,64900,1.0,1.5,0.20420506912442396,1.4472191963565233
ASH_COATED_OSMIUM,0,65100,1.0,0.0,0.20420506912442396,1.4472191963565233
ASH_COATED_OSMIUM,0,65400,1.0,1.0,0.20420506912442396,1.4472191963565233
ASH_COATED_OSMIUM,0,67700,1.0,1.0,0.20420506912442396,1.4472191963565233
ASH_COATED_OSMIUM,0,67800,1.0,0.0,0.20420506912442396,1.4472191963565233
ASH_COATED_OSMIUM,0,68100,1.0,0.0,0.20420506912442396,1.4472191963565233
ASH_COATED_OSMIUM,0,68200,1.0,0.0,0.20420506912442396,1.4472191963565233
ASH_COATED_OSMIUM,0,68800,1.0,0.0,0.20420506912442396,1.4472191963565233
ASH_COATED_OSMIUM,0,69200,1.0,-1.0,0.20420506912442396,1.4472191963565233
ASH_COATED_OSMIUM,0,70200,1.0,-5.0,0.20420506912442396,1.4472191963565233
ASH_COATED_OSMIUM,0,70500,1.0,-1.0,0.20420506912442396,1.4472191963565233
ASH_COATED_OSMIUM,0,71700,1.0,2.0,0.20420506912442396,1.4472191963565233
ASH_COATED_OSMIUM,0,72000,1.0,0.0,0.20420506912442396,1.4472191963565233
ASH_COATED_OSMIUM,0,72300,1.0,0.0,0.20420506912442396,1.4472191963565233
ASH_COATED_OSMIUM,0,75200,1.0,0.0,0.20420506912442396,1.4472191963565233
ASH_COATED_OSMIUM,0,75700,1.0,1.5,0.20420506912442396,1.4472191963565233
ASH_COATED_OSMIUM,0,75900,1.0,-3.5,0.20420506912442396,1.4472191963565233
ASH_COATED_OSMIUM,0,76300,1.0,0.0,0.20420506912442396,1.4472191963565233
ASH_COATED_OSMIUM,0,78000,1.0,0.0,0.20420506912442396,1.4472191963565233
ASH_COATED_OSMIUM,0,78800,1.0,-0.5,0.20420506912442396,1.4472191963565233
ASH_COATED_OSMIUM,0,79000,1.0,0.0,0.20420506912442396,1.4472191963565233
ASH_COATED_OSMIUM,0,79100,1.0,-6.0,0.20420506912442396,1.4472191963565233
ASH_COATED_OSMIUM,0,79500,1.0,0.0,0.20420506912442396,1.4472191963565233
ASH_COATED_OSMIUM,0,80400,1.0,0.0,0.20420506912442396,1.4472191963565233
ASH_COATED_OSMIUM,0,80500,1.0,1.5,0.20420506912442396,1.4472191963565233
ASH_COATED_OSMIUM,0,81800,1.0,1.5,0.20420506912442396,1.4472191963565233
ASH_COATED_OSMIUM,0,82800,1.0,1.5,0.20420506912442396,1.4472191963565233
ASH_COATED_OSMIUM,0,83300,1.0,0.0,0.20420506912442396,1.4472191963565233
ASH_COATED_OSMIUM,0,83400,1.0,1.0,0.20420506912442396,1.4472191963565233
ASH_COATED_OSMIUM,0,83600,1.0,0.0,0.20420506912442396,1.4472191963565233
ASH_COATED_OSMIUM,0,83900,1.0,0.0,0.20420506912442396,1.4472191963565233
ASH_COATED_OSMIUM,0,84000,1.0,1.0,0.20420506912442396,1.4472191963565233
ASH_COATED_OSMIUM,0,84700,1.0,0.0,0.20420506912442396,1.4472191963565233
ASH_COATED_OSMIUM,0,84800,1.0,0.0,0.20420506912442396,1.4472191963565233
ASH_COATED_OSMIUM,0,85500,1.0,2.5,0.20420506912442396,1.4472191963565233
ASH_COATED_OSMIUM,0,87000,1.0,1.0,0.20420506912442396,1.4472191963565233
ASH_COATED_OSMIUM,0,88100,1.0,0.0,0.20420506912442396,1.4472191963565233
ASH_COATED_OSMIUM,0,88200,1.0,1.0,0.20420506912442396,1.4472191963565233
ASH_COATED_OSMIUM,0,89100,1.0,3.0,0.20420506912442396,1.4472191963565233
ASH_COATED_OSMIUM,0,89600,1.0,1.0,0.20420506912442396,1.4472191963565233
ASH_COATED_OSMIUM,0,91700,1.0,1.5,0.20420506912442396,1.4472191963565233
ASH_COATED_OSMIUM,0,92300,1.0,-5.0,0.20420506912442396,1.4472191963565233
ASH_COATED_OSMIUM,0,92600,1.0,1.5,0.20420506912442396,1.4472191963565233
ASH_COATED_OSMIUM,0,92900,1.0,1.5,0.20420506912442396,1.4472191963565233
ASH_COATED_OSMIUM,0,93300,1.0,-1.5,0.20420506912442396,1.4472191963565233
ASH_COATED_OSMIUM,0,93900,1.0,2.0,0.20420506912442396,1.4472191963565233
ASH_COATED_OSMIUM,0,94200,1.0,1.0,0.20420506912442396,1.4472191963565233
ASH_COATED_OSMIUM,0,95400,1.0,2.0,0.20420506912442396,1.4472191963565233
ASH_COATED_OSMIUM,0,96100,1.0,0.0,0.20420506912442396,1.4472191963565233
ASH_COATED_OSMIUM,0,96200,1.0,-1.0,0.20420506912442396,1.4472191963565233
ASH_COATED_OSMIUM,0,96600,1.0,1.0,0.20420506912442396,1.4472191963565233
ASH_COATED_OSMIUM,0,97000,1.0,1.0,0.20420506912442396,1.4472191963565233
ASH_COATED_OSMIUM,0,97400,1.0,-1.0,0.20420506912442396,1.4472191963565233
ASH_COATED_OSMIUM,0,98200,1.0,0.0,0.20420506912442396,1.4472191963565233
ASH_COATED_OSMIUM,0,98300,1.0,1.0,0.20420506912442396,1.4472191963565233
ASH_COATED_OSMIUM,0,100600,1.0,0.0,0.20420506912442396,1.4472191963565233
ASH_COATED_OSMIUM,0,100800,1.0,-1.0,0.20420506912442396,1.4472191963565233
ASH_COATED_OSMIUM,0,101500,1.0,0.0,0.20420506912442396,1.4472191963565233
ASH_COATED_OSMIUM,0,101600,1.0,-1.5,0.20420506912442396,1.4472191963565233
ASH_COATED_OSMIUM,0,102100,1.0,0.0,0.20420506912442396,1.4472191963565233
ASH_COATED_OSMIUM,0,102900,1.0,1.0,0.20420506912442396,1.4472191963565233
ASH_COATED_OSMIUM,0,103300,1.0,1.0,0.20420506912442396,1.4472191963565233
ASH_COATED_OSMIUM,0,104300,1.0,1.0,0.20420506912442396,1.4472191963565233
ASH_COATED_OSMIUM,0,104400,1.0,0.0,0.20420506912442396,1.4472191963565233
ASH_COATED_OSMIUM,0,104900,1.0,0.0,0.20420506912442396,1.4472191963565233
ASH_COATED_OSMIUM,0,105100,1.0,-1.5,0.20420506912442396,1.4472191963565233
ASH_COATED_OSMIUM,0,105400,1.0,3.5,0.20420506912442396,1.4472191963565233
ASH_COATED_OSMIUM,0,105800,1.0,1.5,0.20420506912442396,1.4472191963565233
ASH_COATED_OSMIUM,0,106100,1.0,0.0,0.20420506912442396,1.4472191963565233
ASH_COATED_OSMIUM,0,106200,1.0,0.0,0.20420506912442396,1.4472191963565233
ASH_COATED_OSMIUM,0,106400,1.0,0.0,0.20420506912442396,1.4472191963565233
ASH_COATED_OSMIUM,0,106700,1.0,0.0,0.20420506912442396,1.4472191963565233
ASH_COATED_OSMIUM,0,108000,1.0,0.0,0.20420506912442396,1.4472191963565233
ASH_COATED_OSMIUM,0,108100,1.0,1.0,0.20420506912442396,1.4472191963565233
ASH_COATED_OSMIUM,0,108600,1.0,0.0,0.20420506912442396,1.4472191963565233
ASH_COATED_OSMIUM,0,109000,1.0,0.0,0.20420506912442396,1.4472191963565233
ASH_COATED_OSMIUM,0,109100,1.0,0.0,0.20420506912442396,1.4472191963565233
ASH_COATED_OSMIUM,0,109200,1.0,0.0,0.20420506912442396,1.4472191963565233
ASH_COATED_OSMIUM,0,109300,1.0,0.0,0.20420506912442396,1.4472191963565233
ASH_COATED_OSMIUM,0,110100,1.0,-1.0,0.20420506912442396,1.4472191963565233
ASH_COATED_OSMIUM,0,110500,1.0,-1.0,0.20420506912442396,1.4472191963565233
ASH_COATED_OSMIUM,0,110900,1.0,-0.5,0.20420506912442396,1.4472191963565233
ASH_COATED_OSMIUM,0,112500,1.0,0.0,0.20420506912442396,1.4472191963565233
ASH_COATED_OSMIUM,0,112700,1.0,-1.0,0.20420506912442396,1.4472191963565233
ASH_COATED_OSMIUM,0,113100,1.0,1.5,0.20420506912442396,1.4472191963565233
ASH_COATED_OSMIUM,0,113300,1.0,1.0,0.20420506912442396,1.4472191963565233
ASH_COATED_OSMIUM,0,113600,1.0,1.0,0.20420506912442396,1.4472191963565233
ASH_COATED_OSMIUM,0,114300,1.0,0.0,0.20420506912442396,1.4472191963565233
ASH_COATED_OSMIUM,0,114400,1.0,0.0,0.20420506912442396,1.4472191963565233
ASH_COATED_OSMIUM,0,114600,1.0,1.0,0.20420506912442396,1.4472191963565233
ASH_COATED_OSMIUM,0,115600,1.0,0.0,0.20420506912442396,1.4472191963565233
ASH_COATED_OSMIUM,0,115900,1.0,0.0,0.20420506912442396,1.4472191963565233
ASH_COATED_OSMIUM,0,116100,1.0,1.0,0.20420506912442396,1.4472191963565233
ASH_COATED_OSMIUM,0,117500,1.0,0.0,0.20420506912442396,1.4472191963565233
ASH_COATED_OSMIUM,0,118100,1.0,0.0,0.20420506912442396,1.4472191963565233
ASH_COATED_OSMIUM,0,118200,1.0,0.0,0.20420506912442396,1.4472191963565233
ASH_COATED_OSMIUM,0,119000,1.0,-1.0,0.20420506912442396,1.4472191963565233
ASH_COATED_OSMIUM,0,119800,1.0,1.0,0.20420506912442396,1.4472191963565233
ASH_COATED_OSMIUM,0,120100,1.0,0.0,0.20420506912442396,1.4472191963565233
ASH_COATED_OSMIUM,0,120700,1.0,3.0,0.20420506912442396,1.4472191963565233
ASH_COATED_OSMIUM,0,121000,1.0,-1.0,0.20420506912442396,1.4472191963565233
ASH_COATED_OSMIUM,0,121100,1.0,1.5,0.20420506912442396,1.4472191963565233
ASH_COATED_OSMIUM,0,121400,1.0,1.5,0.20420506912442396,1.4472191963565233
ASH_COATED_OSMIUM,0,121900,1.0,0.0,0.20420506912442396,1.4472191963565233
ASH_COATED_OSMIUM,0,123800,1.0,-1.0,0.20420506912442396,1.4472191963565233
ASH_COATED_OSMIUM,0,124100,1.0,-1.5,0.20420506912442396,1.4472191963565233
ASH_COATED_OSMIUM,0,125100,1.0,1.5,0.20420506912442396,1.4472191963565233
ASH_COATED_OSMIUM,0,125300,1.0,0.0,0.20420506912442396,1.4472191963565233
ASH_COATED_OSMIUM,0,126300,1.0,1.0,0.20420506912442396,1.4472191963565233
ASH_COATED_OSMIUM,0,127500,1.0,0.0,0.20420506912442396,1.4472191963565233
ASH_COATED_OSMIUM,0,127600,1.0,0.0,0.20420506912442396,1.4472191963565233
ASH_COATED_OSMIUM,0,127700,1.0,-1.0,0.20420506912442396,1.4472191963565233
ASH_COATED_OSMIUM,0,128100,1.0,0.0,0.20420506912442396,1.4472191963565233
ASH_COATED_OSMIUM,0,128200,1.0,-1.0,0.20420506912442396,1.4472191963565233
ASH_COATED_OSMIUM,0,128400,1.0,0.0,0.20420506912442396,1.4472191963565233
ASH_COATED_OSMIUM,0,129300,1.0,1.5,0.20420506912442396,1.4472191963565233
ASH_COATED_OSMIUM,0,132300,1.0,-1.0,0.20420506912442396,1.4472191963565233
ASH_COATED_OSMIUM,0,132400,1.0,4.5,0.20420506912442396,1.4472191963565233
ASH_COATED_OSMIUM,0,132700,1.0,0.0,0.20420506912442396,1.4472191963565233
ASH_COATED_OSMIUM,0,133300,1.0,0.0,0.20420506912442396,1.4472191963565233
ASH_COATED_OSMIUM,0,134100,1.0,0.0,0.20420506912442396,1.4472191963565233
ASH_COATED_OSMIUM,0,134600,1.0,0.5,0.20420506912442396,1.4472191963565233
ASH_COATED_OSMIUM,0,134800,1.0,0.0,0.20420506912442396,1.4472191963565233
ASH_COATED_OSMIUM,0,135400,1.0,1.0,0.20420506912442396,1.4472191963565233
ASH_COATED_OSMIUM,0,136000,1.0,0.0,0.20420506912442396,1.4472191963565233
ASH_COATED_OSMIUM,0,136200,1.0,0.0,0.20420506912442396,1.4472191963565233
ASH_COATED_OSMIUM,0,136300,1.0,0.0,0.20420506912442396,1.4472191963565233
ASH_COATED_OSMIUM,0,136800,1.0,0.0,0.20420506912442396,1.4472191963565233
ASH_COATED_OSMIUM,0,136900,1.0,1.0,0.20420506912442396,1.4472191963565233
ASH_COATED_OSMIUM,0,137400,1.0,0.0,0.20420506912442396,1.4472191963565233
ASH_COATED_OSMIUM,0,137500,1.0,1.5,0.20420506912442396,1.4472191963565233
ASH_COATED_OSMIUM,0,137700,1.0,0.0,0.20420506912442396,1.4472191963565233
ASH_COATED_OSMIUM,0,138000,1.0,1.0,0.20420506912442396,1.4472191963565233
ASH_COATED_OSMIUM,0,138400,1.0,-0.5,0.20420506912442396,1.4472191963565233
ASH_COATED_OSMIUM,0,139000,1.0,0.0,0.20420506912442396,1.4472191963565233
ASH_COATED_OSMIUM,0,139300,1.0,0.0,0.20420506912442396,1.4472191963565233
ASH_COATED_OSMIUM,0,139400,1.0,0.0,0.20420506912442396,1.4472191963565233
ASH_COATED_OSMIUM,0,139500,1.0,0.0,0.20420506912442396,1.4472191963565233
ASH_COATED_OSMIUM,0,139700,1.0,0.0,0.20420506912442396,1.4472191963565233
ASH_COATED_OSMIUM,0,140600,1.0,0.0,0.20420506912442396,1.4472191963565233
ASH_COATED_OSMIUM,0,140700,1.0,0.0,0.20420506912442396,1.4472191963565233
ASH_COATED_OSMIUM,0,141000,1.0,1.0,0.20420506912442396,1.4472191963565233
ASH_COATED_OSMIUM,0,141400,1.0,1.0,0.20420506912442396,1.4472191963565233
ASH_COATED_OSMIUM,0,141700,1.0,5.5,0.20420506912442396,1.4472191963565233
ASH_COATED_OSMIUM,0,142600,1.0,0.0,0.20420506912442396,1.4472191963565233
ASH_COATED_OSMIUM,0,142700,1.0,0.0,0.20420506912442396,1.4472191963565233
ASH_COATED_OSMIUM,0,142800,1.0,1.5,0.20420506912442396,1.4472191963565233
ASH_COATED_OSMIUM,0,143500,1.0,0.0,0.20420506912442396,1.4472191963565233
ASH_COATED_OSMIUM,0,144400,1.0,0.0,0.20420506912442396,1.4472191963565233
ASH_COATED_OSMIUM,0,144900,1.0,0.0,0.20420506912442396,1.4472191963565233
ASH_COATED_OSMIUM,0,145500,1.0,-1.0,0.20420506912442396,1.4472191963565233
ASH_COATED_OSMIUM,0,145700,1.0,0.0,0.20420506912442396,1.4472191963565233
ASH_COATED_OSMIUM,0,145800,1.0,0.0,0.20420506912442396,1.4472191963565233
ASH_COATED_OSMIUM,0,147100,1.0,1.5,0.20420506912442396,1.4472191963565233
ASH_COATED_OSMIUM,0,147900,1.0,0.0,0.20420506912442396,1.4472191963565233
ASH_COATED_OSMIUM,0,148000,1.0,1.0,0.20420506912442396,1.4472191963565233
ASH_COATED_OSMIUM,0,148100,1.0,1.0,0.20420506912442396,1.4472191963565233
ASH_COATED_OSMIUM,0,149900,1.0,1.5,0.20420506912442396,1.4472191963565233
ASH_COATED_OSMIUM,0,150500,1.0,-1.0,0.20420506912442396,1.4472191963565233
ASH_COATED_OSMIUM,0,150700,1.0,0.0,0.20420506912442396,1.4472191963565233
ASH_COATED_OSMIUM,0,151000,1.0,0.0,0.20420506912442396,1.4472191963565233
ASH_COATED_OSMIUM,0,151100,1.0,1.0,0.20420506912442396,1.4472191963565233
ASH_COATED_OSMIUM,0,151300,1.0,-1.0,0.20420506912442396,1.4472191963565233
ASH_COATED_OSMIUM,0,152200,1.0,0.0,0.20420506912442396,1.4472191963565233
ASH_COATED_OSMIUM,0,152300,1.0,1.5,0.20420506912442396,1.4472191963565233
ASH_COATED_OSMIUM,0,152700,1.0,0.0,0.20420506912442396,1.4472191963565233
ASH_COATED_OSMIUM,0,152800,1.0,1.0,0.20420506912442396,1.4472191963565233
ASH_COATED_OSMIUM,0,152900,1.0,0.0,0.20420506912442396,1.4472191963565233
ASH_COATED_OSMIUM,0,154900,1.0,0.0,0.20420506912442396,1.4472191963565233
ASH_COATED_OSMIUM,0,155600,1.0,2.0,0.20420506912442396,1.4472191963565233
ASH_COATED_OSMIUM,0,156300,1.0,1.5,0.20420506912442396,1.4472191963565233
ASH_COATED_OSMIUM,0,158300,1.0,1.0,0.20420506912442396,1.4472191963565233
ASH_COATED_OSMIUM,0,158500,1.0,2.0,0.20420506912442396,1.4472191963565233
ASH_COATED_OSMIUM,0,158700,1.0,0.0,0.20420506912442396,1.4472191963565233
ASH_COATED_OSMIUM,0,158800,1.0,-1.0,0.20420506912442396,1.4472191963565233
ASH_COATED_OSMIUM,0,160600,1.0,0.0,0.20420506912442396,1.4472191963565233
ASH_COATED_OSMIUM,0,161100,1.0,0.0,0.20420506912442396,1.4472191963565233
ASH_COATED_OSMIUM,0,161500,1.0,0.0,0.20420506912442396,1.4472191963565233
ASH_COATED_OSMIUM,0,162700,1.0,0.0,0.20420506912442396,1.4472191963565233
ASH_COATED_OSMIUM,0,162800,1.0,0.5,0.20420506912442396,1.4472191963565233
ASH_COATED_OSMIUM,0,164100,1.0,2.0,0.20420506912442396,1.4472191963565233
ASH_COATED_OSMIUM,0,164300,1.0,0.0,0.20420506912442396,1.4472191963565233
ASH_COATED_OSMIUM,0,164400,1.0,0.5,0.20420506912442396,1.4472191963565233
ASH_COATED_OSMIUM,0,165800,1.0,-0.5,0.20420506912442396,1.4472191963565233
ASH_COATED_OSMIUM,0,166000,1.0,0.0,0.20420506912442396,1.4472191963565233
ASH_COATED_OSMIUM,0,166100,1.0,0.0,0.20420506912442396,1.4472191963565233
ASH_COATED_OSMIUM,0,166300,1.0,1.5,0.20420506912442396,1.4472191963565233
ASH_COATED_OSMIUM,0,166600,1.0,1.0,0.20420506912442396,1.4472191963565233
ASH_COATED_OSMIUM,0,167600,1.0,-1.5,0.20420506912442396,1.4472191963565233
ASH_COATED_OSMIUM,0,167900,1.0,0.0,0.20420506912442396,1.4472191963565233
ASH_COATED_OSMIUM,0,169200,1.0,0.0,0.20420506912442396,1.4472191963565233
ASH_COATED_OSMIUM,0,170500,1.0,1.0,0.20420506912442396,1.4472191963565233
ASH_COATED_OSMIUM,0,170900,1.0,-1.0,0.20420506912442396,1.4472191963565233
ASH_COATED_OSMIUM,0,172400,1.0,-0.5,0.20420506912442396,1.4472191963565233
ASH_COATED_OSMIUM,0,174700,1.0,0.0,0.20420506912442396,1.4472191963565233
ASH_COATED_OSMIUM,0,174800,1.0,-0.5,0.20420506912442396,1.4472191963565233
ASH_COATED_OSMIUM,0,176400,1.0,1.5,0.20420506912442396,1.4472191963565233
ASH_COATED_OSMIUM,0,178900,1.0,0.0,0.20420506912442396,1.4472191963565233
ASH_COATED_OSMIUM,0,179000,1.0,1.0,0.20420506912442396,1.4472191963565233
ASH_COATED_OSMIUM,0,181200,1.0,0.0,0.20420506912442396,1.4472191963565233
ASH_COATED_OSMIUM,0,181300,1.0,0.0,0.20420506912442396,1.4472191963565233
ASH_COATED_OSMIUM,0,181500,1.0,0.0,0.20420506912442396,1.4472191963565233
ASH_COATED_OSMIUM,0,182600,1.0,-1.0,0.20420506912442396,1.4472191963565233
ASH_COATED_OSMIUM,0,183000,1.0,1.5,0.20420506912442396,1.4472191963565233
ASH_COATED_OSMIUM,0,183700,1.0,0.0,0.20420506912442396,1.4472191963565233
ASH_COATED_OSMIUM,0,183800,1.0,1.0,0.20420506912442396,1.4472191963565233
ASH_COATED_OSMIUM,0,185000,1.0,1.0,0.20420506912442396,1.4472191963565233
ASH_COATED_OSMIUM,0,186700,1.0,-1.0,0.20420506912442396,1.4472191963565233
ASH_COATED_OSMIUM,0,187400,1.0,1.0,0.20420506912442396,1.4472191963565233
ASH_COATED_OSMIUM,0,187800,1.0,-3.0,0.20420506912442396,1.4472191963565233
ASH_COATED_OSMIUM,0,188400,1.0,-1.0,0.20420506912442396,1.4472191963565233
ASH_COATED_OSMIUM,0,188800,1.0,0.5,0.20420506912442396,1.4472191963565233
ASH_COATED_OSMIUM,0,190900,1.0,1.0,0.20420506912442396,1.4472191963565233
ASH_COATED_OSMIUM,0,191500,1.0,-1.0,0.20420506912442396,1.4472191963565233
ASH_COATED_OSMIUM,0,192600,1.0,0.0,0.20420506912442396,1.4472191963565233
ASH_COATED_OSMIUM,0,193700,1.0,0.0,0.20420506912442396,1.4472191963565233
ASH_COATED_OSMIUM,0,195100,1.0,0.0,0.20420506912442396,1.4472191963565233
ASH_COATED_OSMIUM,0,196600,1.0,0.0,0.20420506912442396,1.4472191963565233
ASH_COATED_OSMIUM,0,197000,1.0,1.0,0.20420506912442396,1.4472191963565233
ASH_COATED_OSMIUM,0,197100,1.0,5.5,0.20420506912442396,1.4472191963565233
ASH_COATED_OSMIUM,0,197300,1.0,1.0,0.20420506912442396,1.4472191963565233
ASH_COATED_OSMIUM,0,197600,1.0,1.0,0.20420506912442396,1.4472191963565233
ASH_COATED_OSMIUM,0,198100,1.0,0.0,0.20420506912442396,1.4472191963565233
ASH_COATED_OSMIUM,0,198800,1.0,0.0,0.20420506912442396,1.4472191963565233
ASH_COATED_OSMIUM,0,199100,1.0,-2.5,0.20420506912442396,1.4472191963565233
ASH_COATED_OSMIUM,0,201200,1.0,-1.0,0.20420506912442396,1.4472191963565233
ASH_COATED_OSMIUM,0,201800,1.0,1.0,0.20420506912442396,1.4472191963565233
ASH_COATED_OSMIUM,0,203000,1.0,0.0,0.20420506912442396,1.4472191963565233
ASH_COATED_OSMIUM,0,203300,1.0,1.5,0.20420506912442396,1.4472191963565233
ASH_COATED_OSMIUM,0,205100,1.0,0.0,0.20420506912442396,1.4472191963565233
ASH_COATED_OSMIUM,0,205200,1.0,1.5,0.20420506912442396,1.4472191963565233
ASH_COATED_OSMIUM,0,205500,1.0,1.0,0.20420506912442396,1.4472191963565233
ASH_COATED_OSMIUM,0,206600,1.0,1.0,0.20420506912442396,1.4472191963565233
ASH_COATED_OSMIUM,0,207300,1.0,1.5,0.20420506912442396,1.4472191963565233
ASH_COATED_OSMIUM,0,208000,1.0,0.0,0.20420506912442396,1.4472191963565233
ASH_COATED_OSMIUM,0,208200,1.0,0.0,0.20420506912442396,1.4472191963565233
ASH_COATED_OSMIUM,0,208900,1.0,-4.0,0.20420506912442396,1.4472191963565233
ASH_COATED_OSMIUM,0,210100,1.0,0.0,0.20420506912442396,1.4472191963565233
ASH_COATED_OSMIUM,0,210200,1.0,0.0,0.20420506912442396,1.4472191963565233
ASH_COATED_OSMIUM,0,210600,1.0,1.0,0.20420506912442396,1.4472191963565233
ASH_COATED_OSMIUM,0,210900,1.0,0.0,0.20420506912442396,1.4472191963565233
ASH_COATED_OSMIUM,0,211000,1.0,0.0,0.20420506912442396,1.4472191963565233
ASH_COATED_OSMIUM,0,211300,1.0,1.0,0.20420506912442396,1.4472191963565233
ASH_COATED_OSMIUM,0,211500,1.0,0.0,0.20420506912442396,1.4472191963565233
ASH_COATED_OSMIUM,0,212400,1.0,-1.0,0.20420506912442396,1.4472191963565233
ASH_COATED_OSMIUM,0,213400,1.0,5.0,0.20420506912442396,1.4472191963565233
ASH_COATED_OSMIUM,0,213800,1.0,-3.5,0.20420506912442396,1.4472191963565233
ASH_COATED_OSMIUM,0,214200,1.0,0.0,0.20420506912442396,1.4472191963565233
ASH_COATED_OSMIUM,0,214300,1.0,-0.5,0.20420506912442396,1.4472191963565233
ASH_COATED_OSMIUM,0,215200,1.0,0.0,0.20420506912442396,1.4472191963565233
ASH_COATED_OSMIUM,0,215300,1.0,0.0,0.20420506912442396,1.4472191963565233
ASH_COATED_OSMIUM,0,215900,1.0,0.0,0.20420506912442396,1.4472191963565233
ASH_COATED_OSMIUM,0,216000,1.0,3.0,0.20420506912442396,1.4472191963565233
ASH_COATED_OSMIUM,0,216500,1.0,0.0,0.20420506912442396,1.4472191963565233
ASH_COATED_OSMIUM,0,216600,1.0,1.0,0.20420506912442396,1.4472191963565233
ASH_COATED_OSMIUM,0,217000,1.0,1.0,0.20420506912442396,1.4472191963565233
ASH_COATED_OSMIUM,0,217200,1.0,1.0,0.20420506912442396,1.4472191963565233
ASH_COATED_OSMIUM,0,218200,1.0,0.5,0.20420506912442396,1.4472191963565233
ASH_COATED_OSMIUM,0,219300,1.0,0.0,0.20420506912442396,1.4472191963565233
ASH_COATED_OSMIUM,0,219400,1.0,0.0,0.20420506912442396,1.4472191963565233
ASH_COATED_OSMIUM,0,219500,1.0,5.5,0.20420506912442396,1.4472191963565233
ASH_COATED_OSMIUM,0,219800,1.0,0.0,0.20420506912442396,1.4472191963565233
ASH_COATED_OSMIUM,0,221500,1.0,0.0,0.20420506912442396,1.4472191963565233
ASH_COATED_OSMIUM,0,221600,1.0,0.0,0.20420506912442396,1.4472191963565233
ASH_COATED_OSMIUM,0,221900,1.0,2.0,0.20420506912442396,1.4472191963565233
ASH_COATED_OSMIUM,0,222300,1.0,1.0,0.20420506912442396,1.4472191963565233
ASH_COATED_OSMIUM,0,224300,1.0,0.0,0.20420506912442396,1.4472191963565233
ASH_COATED_OSMIUM,0,225600,1.0,0.0,0.20420506912442396,1.4472191963565233
ASH_COATED_OSMIUM,0,225700,1.0,0.0,0.20420506912442396,1.4472191963565233
ASH_COATED_OSMIUM,0,226200,1.0,0.0,0.20420506912442396,1.4472191963565233
ASH_COATED_OSMIUM,0,226600,1.0,0.0,0.20420506912442396,1.4472191963565233
ASH_COATED_OSMIUM,0,227300,1.0,5.0,0.20420506912442396,1.4472191963565233
ASH_COATED_OSMIUM,0,227900,1.0,0.5,0.20420506912442396,1.4472191963565233
ASH_COATED_OSMIUM,0,228100,1.0,1.0,0.20420506912442396,1.4472191963565233
ASH_COATED_OSMIUM,0,228400,1.0,-1.0,0.20420506912442396,1.4472191963565233
ASH_COATED_OSMIUM,0,228700,1.0,0.0,0.20420506912442396,1.4472191963565233
ASH_COATED_OSMIUM,0,229500,1.0,0.0,0.20420506912442396,1.4472191963565233
ASH_COATED_OSMIUM,0,229600,1.0,-1.5,0.20420506912442396,1.4472191963565233
ASH_COATED_OSMIUM,0,229800,1.0,0.0,0.20420506912442396,1.4472191963565233
ASH_COATED_OSMIUM,0,230100,1.0,0.0,0.20420506912442396,1.4472191963565233
ASH_COATED_OSMIUM,0,230500,1.0,0.0,0.20420506912442396,1.4472191963565233
ASH_COATED_OSMIUM,0,230600,1.0,0.0,0.20420506912442396,1.4472191963565233
ASH_COATED_OSMIUM,0,230900,1.0,0.0,0.20420506912442396,1.4472191963565233
ASH_COATED_OSMIUM,0,231000,1.0,0.0,0.20420506912442396,1.4472191963565233
ASH_COATED_OSMIUM,0,232100,1.0,0.0,0.20420506912442396,1.4472191963565233
ASH_COATED_OSMIUM,0,232600,1.0,1.0,0.20420506912442396,1.4472191963565233
ASH_COATED_OSMIUM,0,233000,1.0,-1.0,0.20420506912442396,1.4472191963565233
ASH_COATED_OSMIUM,0,233900,1.0,0.0,0.20420506912442396,1.4472191963565233
ASH_COATED_OSMIUM,0,234000,1.0,0.0,0.20420506912442396,1.4472191963565233
ASH_COATED_OSMIUM,0,234100,1.0,0.0,0.20420506912442396,1.4472191963565233
ASH_COATED_OSMIUM,0,234200,1.0,0.0,0.20420506912442396,1.4472191963565233
ASH_COATED_OSMIUM,0,234300,1.0,2.0,0.20420506912442396,1.4472191963565233
ASH_COATED_OSMIUM,0,235300,1.0,0.0,0.20420506912442396,1.4472191963565233
ASH_COATED_OSMIUM,0,235400,1.0,0.0,0.20420506912442396,1.4472191963565233
ASH_COATED_OSMIUM,0,235800,1.0,-3.0,0.20420506912442396,1.4472191963565233
ASH_COATED_OSMIUM,0,236700,1.0,0.0,0.20420506912442396,1.4472191963565233
ASH_COATED_OSMIUM,0,236900,1.0,1.5,0.20420506912442396,1.4472191963565233
ASH_COATED_OSMIUM,0,237100,1.0,-0.5,0.20420506912442396,1.4472191963565233
ASH_COATED_OSMIUM,0,237500,1.0,0.0,0.20420506912442396,1.4472191963565233
ASH_COATED_OSMIUM,0,237600,1.0,2.0,0.20420506912442396,1.4472191963565233
ASH_COATED_OSMIUM,0,238100,1.0,-1.5,0.20420506912442396,1.4472191963565233
ASH_COATED_OSMIUM,0,238900,1.0,5.5,0.20420506912442396,1.4472191963565233
ASH_COATED_OSMIUM,0,239200,1.0,2.0,0.20420506912442396,1.4472191963565233
ASH_COATED_OSMIUM,0,239800,1.0,0.0,0.20420506912442396,1.4472191963565233
ASH_COATED_OSMIUM,0,240500,1.0,4.5,0.20420506912442396,1.4472191963565233
ASH_COATED_OSMIUM,0,243000,1.0,0.0,0.20420506912442396,1.4472191963565233
ASH_COATED_OSMIUM,0,243200,1.0,-0.5,0.20420506912442396,1.4472191963565233
ASH_COATED_OSMIUM,0,244100,1.0,0.0,0.20420506912442396,1.4472191963565233
ASH_COATED_OSMIUM,0,244200,1.0,2.0,0.20420506912442396,1.4472191963565233
ASH_COATED_OSMIUM,0,244500,1.0,-1.0,0.20420506912442396,1.4472191963565233
ASH_COATED_OSMIUM,0,244800,1.0,0.0,0.20420506912442396,1.4472191963565233
ASH_COATED_OSMIUM,0,245000,1.0,2.0,0.20420506912442396,1.4472191963565233
ASH_COATED_OSMIUM,0,246400,1.0,5.0,0.20420506912442396,1.4472191963565233
ASH_COATED_OSMIUM,0,246700,1.0,0.0,0.20420506912442396,1.4472191963565233
ASH_COATED_OSMIUM,0,247000,1.0,0.0,0.20420506912442396,1.4472191963565233
ASH_COATED_OSMIUM,0,247100,1.0,0.0,0.20420506912442396,1.4472191963565233
ASH_COATED_OSMIUM,0,247200,1.0,0.0,0.20420506912442396,1.4472191963565233
ASH_COATED_OSMIUM,0,247700,1.0,0.0,0.20420506912442396,1.4472191963565233
ASH_COATED_OSMIUM,0,247800,1.0,0.0,0.20420506912442396,1.4472191963565233
ASH_COATED_OSMIUM,0,248300,1.0,0.0,0.20420506912442396,1.4472191963565233
ASH_COATED_OSMIUM,0,248400,1.0,0.0,0.20420506912442396,1.4472191963565233
ASH_COATED_OSMIUM,0,249500,1.0,3.0,0.20420506912442396,1.4472191963565233
ASH_COATED_OSMIUM,0,250300,1.0,0.5,0.20420506912442396,1.4472191963565233
ASH_COATED_OSMIUM,0,250900,1.0,0.0,0.20420506912442396,1.4472191963565233
ASH_COATED_OSMIUM,0,251000,1.0,-0.5,0.20420506912442396,1.4472191963565233
ASH_COATED_OSMIUM,0,252700,1.0,0.0,0.20420506912442396,1.4472191963565233
ASH_COATED_OSMIUM,0,252800,1.0,-1.0,0.20420506912442396,1.4472191963565233
ASH_COATED_OSMIUM,0,252900,1.0,2.0,0.20420506912442396,1.4472191963565233
ASH_COATED_OSMIUM,0,253600,1.0,-0.5,0.20420506912442396,1.4472191963565233
ASH_COATED_OSMIUM,0,254600,1.0,0.0,0.20420506912442396,1.4472191963565233
ASH_COATED_OSMIUM,0,254700,1.0,1.0,0.20420506912442396,1.4472191963565233
ASH_COATED_OSMIUM,0,255100,1.0,0.0,0.20420506912442396,1.4472191963565233
ASH_COATED_OSMIUM,0,255400,1.0,-6.0,0.20420506912442396,1.4472191963565233
ASH_COATED_OSMIUM,0,255600,1.0,0.0,0.20420506912442396,1.4472191963565233
ASH_COATED_OSMIUM,0,255800,1.0,4.0,0.20420506912442396,1.4472191963565233
ASH_COATED_OSMIUM,0,256000,1.0,-6.0,0.20420506912442396,1.4472191963565233
ASH_COATED_OSMIUM,0,256900,1.0,1.5,0.20420506912442396,1.4472191963565233
ASH_COATED_OSMIUM,0,257300,1.0,1.0,0.20420506912442396,1.4472191963565233
ASH_COATED_OSMIUM,0,257700,1.0,0.0,0.20420506912442396,1.4472191963565233
ASH_COATED_OSMIUM,0,258900,1.0,-0.5,0.20420506912442396,1.4472191963565233
ASH_COATED_OSMIUM,0,259500,1.0,1.0,0.20420506912442396,1.4472191963565233
ASH_COATED_OSMIUM,0,259700,1.0,3.5,0.20420506912442396,1.4472191963565233
ASH_COATED_OSMIUM,0,260000,1.0,0.5,0.20420506912442396,1.4472191963565233
ASH_COATED_OSMIUM,0,262100,1.0,0.0,0.20420506912442396,1.4472191963565233
ASH_COATED_OSMIUM,0,262200,1.0,-1.5,0.20420506912442396,1.4472191963565233
ASH_COATED_OSMIUM,0,263300,1.0,0.0,0.20420506912442396,1.4472191963565233
ASH_COATED_OSMIUM,0,263400,1.0,0.0,0.20420506912442396,1.4472191963565233
ASH_COATED_OSMIUM,0,263500,1.0,0.0,0.20420506912442396,1.4472191963565233
ASH_COATED_OSMIUM,0,263600,1.0,1.0,0.20420506912442396,1.4472191963565233
ASH_COATED_OSMIUM,0,263900,1.0,0.0,0.20420506912442396,1.4472191963565233
ASH_COATED_OSMIUM,0,264300,1.0,1.5,0.20420506912442396,1.4472191963565233
ASH_COATED_OSMIUM,0,264800,1.0,-1.0,0.20420506912442396,1.4472191963565233
ASH_COATED_OSMIUM,0,265200,1.0,0.0,0.20420506912442396,1.4472191963565233
ASH_COATED_OSMIUM,0,265500,1.0,0.0,0.20420506912442396,1.4472191963565233
ASH_COATED_OSMIUM,0,265800,1.0,0.0,0.20420506912442396,1.4472191963565233
ASH_COATED_OSMIUM,0,266600,1.0,1.0,0.20420506912442396,1.4472191963565233
ASH_COATED_OSMIUM,0,267800,1.0,3.0,0.20420506912442396,1.4472191963565233
ASH_COATED_OSMIUM,0,268800,1.0,1.0,0.20420506912442396,1.4472191963565233
ASH_COATED_OSMIUM,0,270000,1.0,1.0,0.20420506912442396,1.4472191963565233
ASH_COATED_OSMIUM,0,272600,1.0,-0.5,0.20420506912442396,1.4472191963565233
ASH_COATED_OSMIUM,0,272800,1.0,0.0,0.20420506912442396,1.4472191963565233
ASH_COATED_OSMIUM,0,273100,1.0,0.0,0.20420506912442396,1.4472191963565233
ASH_COATED_OSMIUM,0,274200,1.0,1.5,0.20420506912442396,1.4472191963565233
ASH_COATED_OSMIUM,0,274400,1.0,1.0,0.20420506912442396,1.4472191963565233
ASH_COATED_OSMIUM,0,274900,1.0,-0.5,0.20420506912442396,1.4472191963565233
ASH_COATED_OSMIUM,0,277100,1.0,0.0,0.20420506912442396,1.4472191963565233
ASH_COATED_OSMIUM,0,277600,1.0,0.0,0.20420506912442396,1.4472191963565233
ASH_COATED_OSMIUM,0,278400,1.0,0.0,0.20420506912442396,1.4472191963565233
ASH_COATED_OSMIUM,0,278500,1.0,1.5,0.20420506912442396,1.4472191963565233
ASH_COATED_OSMIUM,0,278700,1.0,0.0,0.20420506912442396,1.4472191963565233
ASH_COATED_OSMIUM,0,280000,1.0,0.0,0.20420506912442396,1.4472191963565233
ASH_COATED_OSMIUM,0,280500,1.0,1.0,0.20420506912442396,1.4472191963565233
ASH_COATED_OSMIUM,0,281200,1.0,3.5,0.20420506912442396,1.4472191963565233
ASH_COATED_OSMIUM,0,281800,1.0,1.0,0.20420506912442396,1.4472191963565233
ASH_COATED_OSMIUM,0,284100,1.0,1.0,0.20420506912442396,1.4472191963565233
ASH_COATED_OSMIUM,0,284400,1.0,0.0,0.20420506912442396,1.4472191963565233
ASH_COATED_OSMIUM,0,284700,1.0,3.0,0.20420506912442396,1.4472191963565233
ASH_COATED_OSMIUM,0,285300,1.0,-1.0,0.20420506912442396,1.4472191963565233
ASH_COATED_OSMIUM,0,285900,1.0,1.0,0.20420506912442396,1.4472191963565233
ASH_COATED_OSMIUM,0,286100,1.0,0.0,0.20420506912442396,1.4472191963565233
ASH_COATED_OSMIUM,0,286400,1.0,-3.0,0.20420506912442396,1.4472191963565233
ASH_COATED_OSMIUM,0,287300,1.0,1.0,0.20420506912442396,1.4472191963565233
ASH_COATED_OSMIUM,0,287500,1.0,0.0,0.20420506912442396,1.4472191963565233
ASH_COATED_OSMIUM,0,287700,1.0,1.5,0.20420506912442396,1.4472191963565233
ASH_COATED_OSMIUM,0,288100,1.0,1.0,0.20420506912442396,1.4472191963565233
ASH_COATED_OSMIUM,0,289200,1.0,-0.5,0.20420506912442396,1.4472191963565233
ASH_COATED_OSMIUM,0,290000,1.0,2.0,0.20420506912442396,1.4472191963565233
ASH_COATED_OSMIUM,0,290600,1.0,0.0,0.20420506912442396,1.4472191963565233
ASH_COATED_OSMIUM,0,290700,1.0,1.5,0.20420506912442396,1.4472191963565233
ASH_COATED_OSMIUM,0,291200,1.0,-0.5,0.20420506912442396,1.4472191963565233
ASH_COATED_OSMIUM,0,292600,1.0,0.0,0.20420506912442396,1.4472191963565233
ASH_COATED_OSMIUM,0,293100,1.0,1.0,0.20420506912442396,1.4472191963565233
ASH_COATED_OSMIUM,0,293200,1.0,1.0,0.20420506912442396,1.4472191963565233
ASH_COATED_OSMIUM,0,293400,1.0,0.0,0.20420506912442396,1.4472191963565233
ASH_COATED_OSMIUM,0,294000,1.0,0.0,0.20420506912442396,1.4472191963565233
ASH_COATED_OSMIUM,0,294600,1.0,0.0,0.20420506912442396,1.4472191963565233
ASH_COATED_OSMIUM,0,295600,1.0,0.0,0.20420506912442396,1.4472191963565233
ASH_COATED_OSMIUM,0,295700,1.0,0.0,0.20420506912442396,1.4472191963565233
ASH_COATED_OSMIUM,0,296800,1.0,0.0,0.20420506912442396,1.4472191963565233
ASH_COATED_OSMIUM,0,296900,1.0,0.0,0.20420506912442396,1.4472191963565233
ASH_COATED_OSMIUM,0,297800,1.0,-5.0,0.20420506912442396,1.4472191963565233
ASH_COATED_OSMIUM,0,298300,1.0,1.0,0.20420506912442396,1.4472191963565233
ASH_COATED_OSMIUM,0,299000,1.0,-1.0,0.20420506912442396,1.4472191963565233
ASH_COATED_OSMIUM,0,299400,1.0,5.5,0.20420506912442396,1.4472191963565233
ASH_COATED_OSMIUM,0,299900,1.0,-1.5,0.20420506912442396,1.4472191963565233
ASH_COATED_OSMIUM,0,300200,1.0,-1.5,0.20420506912442396,1.4472191963565233
ASH_COATED_OSMIUM,0,300400,1.0,0.0,0.20420506912442396,1.4472191963565233
ASH_COATED_OSMIUM,0,300500,1.0,0.0,0.20420506912442396,1.4472191963565233
ASH_COATED_OSMIUM,0,301900,1.0,0.0,0.20420506912442396,1.4472191963565233
ASH_COATED_OSMIUM,0,302000,1.0,1.0,0.20420506912442396,1.4472191963565233
ASH_COATED_OSMIUM,0,303300,1.0,1.5,0.20420506912442396,1.4472191963565233
ASH_COATED_OSMIUM,0,303700,1.0,0.0,0.20420506912442396,1.4472191963565233
ASH_COATED_OSMIUM,0,303800,1.0,0.0,0.20420506912442396,1.4472191963565233
ASH_COATED_OSMIUM,0,305700,1.0,1.5,0.20420506912442396,1.4472191963565233
ASH_COATED_OSMIUM,0,306100,1.0,0.0,0.20420506912442396,1.4472191963565233
ASH_COATED_OSMIUM,0,306600,1.0,1.0,0.20420506912442396,1.4472191963565233
ASH_COATED_OSMIUM,0,307100,1.0,1.5,0.20420506912442396,1.4472191963565233
ASH_COATED_OSMIUM,0,308000,1.0,3.0,0.20420506912442396,1.4472191963565233
ASH_COATED_OSMIUM,0,308300,1.0,3.0,0.20420506912442396,1.4472191963565233
ASH_COATED_OSMIUM,0,308500,1.0,1.0,0.20420506912442396,1.4472191963565233
ASH_COATED_OSMIUM,0,308800,1.0,-5.0,0.20420506912442396,1.4472191963565233
ASH_COATED_OSMIUM,0,309100,1.0,3.5,0.20420506912442396,1.4472191963565233
ASH_COATED_OSMIUM,0,309700,1.0,1.0,0.20420506912442396,1.4472191963565233
ASH_COATED_OSMIUM,0,310800,1.0,-4.5,0.20420506912442396,1.4472191963565233
ASH_COATED_OSMIUM,0,311600,1.0,1.0,0.20420506912442396,1.4472191963565233
ASH_COATED_OSMIUM,0,311900,1.0,0.0,0.20420506912442396,1.4472191963565233
ASH_COATED_OSMIUM,0,312000,1.0,0.0,0.20420506912442396,1.4472191963565233
ASH_COATED_OSMIUM,0,312100,1.0,1.0,0.20420506912442396,1.4472191963565233
ASH_COATED_OSMIUM,0,312900,1.0,1.5,0.20420506912442396,1.4472191963565233
ASH_COATED_OSMIUM,0,313500,1.0,-1.5,0.20420506912442396,1.4472191963565233
ASH_COATED_OSMIUM,0,314500,1.0,0.0,0.20420506912442396,1.4472191963565233
ASH_COATED_OSMIUM,0,314700,1.0,0.0,0.20420506912442396,1.4472191963565233
ASH_COATED_OSMIUM,0,314800,1.0,0.0,0.20420506912442396,1.4472191963565233
ASH_COATED_OSMIUM,0,314900,1.0,0.0,0.20420506912442396,1.4472191963565233
ASH_COATED_OSMIUM,0,315300,1.0,3.0,0.20420506912442396,1.4472191963565233
ASH_COATED_OSMIUM,0,315500,1.0,0.0,0.20420506912442396,1.4472191963565233
ASH_COATED_OSMIUM,0,315900,1.0,0.5,0.20420506912442396,1.4472191963565233
ASH_COATED_OSMIUM,0,319100,1.0,0.0,0.20420506912442396,1.4472191963565233
ASH_COATED_OSMIUM,0,320300,1.0,1.5,0.20420506912442396,1.4472191963565233
ASH_COATED_OSMIUM,0,320500,1.0,-0.5,0.20420506912442396,1.4472191963565233
ASH_COATED_OSMIUM,0,321600,1.0,0.0,0.20420506912442396,1.4472191963565233
ASH_COATED_OSMIUM,0,321800,1.0,1.5,0.20420506912442396,1.4472191963565233
ASH_COATED_OSMIUM,0,322200,1.0,0.0,0.20420506912442396,1.4472191963565233
ASH_COATED_OSMIUM,0,322300,1.0,0.0,0.20420506912442396,1.4472191963565233
ASH_COATED_OSMIUM,0,322400,1.0,0.0,0.20420506912442396,1.4472191963565233
ASH_COATED_OSMIUM,0,322500,1.0,-0.5,0.20420506912442396,1.4472191963565233
ASH_COATED_OSMIUM,0,322700,1.0,0.0,0.20420506912442396,1.4472191963565233
ASH_COATED_OSMIUM,0,323100,1.0,0.0,0.20420506912442396,1.4472191963565233
ASH_COATED_OSMIUM,0,324100,1.0,3.5,0.20420506912442396,1.4472191963565233
ASH_COATED_OSMIUM,0,324400,1.0,0.0,0.20420506912442396,1.4472191963565233
ASH_COATED_OSMIUM,0,324900,1.0,0.0,0.20420506912442396,1.4472191963565233
ASH_COATED_OSMIUM,0,325300,1.0,-3.5,0.20420506912442396,1.4472191963565233
ASH_COATED_OSMIUM,0,326800,1.0,-3.0,0.20420506912442396,1.4472191963565233
ASH_COATED_OSMIUM,0,327700,1.0,1.5,0.20420506912442396,1.4472191963565233
ASH_COATED_OSMIUM,0,328400,1.0,2.0,0.20420506912442396,1.4472191963565233
ASH_COATED_OSMIUM,0,329100,1.0,0.0,0.20420506912442396,1.4472191963565233
ASH_COATED_OSMIUM,0,331300,1.0,0.0,0.20420506912442396,1.4472191963565233
ASH_COATED_OSMIUM,0,331800,1.0,-1.5,0.20420506912442396,1.4472191963565233
ASH_COATED_OSMIUM,0,332100,1.0,1.0,0.20420506912442396,1.4472191963565233
ASH_COATED_OSMIUM,0,332600,1.0,0.0,0.20420506912442396,1.4472191963565233
ASH_COATED_OSMIUM,0,333100,1.0,0.0,0.20420506912442396,1.4472191963565233
ASH_COATED_OSMIUM,0,333200,1.0,0.5,0.20420506912442396,1.4472191963565233
ASH_COATED_OSMIUM,0,334200,1.0,0.0,0.20420506912442396,1.4472191963565233
ASH_COATED_OSMIUM,0,334300,1.0,0.0,0.20420506912442396,1.4472191963565233
ASH_COATED_OSMIUM,0,334400,1.0,0.0,0.20420506912442396,1.4472191963565233
ASH_COATED_OSMIUM,0,334500,1.0,0.0,0.20420506912442396,1.4472191963565233
ASH_COATED_OSMIUM,0,334600,1.0,1.0,0.20420506912442396,1.4472191963565233
ASH_COATED_OSMIUM,0,334800,1.0,0.0,0.20420506912442396,1.4472191963565233
ASH_COATED_OSMIUM,0,335000,1.0,1.0,0.20420506912442396,1.4472191963565233
ASH_COATED_OSMIUM,0,335100,1.0,0.0,0.20420506912442396,1.4472191963565233
ASH_COATED_OSMIUM,0,335800,1.0,3.0,0.20420506912442396,1.4472191963565233
ASH_COATED_OSMIUM,0,336800,1.0,0.0,0.20420506912442396,1.4472191963565233
ASH_COATED_OSMIUM,0,336900,1.0,1.0,0.20420506912442396,1.4472191963565233
ASH_COATED_OSMIUM,0,337700,1.0,-0.5,0.20420506912442396,1.4472191963565233
ASH_COATED_OSMIUM,0,338300,1.0,0.0,0.20420506912442396,1.4472191963565233
ASH_COATED_OSMIUM,0,338400,1.0,1.5,0.20420506912442396,1.4472191963565233
ASH_COATED_OSMIUM,0,338600,1.0,0.0,0.20420506912442396,1.4472191963565233
ASH_COATED_OSMIUM,0,338700,1.0,0.0,0.20420506912442396,1.4472191963565233
ASH_COATED_OSMIUM,0,339400,1.0,0.0,0.20420506912442396,1.4472191963565233
ASH_COATED_OSMIUM,0,339500,1.0,1.0,0.20420506912442396,1.4472191963565233
ASH_COATED_OSMIUM,0,340100,1.0,0.0,0.20420506912442396,1.4472191963565233
ASH_COATED_OSMIUM,0,340200,1.0,1.0,0.20420506912442396,1.4472191963565233
ASH_COATED_OSMIUM,0,340400,1.0,-1.0,0.20420506912442396,1.4472191963565233
ASH_COATED_OSMIUM,0,341100,1.0,1.0,0.20420506912442396,1.4472191963565233
ASH_COATED_OSMIUM,0,341500,1.0,0.0,0.20420506912442396,1.4472191963565233
ASH_COATED_OSMIUM,0,342000,1.0,1.0,0.20420506912442396,1.4472191963565233
ASH_COATED_OSMIUM,0,342700,1.0,0.0,0.20420506912442396,1.4472191963565233
ASH_COATED_OSMIUM,0,342900,1.0,-1.0,0.20420506912442396,1.4472191963565233
ASH_COATED_OSMIUM,0,343600,1.0,0.0,0.20420506912442396,1.4472191963565233
ASH_COATED_OSMIUM,0,344300,1.0,0.0,0.20420506912442396,1.4472191963565233
ASH_COATED_OSMIUM,0,344900,1.0,0.0,0.20420506912442396,1.4472191963565233
ASH_COATED_OSMIUM,0,345000,1.0,-0.5,0.20420506912442396,1.4472191963565233
ASH_COATED_OSMIUM,0,345200,1.0,0.0,0.20420506912442396,1.4472191963565233
ASH_COATED_OSMIUM,0,346300,1.0,0.0,0.20420506912442396,1.4472191963565233
ASH_COATED_OSMIUM,0,346900,1.0,0.0,0.20420506912442396,1.4472191963565233
ASH_COATED_OSMIUM,0,350200,1.0,0.0,0.20420506912442396,1.4472191963565233
ASH_COATED_OSMIUM,0,350700,1.0,1.5,0.20420506912442396,1.4472191963565233
ASH_COATED_OSMIUM,0,351100,1.0,0.0,0.20420506912442396,1.4472191963565233
ASH_COATED_OSMIUM,0,351200,1.0,5.0,0.20420506912442396,1.4472191963565233
ASH_COATED_OSMIUM,0,352000,1.0,1.0,0.20420506912442396,1.4472191963565233
ASH_COATED_OSMIUM,0,352600,1.0,0.0,0.20420506912442396,1.4472191963565233
ASH_COATED_OSMIUM,0,353400,1.0,1.5,0.20420506912442396,1.4472191963565233
ASH_COATED_OSMIUM,0,353600,1.0,-1.0,0.20420506912442396,1.4472191963565233
ASH_COATED_OSMIUM,0,354000,1.0,-0.5,0.20420506912442396,1.4472191963565233
ASH_COATED_OSMIUM,0,354900,1.0,-1.0,0.20420506912442396,1.4472191963565233
ASH_COATED_OSMIUM,0,355200,1.0,0.0,0.20420506912442396,1.4472191963565233
ASH_COATED_OSMIUM,0,355300,1.0,0.0,0.20420506912442396,1.4472191963565233
ASH_COATED_OSMIUM,0,355400,1.0,0.0,0.20420506912442396,1.4472191963565233
ASH_COATED_OSMIUM,0,355700,1.0,-1.0,0.20420506912442396,1.4472191963565233
ASH_COATED_OSMIUM,0,356000,1.0,0.0,0.20420506912442396,1.4472191963565233
ASH_COATED_OSMIUM,0,357700,1.0,1.0,0.20420506912442396,1.4472191963565233
ASH_COATED_OSMIUM,0,358300,1.0,0.0,0.20420506912442396,1.4472191963565233
ASH_COATED_OSMIUM,0,358400,1.0,1.5,0.20420506912442396,1.4472191963565233
ASH_COATED_OSMIUM,0,358700,1.0,1.0,0.20420506912442396,1.4472191963565233
ASH_COATED_OSMIUM,0,359100,1.0,0.0,0.20420506912442396,1.4472191963565233
ASH_COATED_OSMIUM,0,359200,1.0,0.0,0.20420506912442396,1.4472191963565233
ASH_COATED_OSMIUM,0,359700,1.0,0.0,0.20420506912442396,1.4472191963565233
ASH_COATED_OSMIUM,0,360200,1.0,0.0,0.20420506912442396,1.4472191963565233
ASH_COATED_OSMIUM,0,361200,1.0,0.0,0.20420506912442396,1.4472191963565233
ASH_COATED_OSMIUM,0,361300,1.0,0.0,0.20420506912442396,1.4472191963565233
ASH_COATED_OSMIUM,0,361400,1.0,-1.0,0.20420506912442396,1.4472191963565233
ASH_COATED_OSMIUM,0,361600,1.0,1.5,0.20420506912442396,1.4472191963565233
ASH_COATED_OSMIUM,0,361800,1.0,1.5,0.20420506912442396,1.4472191963565233
ASH_COATED_OSMIUM,0,362100,1.0,0.0,0.20420506912442396,1.4472191963565233
ASH_COATED_OSMIUM,0,362800,1.0,0.0,0.20420506912442396,1.4472191963565233
ASH_COATED_OSMIUM,0,363200,1.0,1.5,0.20420506912442396,1.4472191963565233
ASH_COATED_OSMIUM,0,363900,1.0,0.0,0.20420506912442396,1.4472191963565233
ASH_COATED_OSMIUM,0,364000,1.0,0.0,0.20420506912442396,1.4472191963565233
ASH_COATED_OSMIUM,0,364100,1.0,0.0,0.20420506912442396,1.4472191963565233
ASH_COATED_OSMIUM,0,364200,1.0,-1.0,0.20420506912442396,1.4472191963565233
ASH_COATED_OSMIUM,0,364600,1.0,0.0,0.20420506912442396,1.4472191963565233
ASH_COATED_OSMIUM,0,364700,1.0,0.0,0.20420506912442396,1.4472191963565233
ASH_COATED_OSMIUM,0,364800,1.0,2.0,0.20420506912442396,1.4472191963565233
ASH_COATED_OSMIUM,0,366600,1.0,1.0,0.20420506912442396,1.4472191963565233
ASH_COATED_OSMIUM,0,367300,1.0,0.0,0.20420506912442396,1.4472191963565233
ASH_COATED_OSMIUM,0,367500,1.0,0.0,0.20420506912442396,1.4472191963565233
ASH_COATED_OSMIUM,0,367600,1.0,-1.5,0.20420506912442396,1.4472191963565233
ASH_COATED_OSMIUM,0,368100,1.0,-4.0,0.20420506912442396,1.4472191963565233
ASH_COATED_OSMIUM,0,368600,1.0,0.0,0.20420506912442396,1.4472191963565233
ASH_COATED_OSMIUM,0,369100,1.0,2.0,0.20420506912442396,1.4472191963565233
ASH_COATED_OSMIUM,0,369400,1.0,0.0,0.20420506912442396,1.4472191963565233
ASH_COATED_OSMIUM,0,369500,1.0,-1.0,0.20420506912442396,1.4472191963565233
ASH_COATED_OSMIUM,0,369800,1.0,1.5,0.20420506912442396,1.4472191963565233
ASH_COATED_OSMIUM,0,370000,1.0,0.0,0.20420506912442396,1.4472191963565233
ASH_COATED_OSMIUM,0,370100,1.0,0.0,0.20420506912442396,1.4472191963565233
ASH_COATED_OSMIUM,0,370300,1.0,0.0,0.20420506912442396,1.4472191963565233
ASH_COATED_OSMIUM,0,370400,1.0,-1.5,0.20420506912442396,1.4472191963565233
ASH_COATED_OSMIUM,0,370700,1.0,-1.5,0.20420506912442396,1.4472191963565233
ASH_COATED_OSMIUM,0,372200,1.0,0.0,0.20420506912442396,1.4472191963565233
ASH_COATED_OSMIUM,0,373200,1.0,-1.5,0.20420506912442396,1.4472191963565233
ASH_COATED_OSMIUM,0,373500,1.0,1.0,0.20420506912442396,1.4472191963565233
ASH_COATED_OSMIUM,0,374200,1.0,1.0,0.20420506912442396,1.4472191963565233
ASH_COATED_OSMIUM,0,374300,1.0,-3.0,0.20420506912442396,1.4472191963565233
ASH_COATED_OSMIUM,0,375400,1.0,2.0,0.20420506912442396,1.4472191963565233
ASH_COATED_OSMIUM,0,375800,1.0,0.0,0.20420506912442396,1.4472191963565233
ASH_COATED_OSMIUM,0,375900,1.0,-1.0,0.20420506912442396,1.4472191963565233
ASH_COATED_OSMIUM,0,376500,1.0,1.0,0.20420506912442396,1.4472191963565233
ASH_COATED_OSMIUM,0,377400,1.0,-1.0,0.20420506912442396,1.4472191963565233
ASH_COATED_OSMIUM,0,377800,1.0,0.0,0.20420506912442396,1.4472191963565233
ASH_COATED_OSMIUM,0,378500,1.0,0.0,0.20420506912442396,1.4472191963565233
ASH_COATED_OSMIUM,0,379100,1.0,1.0,0.20420506912442396,1.4472191963565233
ASH_COATED_OSMIUM,0,380100,1.0,0.0,0.20420506912442396,1.4472191963565233
ASH_COATED_OSMIUM,0,381800,1.0,-1.0,0.20420506912442396,1.4472191963565233
ASH_COATED_OSMIUM,0,382100,1.0,0.0,0.20420506912442396,1.4472191963565233
ASH_COATED_OSMIUM,0,382400,1.0,0.0,0.20420506912442396,1.4472191963565233
ASH_COATED_OSMIUM,0,382600,1.0,0.0,0.20420506912442396,1.4472191963565233
ASH_COATED_OSMIUM,0,382800,1.0,1.0,0.20420506912442396,1.4472191963565233
ASH_COATED_OSMIUM,0,383900,1.0,0.0,0.20420506912442396,1.4472191963565233
ASH_COATED_OSMIUM,0,384100,1.0,0.0,0.20420506912442396,1.4472191963565233
ASH_COATED_OSMIUM,0,384200,1.0,-1.0,0.20420506912442396,1.4472191963565233
ASH_COATED_OSMIUM,0,384600,1.0,0.0,0.20420506912442396,1.4472191963565233
ASH_COATED_OSMIUM,0,384800,1.0,-1.0,0.20420506912442396,1.4472191963565233
ASH_COATED_OSMIUM,0,385000,1.0,0.0,0.20420506912442396,1.4472191963565233
ASH_COATED_OSMIUM,0,386100,1.0,0.0,0.20420506912442396,1.4472191963565233
ASH_COATED_OSMIUM,0,386600,1.0,0.0,0.20420506912442396,1.4472191963565233
ASH_COATED_OSMIUM,0,386800,1.0,1.5,0.20420506912442396,1.4472191963565233
ASH_COATED_OSMIUM,0,388800,1.0,0.0,0.20420506912442396,1.4472191963565233
ASH_COATED_OSMIUM,0,389300,1.0,0.0,0.20420506912442396,1.4472191963565233
ASH_COATED_OSMIUM,0,389400,1.0,0.0,0.20420506912442396,1.4472191963565233
ASH_COATED_OSMIUM,0,390500,1.0,0.0,0.20420506912442396,1.4472191963565233
ASH_COATED_OSMIUM,0,390700,1.0,0.0,0.20420506912442396,1.4472191963565233
ASH_COATED_OSMIUM,0,391600,1.0,3.5,0.20420506912442396,1.4472191963565233
ASH_COATED_OSMIUM,0,393100,1.0,1.5,0.20420506912442396,1.4472191963565233
ASH_COATED_OSMIUM,0,393500,1.0,3.0,0.20420506912442396,1.4472191963565233
ASH_COATED_OSMIUM,0,394200,1.0,1.5,0.20420506912442396,1.4472191963565233
ASH_COATED_OSMIUM,0,394400,1.0,0.0,0.20420506912442396,1.4472191963565233
ASH_COATED_OSMIUM,0,394500,1.0,1.0,0.20420506912442396,1.4472191963565233
ASH_COATED_OSMIUM,0,394900,1.0,-1.0,0.20420506912442396,1.4472191963565233
ASH_COATED_OSMIUM,0,395300,1.0,0.0,0.20420506912442396,1.4472191963565233
ASH_COATED_OSMIUM,0,395400,1.0,1.0,0.20420506912442396,1.4472191963565233
ASH_COATED_OSMIUM,0,396100,1.0,0.0,0.20420506912442396,1.4472191963565233
ASH_COATED_OSMIUM,0,396600,1.0,0.5,0.20420506912442396,1.4472191963565233
ASH_COATED_OSMIUM,0,397100,1.0,1.0,0.20420506912442396,1.4472191963565233
ASH_COATED_OSMIUM,0,397500,1.0,1.0,0.20420506912442396,1.4472191963565233
ASH_COATED_OSMIUM,0,398100,1.0,-0.5,0.20420506912442396,1.4472191963565233
ASH_COATED_OSMIUM,0,399400,1.0,0.0,0.20420506912442396,1.4472191963565233
ASH_COATED_OSMIUM,0,399800,1.0,1.5,0.20420506912442396,1.4472191963565233
ASH_COATED_OSMIUM,0,400700,1.0,0.0,0.20420506912442396,1.4472191963565233
ASH_COATED_OSMIUM,0,400800,1.0,0.0,0.20420506912442396,1.4472191963565233
ASH_COATED_OSMIUM,0,400900,1.0,0.0,0.20420506912442396,1.4472191963565233
ASH_COATED_OSMIUM,0,401000,1.0,-1.0,0.20420506912442396,1.4472191963565233
ASH_COATED_OSMIUM,0,401300,1.0,0.0,0.20420506912442396,1.4472191963565233
ASH_COATED_OSMIUM,0,402200,1.0,0.5,0.20420506912442396,1.4472191963565233
ASH_COATED_OSMIUM,0,402600,1.0,-4.5,0.20420506912442396,1.4472191963565233
ASH_COATED_OSMIUM,0,403800,1.0,-2.0,0.20420506912442396,1.4472191963565233
ASH_COATED_OSMIUM,0,404900,1.0,1.0,0.20420506912442396,1.4472191963565233
ASH_COATED_OSMIUM,0,405200,1.0,-1.0,0.20420506912442396,1.4472191963565233
ASH_COATED_OSMIUM,0,405500,1.0,1.0,0.20420506912442396,1.4472191963565233
ASH_COATED_OSMIUM,0,406000,1.0,0.0,0.20420506912442396,1.4472191963565233
ASH_COATED_OSMIUM,0,406100,1.0,0.0,0.20420506912442396,1.4472191963565233
ASH_COATED_OSMIUM,0,407000,1.0,0.0,0.20420506912442396,1.4472191963565233
ASH_COATED_OSMIUM,0,407800,1.0,1.0,0.20420506912442396,1.4472191963565233
ASH_COATED_OSMIUM,0,408100,1.0,0.5,0.20420506912442396,1.4472191963565233
ASH_COATED_OSMIUM,0,409200,1.0,0.0,0.20420506912442396,1.4472191963565233
ASH_COATED_OSMIUM,0,409500,1.0,0.0,0.20420506912442396,1.4472191963565233
ASH_COATED_OSMIUM,0,409600,1.0,-1.0,0.20420506912442396,1.4472191963565233
ASH_COATED_OSMIUM,0,410600,1.0,0.5,0.20420506912442396,1.4472191963565233
ASH_COATED_OSMIUM,0,411200,1.0,0.0,0.20420506912442396,1.4472191963565233
ASH_COATED_OSMIUM,0,411900,1.0,0.0,0.20420506912442396,1.4472191963565233
ASH_COATED_OSMIUM,0,412000,1.0,-1.5,0.20420506912442396,1.4472191963565233
ASH_COATED_OSMIUM,0,412300,1.0,-1.0,0.20420506912442396,1.4472191963565233
ASH_COATED_OSMIUM,0,412500,1.0,1.5,0.20420506912442396,1.4472191963565233
ASH_COATED_OSMIUM,0,413500,1.0,1.5,0.20420506912442396,1.4472191963565233
ASH_COATED_OSMIUM,0,415000,1.0,1.5,0.20420506912442396,1.4472191963565233
ASH_COATED_OSMIUM,0,415600,1.0,0.0,0.20420506912442396,1.4472191963565233
ASH_COATED_OSMIUM,0,415700,1.0,0.0,0.20420506912442396,1.4472191963565233
ASH_COATED_OSMIUM,0,415800,1.0,0.0,0.20420506912442396,1.4472191963565233
ASH_COATED_OSMIUM,0,415900,1.0,-5.5,0.20420506912442396,1.4472191963565233
ASH_COATED_OSMIUM,0,416500,1.0,0.0,0.20420506912442396,1.4472191963565233
ASH_COATED_OSMIUM,0,416800,1.0,1.5,0.20420506912442396,1.4472191963565233
ASH_COATED_OSMIUM,0,417200,1.0,1.0,0.20420506912442396,1.4472191963565233
ASH_COATED_OSMIUM,0,418200,1.0,-1.0,0.20420506912442396,1.4472191963565233
ASH_COATED_OSMIUM,0,418900,1.0,0.0,0.20420506912442396,1.4472191963565233
ASH_COATED_OSMIUM,0,419000,1.0,2.0,0.20420506912442396,1.4472191963565233
ASH_COATED_OSMIUM,0,419700,1.0,1.5,0.20420506912442396,1.4472191963565233
ASH_COATED_OSMIUM,0,420000,1.0,0.0,0.20420506912442396,1.4472191963565233
ASH_COATED_OSMIUM,0,420300,1.0,0.0,0.20420506912442396,1.4472191963565233
ASH_COATED_OSMIUM,0,420900,1.0,0.0,0.20420506912442396,1.4472191963565233
ASH_COATED_OSMIUM,0,421200,1.0,-6.0,0.20420506912442396,1.4472191963565233
ASH_COATED_OSMIUM,0,421800,1.0,0.0,0.20420506912442396,1.4472191963565233
ASH_COATED_OSMIUM,0,421900,1.0,0.0,0.20420506912442396,1.4472191963565233
ASH_COATED_OSMIUM,0,422200,1.0,0.0,0.20420506912442396,1.4472191963565233
ASH_COATED_OSMIUM,0,424000,1.0,-1.0,0.20420506912442396,1.4472191963565233
ASH_COATED_OSMIUM,0,424400,1.0,1.0,0.20420506912442396,1.4472191963565233
ASH_COATED_OSMIUM,0,424700,1.0,1.0,0.20420506912442396,1.4472191963565233
ASH_COATED_OSMIUM,0,425500,1.0,0.0,0.20420506912442396,1.4472191963565233
ASH_COATED_OSMIUM,0,426200,1.0,0.0,0.20420506912442396,1.4472191963565233
ASH_COATED_OSMIUM,0,426500,1.0,1.5,0.20420506912442396,1.4472191963565233
ASH_COATED_OSMIUM,0,427100,1.0,-0.5,0.20420506912442396,1.4472191963565233
ASH_COATED_OSMIUM,0,427400,1.0,0.0,0.20420506912442396,1.4472191963565233
ASH_COATED_OSMIUM,0,427700,1.0,0.0,0.20420506912442396,1.4472191963565233
ASH_COATED_OSMIUM,0,428200,1.0,-3.0,0.20420506912442396,1.4472191963565233
ASH_COATED_OSMIUM,0,428800,1.0,0.0,0.20420506912442396,1.4472191963565233
ASH_COATED_OSMIUM,0,429700,1.0,0.0,0.20420506912442396,1.4472191963565233
ASH_COATED_OSMIUM,0,429800,1.0,1.0,0.20420506912442396,1.4472191963565233
ASH_COATED_OSMIUM,0,430500,1.0,-1.0,0.20420506912442396,1.4472191963565233
ASH_COATED_OSMIUM,0,430800,1.0,0.0,0.20420506912442396,1.4472191963565233
ASH_COATED_OSMIUM,0,430900,1.0,-1.0,0.20420506912442396,1.4472191963565233
ASH_COATED_OSMIUM,0,431100,1.0,0.0,0.20420506912442396,1.4472191963565233
ASH_COATED_OSMIUM,0,431600,1.0,1.0,0.20420506912442396,1.4472191963565233
ASH_COATED_OSMIUM,0,432800,1.0,0.0,0.20420506912442396,1.4472191963565233
ASH_COATED_OSMIUM,0,433100,1.0,0.0,0.20420506912442396,1.4472191963565233
ASH_COATED_OSMIUM,0,433200,1.0,0.0,0.20420506912442396,1.4472191963565233
ASH_COATED_OSMIUM,0,433400,1.0,0.0,0.20420506912442396,1.4472191963565233
ASH_COATED_OSMIUM,0,433500,1.0,0.0,0.20420506912442396,1.4472191963565233
ASH_COATED_OSMIUM,0,434100,1.0,0.0,0.20420506912442396,1.4472191963565233
ASH_COATED_OSMIUM,0,435200,1.0,0.0,0.20420506912442396,1.4472191963565233
ASH_COATED_OSMIUM,0,435400,1.0,0.0,0.20420506912442396,1.4472191963565233
ASH_COATED_OSMIUM,0,435500,1.0,4.5,0.20420506912442396,1.4472191963565233
ASH_COATED_OSMIUM,0,435700,1.0,0.0,0.20420506912442396,1.4472191963565233
ASH_COATED_OSMIUM,0,435900,1.0,1.0,0.20420506912442396,1.4472191963565233
ASH_COATED_OSMIUM,0,436600,1.0,-1.0,0.20420506912442396,1.4472191963565233
ASH_COATED_OSMIUM,0,437100,1.0,-6.0,0.20420506912442396,1.4472191963565233
ASH_COATED_OSMIUM,0,438200,1.0,0.0,0.20420506912442396,1.4472191963565233
ASH_COATED_OSMIUM,0,438300,1.0,1.0,0.20420506912442396,1.4472191963565233
ASH_COATED_OSMIUM,0,439700,1.0,3.0,0.20420506912442396,1.4472191963565233
ASH_COATED_OSMIUM,0,440000,1.0,0.0,0.20420506912442396,1.4472191963565233
ASH_COATED_OSMIUM,0,440100,1.0,0.0,0.20420506912442396,1.4472191963565233
ASH_COATED_OSMIUM,0,440300,1.0,0.0,0.20420506912442396,1.4472191963565233
ASH_COATED_OSMIUM,0,441500,1.0,-2.0,0.20420506912442396,1.4472191963565233
ASH_COATED_OSMIUM,0,442400,1.0,0.0,0.20420506912442396,1.4472191963565233
ASH_COATED_OSMIUM,0,442500,1.0,1.0,0.20420506912442396,1.4472191963565233
ASH_COATED_OSMIUM,0,443300,1.0,-1.0,0.20420506912442396,1.4472191963565233
ASH_COATED_OSMIUM,0,443700,1.0,0.0,0.20420506912442396,1.4472191963565233
ASH_COATED_OSMIUM,0,443800,1.0,0.0,0.20420506912442396,1.4472191963565233
ASH_COATED_OSMIUM,0,443900,1.0,1.5,0.20420506912442396,1.4472191963565233
ASH_COATED_OSMIUM,0,444100,1.0,1.0,0.20420506912442396,1.4472191963565233
ASH_COATED_OSMIUM,0,445500,1.0,1.0,0.20420506912442396,1.4472191963565233
ASH_COATED_OSMIUM,0,445900,1.0,-1.0,0.20420506912442396,1.4472191963565233
ASH_COATED_OSMIUM,0,446300,1.0,1.5,0.20420506912442396,1.4472191963565233
ASH_COATED_OSMIUM,0,446500,1.0,1.0,0.20420506912442396,1.4472191963565233
ASH_COATED_OSMIUM,0,447300,1.0,1.0,0.20420506912442396,1.4472191963565233
ASH_COATED_OSMIUM,0,447900,1.0,0.0,0.20420506912442396,1.4472191963565233
ASH_COATED_OSMIUM,0,448300,1.0,0.0,0.20420506912442396,1.4472191963565233
ASH_COATED_OSMIUM,0,448400,1.0,0.0,0.20420506912442396,1.4472191963565233
ASH_COATED_OSMIUM,0,449200,1.0,0.0,0.20420506912442396,1.4472191963565233
ASH_COATED_OSMIUM,0,449400,1.0,1.0,0.20420506912442396,1.4472191963565233
ASH_COATED_OSMIUM,0,449700,1.0,0.0,0.20420506912442396,1.4472191963565233
ASH_COATED_OSMIUM,0,450100,1.0,0.5,0.20420506912442396,1.4472191963565233
ASH_COATED_OSMIUM,0,451200,1.0,0.0,0.20420506912442396,1.4472191963565233
ASH_COATED_OSMIUM,0,451300,1.0,0.0,0.20420506912442396,1.4472191963565233
ASH_COATED_OSMIUM,0,451400,1.0,1.0,0.20420506912442396,1.4472191963565233
ASH_COATED_OSMIUM,0,451600,1.0,1.0,0.20420506912442396,1.4472191963565233
ASH_COATED_OSMIUM,0,451900,1.0,-1.0,0.20420506912442396,1.4472191963565233
ASH_COATED_OSMIUM,0,452600,1.0,-1.0,0.20420506912442396,1.4472191963565233
ASH_COATED_OSMIUM,0,452900,1.0,0.0,0.20420506912442396,1.4472191963565233
ASH_COATED_OSMIUM,0,453000,1.0,0.0,0.20420506912442396,1.4472191963565233
ASH_COATED_OSMIUM,0,453500,1.0,0.0,0.20420506912442396,1.4472191963565233
ASH_COATED_OSMIUM,0,453600,1.0,1.0,0.20420506912442396,1.4472191963565233
ASH_COATED_OSMIUM,0,453800,1.0,1.0,0.20420506912442396,1.4472191963565233
ASH_COATED_OSMIUM,0,454000,1.0,2.0,0.20420506912442396,1.4472191963565233
ASH_COATED_OSMIUM,0,454600,1.0,-5.0,0.20420506912442396,1.4472191963565233
ASH_COATED_OSMIUM,0,455600,1.0,0.0,0.20420506912442396,1.4472191963565233
ASH_COATED_OSMIUM,0,455900,1.0,0.0,0.20420506912442396,1.4472191963565233
ASH_COATED_OSMIUM,0,458000,1.0,0.0,0.20420506912442396,1.4472191963565233
ASH_COATED_OSMIUM,0,458500,1.0,0.0,0.20420506912442396,1.4472191963565233
ASH_COATED_OSMIUM,0,458800,1.0,0.0,0.20420506912442396,1.4472191963565233
ASH_COATED_OSMIUM,0,459500,1.0,0.0,0.20420506912442396,1.4472191963565233
ASH_COATED_OSMIUM,0,459700,1.0,0.0,0.20420506912442396,1.4472191963565233
ASH_COATED_OSMIUM,0,459800,1.0,-1.0,0.20420506912442396,1.4472191963565233
ASH_COATED_OSMIUM,0,460400,1.0,0.5,0.20420506912442396,1.4472191963565233
ASH_COATED_OSMIUM,0,460900,1.0,0.0,0.20420506912442396,1.4472191963565233
ASH_COATED_OSMIUM,0,461200,1.0,0.0,0.20420506912442396,1.4472191963565233
ASH_COATED_OSMIUM,0,461800,1.0,0.0,0.20420506912442396,1.4472191963565233
ASH_COATED_OSMIUM,0,462300,1.0,0.0,0.20420506912442396,1.4472191963565233
ASH_COATED_OSMIUM,0,462400,1.0,0.0,0.20420506912442396,1.4472191963565233
ASH_COATED_OSMIUM,0,463000,1.0,0.0,0.20420506912442396,1.4472191963565233
ASH_COATED_OSMIUM,0,463600,1.0,1.0,0.20420506912442396,1.4472191963565233
ASH_COATED_OSMIUM,0,463800,1.0,0.0,0.20420506912442396,1.4472191963565233
ASH_COATED_OSMIUM,0,464800,1.0,0.0,0.20420506912442396,1.4472191963565233
ASH_COATED_OSMIUM,0,464900,1.0,0.0,0.20420506912442396,1.4472191963565233
ASH_COATED_OSMIUM,0,465900,1.0,5.0,0.20420506912442396,1.4472191963565233
ASH_COATED_OSMIUM,0,466100,1.0,1.0,0.20420506912442396,1.4472191963565233
ASH_COATED_OSMIUM,0,466300,1.0,2.0,0.20420506912442396,1.4472191963565233
ASH_COATED_OSMIUM,0,467100,1.0,0.0,0.20420506912442396,1.4472191963565233
ASH_COATED_OSMIUM,0,468200,1.0,-0.5,0.20420506912442396,1.4472191963565233
ASH_COATED_OSMIUM,0,468400,1.0,0.0,0.20420506912442396,1.4472191963565233
ASH_COATED_OSMIUM,0,468500,1.0,0.0,0.20420506912442396,1.4472191963565233
ASH_COATED_OSMIUM,0,468600,1.0,0.5,0.20420506912442396,1.4472191963565233
ASH_COATED_OSMIUM,0,469200,1.0,0.0,0.20420506912442396,1.4472191963565233
ASH_COATED_OSMIUM,0,469600,1.0,2.5,0.20420506912442396,1.4472191963565233
ASH_COATED_OSMIUM,0,470000,1.0,0.5,0.20420506912442396,1.4472191963565233
ASH_COATED_OSMIUM,0,470700,1.0,-1.0,0.20420506912442396,1.4472191963565233
ASH_COATED_OSMIUM,0,470900,1.0,0.0,0.20420506912442396,1.4472191963565233
ASH_COATED_OSMIUM,0,472900,1.0,-5.0,0.20420506912442396,1.4472191963565233
ASH_COATED_OSMIUM,0,475000,1.0,0.0,0.20420506912442396,1.4472191963565233
ASH_COATED_OSMIUM,0,475500,1.0,0.0,0.20420506912442396,1.4472191963565233
ASH_COATED_OSMIUM,0,475600,1.0,-1.5,0.20420506912442396,1.4472191963565233
ASH_COATED_OSMIUM,0,475900,1.0,0.0,0.20420506912442396,1.4472191963565233
ASH_COATED_OSMIUM,0,476000,1.0,2.5,0.20420506912442396,1.4472191963565233
ASH_COATED_OSMIUM,0,476300,1.0,-1.0,0.20420506912442396,1.4472191963565233
ASH_COATED_OSMIUM,0,476400,1.0,-0.5,0.20420506912442396,1.4472191963565233
ASH_COATED_OSMIUM,0,476900,1.0,2.0,0.20420506912442396,1.4472191963565233
ASH_COATED_OSMIUM,0,477300,1.0,1.5,0.20420506912442396,1.4472191963565233
ASH_COATED_OSMIUM,0,478500,1.0,0.0,0.20420506912442396,1.4472191963565233
ASH_COATED_OSMIUM,0,480500,1.0,-1.5,0.20420506912442396,1.4472191963565233
ASH_COATED_OSMIUM,0,481300,1.0,-1.0,0.20420506912442396,1.4472191963565233
ASH_COATED_OSMIUM,0,481600,1.0,0.0,0.20420506912442396,1.4472191963565233
ASH_COATED_OSMIUM,0,481800,1.0,0.0,0.20420506912442396,1.4472191963565233
ASH_COATED_OSMIUM,0,481900,1.0,0.0,0.20420506912442396,1.4472191963565233
ASH_COATED_OSMIUM,0,482000,1.0,-1.0,0.20420506912442396,1.4472191963565233
ASH_COATED_OSMIUM,0,482800,1.0,0.0,0.20420506912442396,1.4472191963565233
ASH_COATED_OSMIUM,0,484200,1.0,-0.5,0.20420506912442396,1.4472191963565233
ASH_COATED_OSMIUM,0,484400,1.0,0.0,0.20420506912442396,1.4472191963565233
ASH_COATED_OSMIUM,0,484900,1.0,1.0,0.20420506912442396,1.4472191963565233
ASH_COATED_OSMIUM,0,485500,1.0,0.0,0.20420506912442396,1.4472191963565233
ASH_COATED_OSMIUM,0,485600,1.0,0.0,0.20420506912442396,1.4472191963565233
ASH_COATED_OSMIUM,0,486200,1.0,1.0,0.20420506912442396,1.4472191963565233
ASH_COATED_OSMIUM,0,487300,1.0,0.0,0.20420506912442396,1.4472191963565233
ASH_COATED_OSMIUM,0,487700,1.0,0.0,0.20420506912442396,1.4472191963565233
ASH_COATED_OSMIUM,0,488000,1.0,3.0,0.20420506912442396,1.4472191963565233
ASH_COATED_OSMIUM,0,488300,1.0,-1.0,0.20420506912442396,1.4472191963565233
ASH_COATED_OSMIUM,0,488400,1.0,0.0,0.20420506912442396,1.4472191963565233
ASH_COATED_OSMIUM,0,488800,1.0,0.0,0.20420506912442396,1.4472191963565233
ASH_COATED_OSMIUM,0,489800,1.0,0.0,0.20420506912442396,1.4472191963565233
ASH_COATED_OSMIUM,0,490100,1.0,0.0,0.20420506912442396,1.4472191963565233
ASH_COATED_OSMIUM,0,490200,1.0,-1.0,0.20420506912442396,1.4472191963565233
ASH_COATED_OSMIUM,0,490700,1.0,5.0,0.20420506912442396,1.4472191963565233
ASH_COATED_OSMIUM,0,491400,1.0,1.0,0.20420506912442396,1.4472191963565233
ASH_COATED_OSMIUM,0,491700,1.0,-3.0,0.20420506912442396,1.4472191963565233
ASH_COATED_OSMIUM,0,491900,1.0,-0.5,0.20420506912442396,1.4472191963565233
ASH_COATED_OSMIUM,0,493300,1.0,-2.0,0.20420506912442396,1.4472191963565233
ASH_COATED_OSMIUM,0,494700,1.0,-0.5,0.20420506912442396,1.4472191963565233
ASH_COATED_OSMIUM,0,496100,1.0,-1.5,0.20420506912442396,1.4472191963565233
ASH_COATED_OSMIUM,0,496400,1.0,1.5,0.20420506912442396,1.4472191963565233
ASH_COATED_OSMIUM,0,496800,1.0,-0.5,0.20420506912442396,1.4472191963565233
ASH_COATED_OSMIUM,0,497800,1.0,0.0,0.20420506912442396,1.4472191963565233
ASH_COATED_OSMIUM,0,497900,1.0,0.0,0.20420506912442396,1.4472191963565233
ASH_COATED_OSMIUM,0,498900,1.0,0.0,0.20420506912442396,1.4472191963565233
ASH_COATED_OSMIUM,0,499700,1.0,-5.0,0.20420506912442396,1.4472191963565233
ASH_COATED_OSMIUM,0,500200,1.0,0.0,0.20420506912442396,1.4472191963565233
ASH_COATED_OSMIUM,0,500600,1.0,0.0,0.20420506912442396,1.4472191963565233
ASH_COATED_OSMIUM,0,501200,1.0,1.0,0.20420506912442396,1.4472191963565233
ASH_COATED_OSMIUM,0,501800,1.0,0.0,0.20420506912442396,1.4472191963565233
ASH_COATED_OSMIUM,0,502400,1.0,0.0,0.20420506912442396,1.4472191963565233
ASH_COATED_OSMIUM,0,502900,1.0,0.0,0.20420506912442396,1.4472191963565233
ASH_COATED_OSMIUM,0,503000,1.0,-0.5,0.20420506912442396,1.4472191963565233
ASH_COATED_OSMIUM,0,505300,1.0,1.0,0.20420506912442396,1.4472191963565233
ASH_COATED_OSMIUM,0,505500,1.0,2.0,0.20420506912442396,1.4472191963565233
ASH_COATED_OSMIUM,0,505700,1.0,1.0,0.20420506912442396,1.4472191963565233
ASH_COATED_OSMIUM,0,506400,1.0,1.0,0.20420506912442396,1.4472191963565233
ASH_COATED_OSMIUM,0,506900,1.0,0.0,0.20420506912442396,1.4472191963565233
ASH_COATED_OSMIUM,0,507600,1.0,-1.0,0.20420506912442396,1.4472191963565233
ASH_COATED_OSMIUM,0,508900,1.0,-1.5,0.20420506912442396,1.4472191963565233
ASH_COATED_OSMIUM,0,509200,1.0,1.0,0.20420506912442396,1.4472191963565233
ASH_COATED_OSMIUM,0,509600,1.0,2.0,0.20420506912442396,1.4472191963565233
ASH_COATED_OSMIUM,0,510600,1.0,0.0,0.20420506912442396,1.4472191963565233
ASH_COATED_OSMIUM,0,511100,1.0,0.0,0.20420506912442396,1.4472191963565233
ASH_COATED_OSMIUM,0,511200,1.0,0.0,0.20420506912442396,1.4472191963565233
ASH_COATED_OSMIUM,0,511700,1.0,0.0,0.20420506912442396,1.4472191963565233
ASH_COATED_OSMIUM,0,512300,1.0,1.0,0.20420506912442396,1.4472191963565233
ASH_COATED_OSMIUM,0,512900,1.0,0.0,0.20420506912442396,1.4472191963565233
ASH_COATED_OSMIUM,0,513000,1.0,2.0,0.20420506912442396,1.4472191963565233
ASH_COATED_OSMIUM,0,513500,1.0,-1.0,0.20420506912442396,1.4472191963565233
ASH_COATED_OSMIUM,0,514200,1.0,0.5,0.20420506912442396,1.4472191963565233
ASH_COATED_OSMIUM,0,514800,1.0,-0.5,0.20420506912442396,1.4472191963565233
ASH_COATED_OSMIUM,0,515000,1.0,0.0,0.20420506912442396,1.4472191963565233
ASH_COATED_OSMIUM,0,515500,1.0,0.0,0.20420506912442396,1.4472191963565233
ASH_COATED_OSMIUM,0,515800,1.0,0.0,0.20420506912442396,1.4472191963565233
ASH_COATED_OSMIUM,0,515900,1.0,0.0,0.20420506912442396,1.4472191963565233
ASH_COATED_OSMIUM,0,516600,1.0,-3.0,0.20420506912442396,1.4472191963565233
ASH_COATED_OSMIUM,0,517400,1.0,0.0,0.20420506912442396,1.4472191963565233
ASH_COATED_OSMIUM,0,517500,1.0,0.0,0.20420506912442396,1.4472191963565233
ASH_COATED_OSMIUM,0,517800,1.0,1.0,0.20420506912442396,1.4472191963565233
ASH_COATED_OSMIUM,0,518400,1.0,0.0,0.20420506912442396,1.4472191963565233
ASH_COATED_OSMIUM,0,518600,1.0,0.0,0.20420506912442396,1.4472191963565233
ASH_COATED_OSMIUM,0,518700,1.0,1.0,0.20420506912442396,1.4472191963565233
ASH_COATED_OSMIUM,0,519000,1.0,0.0,0.20420506912442396,1.4472191963565233
ASH_COATED_OSMIUM,0,519100,1.0,3.5,0.20420506912442396,1.4472191963565233
ASH_COATED_OSMIUM,0,519400,1.0,0.0,0.20420506912442396,1.4472191963565233
ASH_COATED_OSMIUM,0,519500,1.0,0.0,0.20420506912442396,1.4472191963565233
ASH_COATED_OSMIUM,0,520100,1.0,0.0,0.20420506912442396,1.4472191963565233
ASH_COATED_OSMIUM,0,520200,1.0,0.0,0.20420506912442396,1.4472191963565233
ASH_COATED_OSMIUM,0,520300,1.0,0.0,0.20420506912442396,1.4472191963565233
ASH_COATED_OSMIUM,0,520400,1.0,0.0,0.20420506912442396,1.4472191963565233
ASH_COATED_OSMIUM,0,520500,1.0,1.0,0.20420506912442396,1.4472191963565233
ASH_COATED_OSMIUM,0,521400,1.0,0.0,0.20420506912442396,1.4472191963565233
ASH_COATED_OSMIUM,0,521800,1.0,6.0,0.20420506912442396,1.4472191963565233
ASH_COATED_OSMIUM,0,522100,1.0,0.0,0.20420506912442396,1.4472191963565233
ASH_COATED_OSMIUM,0,523400,1.0,-1.0,0.20420506912442396,1.4472191963565233
ASH_COATED_OSMIUM,0,524800,1.0,0.5,0.20420506912442396,1.4472191963565233
ASH_COATED_OSMIUM,0,525300,1.0,-1.0,0.20420506912442396,1.4472191963565233
ASH_COATED_OSMIUM,0,525500,1.0,0.0,0.20420506912442396,1.4472191963565233
ASH_COATED_OSMIUM,0,525600,1.0,0.0,0.20420506912442396,1.4472191963565233
ASH_COATED_OSMIUM,0,525700,1.0,1.0,0.20420506912442396,1.4472191963565233
ASH_COATED_OSMIUM,0,527000,1.0,-1.0,0.20420506912442396,1.4472191963565233
ASH_COATED_OSMIUM,0,527100,1.0,0.0,0.20420506912442396,1.4472191963565233
ASH_COATED_OSMIUM,0,527200,1.0,1.0,0.20420506912442396,1.4472191963565233
ASH_COATED_OSMIUM,0,528500,1.0,0.0,0.20420506912442396,1.4472191963565233
ASH_COATED_OSMIUM,0,529000,1.0,0.0,0.20420506912442396,1.4472191963565233
ASH_COATED_OSMIUM,0,530200,1.0,1.5,0.20420506912442396,1.4472191963565233
ASH_COATED_OSMIUM,0,530700,1.0,3.5,0.20420506912442396,1.4472191963565233
ASH_COATED_OSMIUM,0,530900,1.0,1.5,0.20420506912442396,1.4472191963565233
ASH_COATED_OSMIUM,0,531200,1.0,-4.0,0.20420506912442396,1.4472191963565233
ASH_COATED_OSMIUM,0,532100,1.0,-0.5,0.20420506912442396,1.4472191963565233
ASH_COATED_OSMIUM,0,533800,1.0,1.0,0.20420506912442396,1.4472191963565233
ASH_COATED_OSMIUM,0,534300,1.0,1.0,0.20420506912442396,1.4472191963565233
ASH_COATED_OSMIUM,0,534500,1.0,1.5,0.20420506912442396,1.4472191963565233
ASH_COATED_OSMIUM,0,535500,1.0,1.0,0.20420506912442396,1.4472191963565233
ASH_COATED_OSMIUM,0,536800,1.0,0.0,0.20420506912442396,1.4472191963565233
ASH_COATED_OSMIUM,0,538200,1.0,0.0,0.20420506912442396,1.4472191963565233
ASH_COATED_OSMIUM,0,538300,1.0,0.0,0.20420506912442396,1.4472191963565233
ASH_COATED_OSMIUM,0,538800,1.0,1.0,0.20420506912442396,1.4472191963565233
ASH_COATED_OSMIUM,0,539300,1.0,1.5,0.20420506912442396,1.4472191963565233
ASH_COATED_OSMIUM,0,540200,1.0,-0.5,0.20420506912442396,1.4472191963565233
ASH_COATED_OSMIUM,0,542400,1.0,1.0,0.20420506912442396,1.4472191963565233
ASH_COATED_OSMIUM,0,543000,1.0,1.5,0.20420506912442396,1.4472191963565233
ASH_COATED_OSMIUM,0,543300,1.0,0.0,0.20420506912442396,1.4472191963565233
ASH_COATED_OSMIUM,0,544300,1.0,0.0,0.20420506912442396,1.4472191963565233
ASH_COATED_OSMIUM,0,544400,1.0,1.0,0.20420506912442396,1.4472191963565233
ASH_COATED_OSMIUM,0,544700,1.0,0.0,0.20420506912442396,1.4472191963565233
ASH_COATED_OSMIUM,0,544800,1.0,0.0,0.20420506912442396,1.4472191963565233
ASH_COATED_OSMIUM,0,546100,1.0,0.0,0.20420506912442396,1.4472191963565233
ASH_COATED_OSMIUM,0,546200,1.0,-0.5,0.20420506912442396,1.4472191963565233
ASH_COATED_OSMIUM,0,547000,1.0,0.0,0.20420506912442396,1.4472191963565233
ASH_COATED_OSMIUM,0,547300,1.0,2.0,0.20420506912442396,1.4472191963565233
ASH_COATED_OSMIUM,0,547700,1.0,1.0,0.20420506912442396,1.4472191963565233
ASH_COATED_OSMIUM,0,548900,1.0,0.0,0.20420506912442396,1.4472191963565233
ASH_COATED_OSMIUM,0,549800,1.0,0.0,0.20420506912442396,1.4472191963565233
ASH_COATED_OSMIUM,0,549900,1.0,0.0,0.20420506912442396,1.4472191963565233
ASH_COATED_OSMIUM,0,550100,1.0,2.5,0.20420506912442396,1.4472191963565233
ASH_COATED_OSMIUM,0,550500,1.0,0.0,0.20420506912442396,1.4472191963565233
ASH_COATED_OSMIUM,0,550600,1.0,0.0,0.20420506912442396,1.4472191963565233
ASH_COATED_OSMIUM,0,551300,1.0,-1.5,0.20420506912442396,1.4472191963565233
ASH_COATED_OSMIUM,0,551500,1.0,-1.0,0.20420506912442396,1.4472191963565233
ASH_COATED_OSMIUM,0,552000,1.0,1.0,0.20420506912442396,1.4472191963565233
ASH_COATED_OSMIUM,0,552500,1.0,-3.0,0.20420506912442396,1.4472191963565233
ASH_COATED_OSMIUM,0,553200,1.0,-1.0,0.20420506912442396,1.4472191963565233
ASH_COATED_OSMIUM,0,553300,1.0,0.0,0.20420506912442396,1.4472191963565233
ASH_COATED_OSMIUM,0,553500,1.0,-1.0,0.20420506912442396,1.4472191963565233
ASH_COATED_OSMIUM,0,553900,1.0,0.0,0.20420506912442396,1.4472191963565233
ASH_COATED_OSMIUM,0,554500,1.0,0.0,0.20420506912442396,1.4472191963565233
ASH_COATED_OSMIUM,0,554700,1.0,0.0,0.20420506912442396,1.4472191963565233
ASH_COATED_OSMIUM,0,554800,1.0,3.0,0.20420506912442396,1.4472191963565233
ASH_COATED_OSMIUM,0,555000,1.0,2.0,0.20420506912442396,1.4472191963565233
ASH_COATED_OSMIUM,0,555300,1.0,1.0,0.20420506912442396,1.4472191963565233
ASH_COATED_OSMIUM,0,556100,1.0,0.0,0.20420506912442396,1.4472191963565233
ASH_COATED_OSMIUM,0,556500,1.0,0.0,0.20420506912442396,1.4472191963565233
ASH_COATED_OSMIUM,0,557800,1.0,-0.5,0.20420506912442396,1.4472191963565233
ASH_COATED_OSMIUM,0,558000,1.0,0.0,0.20420506912442396,1.4472191963565233
ASH_COATED_OSMIUM,0,558400,1.0,0.0,0.20420506912442396,1.4472191963565233
ASH_COATED_OSMIUM,0,558800,1.0,0.0,0.20420506912442396,1.4472191963565233
ASH_COATED_OSMIUM,0,559000,1.0,0.5,0.20420506912442396,1.4472191963565233
ASH_COATED_OSMIUM,0,561000,1.0,-0.5,0.20420506912442396,1.4472191963565233
ASH_COATED_OSMIUM,0,561200,1.0,1.5,0.20420506912442396,1.4472191963565233
ASH_COATED_OSMIUM,0,561700,1.0,1.0,0.20420506912442396,1.4472191963565233
ASH_COATED_OSMIUM,0,562700,1.0,1.0,0.20420506912442396,1.4472191963565233
ASH_COATED_OSMIUM,0,563100,1.0,1.0,0.20420506912442396,1.4472191963565233
ASH_COATED_OSMIUM,0,563500,1.0,0.0,0.20420506912442396,1.4472191963565233
ASH_COATED_OSMIUM,0,564000,1.0,0.0,0.20420506912442396,1.4472191963565233
ASH_COATED_OSMIUM,0,564100,1.0,1.0,0.20420506912442396,1.4472191963565233
ASH_COATED_OSMIUM,0,564400,1.0,0.0,0.20420506912442396,1.4472191963565233
ASH_COATED_OSMIUM,0,564500,1.0,0.0,0.20420506912442396,1.4472191963565233
ASH_COATED_OSMIUM,0,564700,1.0,0.0,0.20420506912442396,1.4472191963565233
ASH_COATED_OSMIUM,0,565600,1.0,1.0,0.20420506912442396,1.4472191963565233
ASH_COATED_OSMIUM,0,565700,1.0,0.0,0.20420506912442396,1.4472191963565233
ASH_COATED_OSMIUM,0,565900,1.0,0.0,0.20420506912442396,1.4472191963565233
ASH_COATED_OSMIUM,0,566000,1.0,0.0,0.20420506912442396,1.4472191963565233
ASH_COATED_OSMIUM,0,566200,1.0,0.0,0.20420506912442396,1.4472191963565233
ASH_COATED_OSMIUM,0,566700,1.0,-1.0,0.20420506912442396,1.4472191963565233
ASH_COATED_OSMIUM,0,567600,1.0,0.0,0.20420506912442396,1.4472191963565233
ASH_COATED_OSMIUM,0,567700,1.0,1.0,0.20420506912442396,1.4472191963565233
ASH_COATED_OSMIUM,0,568000,1.0,0.0,0.20420506912442396,1.4472191963565233
ASH_COATED_OSMIUM,0,568200,1.0,0.0,0.20420506912442396,1.4472191963565233
ASH_COATED_OSMIUM,0,568300,1.0,1.5,0.20420506912442396,1.4472191963565233
ASH_COATED_OSMIUM,0,568600,1.0,0.0,0.20420506912442396,1.4472191963565233
ASH_COATED_OSMIUM,0,568900,1.0,0.5,0.20420506912442396,1.4472191963565233
ASH_COATED_OSMIUM,0,569100,1.0,1.0,0.20420506912442396,1.4472191963565233
ASH_COATED_OSMIUM,0,569500,1.0,2.0,0.20420506912442396,1.4472191963565233
ASH_COATED_OSMIUM,0,569900,1.0,1.0,0.20420506912442396,1.4472191963565233
ASH_COATED_OSMIUM,0,571000,1.0,0.0,0.20420506912442396,1.4472191963565233
ASH_COATED_OSMIUM,0,571100,1.0,0.0,0.20420506912442396,1.4472191963565233
ASH_COATED_OSMIUM,0,572000,1.0,0.0,0.20420506912442396,1.4472191963565233
ASH_COATED_OSMIUM,0,572300,1.0,6.5,0.20420506912442396,1.4472191963565233
ASH_COATED_OSMIUM,0,572700,1.0,0.0,0.20420506912442396,1.4472191963565233
ASH_COATED_OSMIUM,0,573400,1.0,1.5,0.20420506912442396,1.4472191963565233
ASH_COATED_OSMIUM,0,574000,1.0,0.0,0.20420506912442396,1.4472191963565233
ASH_COATED_OSMIUM,0,575200,1.0,0.0,0.20420506912442396,1.4472191963565233
ASH_COATED_OSMIUM,0,575300,1.0,1.0,0.20420506912442396,1.4472191963565233
ASH_COATED_OSMIUM,0,576100,1.0,-1.0,0.20420506912442396,1.4472191963565233
ASH_COATED_OSMIUM,0,577000,1.0,0.0,0.20420506912442396,1.4472191963565233
ASH_COATED_OSMIUM,0,577100,1.0,2.0,0.20420506912442396,1.4472191963565233
ASH_COATED_OSMIUM,0,577300,1.0,0.0,0.20420506912442396,1.4472191963565233
ASH_COATED_OSMIUM,0,577500,1.0,0.0,0.20420506912442396,1.4472191963565233
ASH_COATED_OSMIUM,0,578200,1.0,1.5,0.20420506912442396,1.4472191963565233
ASH_COATED_OSMIUM,0,579900,1.0,1.0,0.20420506912442396,1.4472191963565233
ASH_COATED_OSMIUM,0,581100,1.0,1.5,0.20420506912442396,1.4472191963565233
ASH_COATED_OSMIUM,0,581300,1.0,1.5,0.20420506912442396,1.4472191963565233
ASH_COATED_OSMIUM,0,582100,1.0,0.0,0.20420506912442396,1.4472191963565233
ASH_COATED_OSMIUM,0,584200,1.0,0.0,0.20420506912442396,1.4472191963565233
ASH_COATED_OSMIUM,0,584400,1.0,0.0,0.20420506912442396,1.4472191963565233
ASH_COATED_OSMIUM,0,585100,1.0,-0.5,0.20420506912442396,1.4472191963565233
ASH_COATED_OSMIUM,0,587200,1.0,0.0,0.20420506912442396,1.4472191963565233
ASH_COATED_OSMIUM,0,587500,1.0,0.0,0.20420506912442396,1.4472191963565233
ASH_COATED_OSMIUM,0,587600,1.0,1.0,0.20420506912442396,1.4472191963565233
ASH_COATED_OSMIUM,0,587900,1.0,1.0,0.20420506912442396,1.4472191963565233
ASH_COATED_OSMIUM,0,588500,1.0,-1.5,0.20420506912442396,1.4472191963565233
ASH_COATED_OSMIUM,0,589500,1.0,0.0,0.20420506912442396,1.4472191963565233
ASH_COATED_OSMIUM,0,589600,1.0,-3.0,0.20420506912442396,1.4472191963565233
ASH_COATED_OSMIUM,0,590200,1.0,0.0,0.20420506912442396,1.4472191963565233
ASH_COATED_OSMIUM,0,591400,1.0,-1.5,0.20420506912442396,1.4472191963565233
ASH_COATED_OSMIUM,0,593300,1.0,-1.0,0.20420506912442396,1.4472191963565233
ASH_COATED_OSMIUM,0,593700,1.0,0.0,0.20420506912442396,1.4472191963565233
ASH_COATED_OSMIUM,0,593800,1.0,2.0,0.20420506912442396,1.4472191963565233
ASH_COATED_OSMIUM,0,594000,1.0,1.0,0.20420506912442396,1.4472191963565233
ASH_COATED_OSMIUM,0,594400,1.0,0.0,0.20420506912442396,1.4472191963565233
ASH_COATED_OSMIUM,0,594500,1.0,0.0,0.20420506912442396,1.4472191963565233
ASH_COATED_OSMIUM,0,595400,1.0,1.0,0.20420506912442396,1.4472191963565233
ASH_COATED_OSMIUM,0,595900,1.0,2.0,0.20420506912442396,1.4472191963565233
ASH_COATED_OSMIUM,0,596400,1.0,0.0,0.20420506912442396,1.4472191963565233
ASH_COATED_OSMIUM,0,596500,1.0,-1.0,0.20420506912442396,1.4472191963565233
ASH_COATED_OSMIUM,0,597400,1.0,0.0,0.20420506912442396,1.4472191963565233
ASH_COATED_OSMIUM,0,597600,1.0,0.0,0.20420506912442396,1.4472191963565233
ASH_COATED_OSMIUM,0,597800,1.0,-3.0,0.20420506912442396,1.4472191963565233
ASH_COATED_OSMIUM,0,598900,1.0,-4.0,0.20420506912442396,1.4472191963565233
ASH_COATED_OSMIUM,0,599200,1.0,-0.5,0.20420506912442396,1.4472191963565233
ASH_COATED_OSMIUM,0,599400,1.0,1.5,0.20420506912442396,1.4472191963565233
ASH_COATED_OSMIUM,0,599700,1.0,0.0,0.20420506912442396,1.4472191963565233
ASH_COATED_OSMIUM,0,600000,1.0,0.0,0.20420506912442396,1.4472191963565233
ASH_COATED_OSMIUM,0,600700,1.0,1.0,0.20420506912442396,1.4472191963565233
ASH_COATED_OSMIUM,0,601300,1.0,1.0,0.20420506912442396,1.4472191963565233
ASH_COATED_OSMIUM,0,601900,1.0,0.0,0.20420506912442396,1.4472191963565233
ASH_COATED_OSMIUM,0,602500,1.0,0.5,0.20420506912442396,1.4472191963565233
ASH_COATED_OSMIUM,0,603000,1.0,1.5,0.20420506912442396,1.4472191963565233
ASH_COATED_OSMIUM,0,603800,1.0,-1.0,0.20420506912442396,1.4472191963565233
ASH_COATED_OSMIUM,0,605000,1.0,-1.0,0.20420506912442396,1.4472191963565233
ASH_COATED_OSMIUM,0,606300,1.0,0.0,0.20420506912442396,1.4472191963565233
ASH_COATED_OSMIUM,0,607200,1.0,0.0,0.20420506912442396,1.4472191963565233
ASH_COATED_OSMIUM,0,607400,1.0,1.5,0.20420506912442396,1.4472191963565233
ASH_COATED_OSMIUM,0,607600,1.0,3.0,0.20420506912442396,1.4472191963565233
ASH_COATED_OSMIUM,0,607900,1.0,0.0,0.20420506912442396,1.4472191963565233
ASH_COATED_OSMIUM,0,608300,1.0,0.0,0.20420506912442396,1.4472191963565233
ASH_COATED_OSMIUM,0,608500,1.0,0.0,0.20420506912442396,1.4472191963565233
ASH_COATED_OSMIUM,0,608600,1.0,0.0,0.20420506912442396,1.4472191963565233
ASH_COATED_OSMIUM,0,609800,1.0,-1.0,0.20420506912442396,1.4472191963565233
ASH_COATED_OSMIUM,0,613000,1.0,0.0,0.20420506912442396,1.4472191963565233
ASH_COATED_OSMIUM,0,613200,1.0,0.0,0.20420506912442396,1.4472191963565233
ASH_COATED_OSMIUM,0,613600,1.0,1.0,0.20420506912442396,1.4472191963565233
ASH_COATED_OSMIUM,0,613800,1.0,0.0,0.20420506912442396,1.4472191963565233
ASH_COATED_OSMIUM,0,614300,1.0,0.0,0.20420506912442396,1.4472191963565233
ASH_COATED_OSMIUM,0,614400,1.0,1.5,0.20420506912442396,1.4472191963565233
ASH_COATED_OSMIUM,0,615300,1.0,-1.5,0.20420506912442396,1.4472191963565233
ASH_COATED_OSMIUM,0,617100,1.0,2.0,0.20420506912442396,1.4472191963565233
ASH_COATED_OSMIUM,0,617800,1.0,1.5,0.20420506912442396,1.4472191963565233
ASH_COATED_OSMIUM,0,618800,1.0,0.0,0.20420506912442396,1.4472191963565233
ASH_COATED_OSMIUM,0,618900,1.0,0.0,0.20420506912442396,1.4472191963565233
ASH_COATED_OSMIUM,0,619000,1.0,-1.5,0.20420506912442396,1.4472191963565233
ASH_COATED_OSMIUM,0,620400,1.0,0.0,0.20420506912442396,1.4472191963565233
ASH_COATED_OSMIUM,0,620800,1.0,0.0,0.20420506912442396,1.4472191963565233
ASH_COATED_OSMIUM,0,621400,1.0,2.0,0.20420506912442396,1.4472191963565233
ASH_COATED_OSMIUM,0,621600,1.0,0.0,0.20420506912442396,1.4472191963565233
ASH_COATED_OSMIUM,0,621700,1.0,0.0,0.20420506912442396,1.4472191963565233
ASH_COATED_OSMIUM,0,622100,1.0,0.0,0.20420506912442396,1.4472191963565233
ASH_COATED_OSMIUM,0,622200,1.0,1.0,0.20420506912442396,1.4472191963565233
ASH_COATED_OSMIUM,0,622500,1.0,1.5,0.20420506912442396,1.4472191963565233
ASH_COATED_OSMIUM,0,622700,1.0,-1.0,0.20420506912442396,1.4472191963565233
ASH_COATED_OSMIUM,0,623100,1.0,0.0,0.20420506912442396,1.4472191963565233
ASH_COATED_OSMIUM,0,623400,1.0,-0.5,0.20420506912442396,1.4472191963565233
ASH_COATED_OSMIUM,0,624600,1.0,0.0,0.20420506912442396,1.4472191963565233
ASH_COATED_OSMIUM,0,624900,1.0,0.0,0.20420506912442396,1.4472191963565233
ASH_COATED_OSMIUM,0,625200,1.0,0.0,0.20420506912442396,1.4472191963565233
ASH_COATED_OSMIUM,0,625300,1.0,0.0,0.20420506912442396,1.4472191963565233
ASH_COATED_OSMIUM,0,625800,1.0,1.0,0.20420506912442396,1.4472191963565233
ASH_COATED_OSMIUM,0,626300,1.0,5.0,0.20420506912442396,1.4472191963565233
ASH_COATED_OSMIUM,0,627400,1.0,1.0,0.20420506912442396,1.4472191963565233
ASH_COATED_OSMIUM,0,627900,1.0,-0.5,0.20420506912442396,1.4472191963565233
ASH_COATED_OSMIUM,0,628200,1.0,0.0,0.20420506912442396,1.4472191963565233
ASH_COATED_OSMIUM,0,628300,1.0,0.0,0.20420506912442396,1.4472191963565233
ASH_COATED_OSMIUM,0,629300,1.0,1.5,0.20420506912442396,1.4472191963565233
ASH_COATED_OSMIUM,0,630900,1.0,2.0,0.20420506912442396,1.4472191963565233
ASH_COATED_OSMIUM,0,631400,1.0,2.0,0.20420506912442396,1.4472191963565233
ASH_COATED_OSMIUM,0,631700,1.0,0.0,0.20420506912442396,1.4472191963565233
ASH_COATED_OSMIUM,0,632100,1.0,1.0,0.20420506912442396,1.4472191963565233
ASH_COATED_OSMIUM,0,632700,1.0,1.0,0.20420506912442396,1.4472191963565233
ASH_COATED_OSMIUM,0,633500,1.0,-3.0,0.20420506912442396,1.4472191963565233
ASH_COATED_OSMIUM,0,634300,1.0,1.5,0.20420506912442396,1.4472191963565233
ASH_COATED_OSMIUM,0,635000,1.0,-1.0,0.20420506912442396,1.4472191963565233
ASH_COATED_OSMIUM,0,636200,1.0,1.0,0.20420506912442396,1.4472191963565233
ASH_COATED_OSMIUM,0,637100,1.0,1.0,0.20420506912442396,1.4472191963565233
ASH_COATED_OSMIUM,0,637600,1.0,0.0,0.20420506912442396,1.4472191963565233
ASH_COATED_OSMIUM,0,637700,1.0,3.5,0.20420506912442396,1.4472191963565233
ASH_COATED_OSMIUM,0,638800,1.0,0.5,0.20420506912442396,1.4472191963565233
ASH_COATED_OSMIUM,0,640300,1.0,1.5,0.20420506912442396,1.4472191963565233
ASH_COATED_OSMIUM,0,641700,1.0,0.0,0.20420506912442396,1.4472191963565233
ASH_COATED_OSMIUM,0,641800,1.0,5.0,0.20420506912442396,1.4472191963565233
ASH_COATED_OSMIUM,0,643600,1.0,0.0,0.20420506912442396,1.4472191963565233
ASH_COATED_OSMIUM,0,644300,1.0,0.0,0.20420506912442396,1.4472191963565233
ASH_COATED_OSMIUM,0,644400,1.0,1.5,0.20420506912442396,1.4472191963565233
ASH_COATED_OSMIUM,0,644800,1.0,0.0,0.20420506912442396,1.4472191963565233
ASH_COATED_OSMIUM,0,645100,1.0,-1.0,0.20420506912442396,1.4472191963565233
ASH_COATED_OSMIUM,0,645800,1.0,0.0,0.20420506912442396,1.4472191963565233
ASH_COATED_OSMIUM,0,645900,1.0,0.0,0.20420506912442396,1.4472191963565233
ASH_COATED_OSMIUM,0,646300,1.0,-1.0,0.20420506912442396,1.4472191963565233
ASH_COATED_OSMIUM,0,646500,1.0,2.0,0.20420506912442396,1.4472191963565233
ASH_COATED_OSMIUM,0,648400,1.0,0.5,0.20420506912442396,1.4472191963565233
ASH_COATED_OSMIUM,0,648800,1.0,1.0,0.20420506912442396,1.4472191963565233
ASH_COATED_OSMIUM,0,649100,1.0,2.5,0.20420506912442396,1.4472191963565233
ASH_COATED_OSMIUM,0,649300,1.0,1.0,0.20420506912442396,1.4472191963565233
ASH_COATED_OSMIUM,0,649800,1.0,-1.5,0.20420506912442396,1.4472191963565233
ASH_COATED_OSMIUM,0,650000,1.0,1.0,0.20420506912442396,1.4472191963565233
ASH_COATED_OSMIUM,0,650400,1.0,0.0,0.20420506912442396,1.4472191963565233
ASH_COATED_OSMIUM,0,650500,1.0,-1.0,0.20420506912442396,1.4472191963565233
ASH_COATED_OSMIUM,0,650700,1.0,-1.5,0.20420506912442396,1.4472191963565233
ASH_COATED_OSMIUM,0,652000,1.0,0.5,0.20420506912442396,1.4472191963565233
ASH_COATED_OSMIUM,0,652300,1.0,1.0,0.20420506912442396,1.4472191963565233
ASH_COATED_OSMIUM,0,652900,1.0,0.0,0.20420506912442396,1.4472191963565233
ASH_COATED_OSMIUM,0,653100,1.0,1.0,0.20420506912442396,1.4472191963565233
ASH_COATED_OSMIUM,0,653700,1.0,1.5,0.20420506912442396,1.4472191963565233
ASH_COATED_OSMIUM,0,654100,1.0,0.0,0.20420506912442396,1.4472191963565233
ASH_COATED_OSMIUM,0,654300,1.0,1.0,0.20420506912442396,1.4472191963565233
ASH_COATED_OSMIUM,0,655600,1.0,-3.0,0.20420506912442396,1.4472191963565233
ASH_COATED_OSMIUM,0,655800,1.0,1.0,0.20420506912442396,1.4472191963565233
ASH_COATED_OSMIUM,0,656100,1.0,-1.0,0.20420506912442396,1.4472191963565233
ASH_COATED_OSMIUM,0,656700,1.0,-4.0,0.20420506912442396,1.4472191963565233
ASH_COATED_OSMIUM,0,657100,1.0,1.5,0.20420506912442396,1.4472191963565233
ASH_COATED_OSMIUM,0,657700,1.0,-2.5,0.20420506912442396,1.4472191963565233
ASH_COATED_OSMIUM,0,657900,1.0,0.0,0.20420506912442396,1.4472191963565233
ASH_COATED_OSMIUM,0,658400,1.0,0.0,0.20420506912442396,1.4472191963565233
ASH_COATED_OSMIUM,0,659200,1.0,0.0,0.20420506912442396,1.4472191963565233
ASH_COATED_OSMIUM,0,659300,1.0,0.0,0.20420506912442396,1.4472191963565233
ASH_COATED_OSMIUM,0,659500,1.0,1.0,0.20420506912442396,1.4472191963565233
ASH_COATED_OSMIUM,0,660300,1.0,0.0,0.20420506912442396,1.4472191963565233
ASH_COATED_OSMIUM,0,660900,1.0,0.0,0.20420506912442396,1.4472191963565233
ASH_COATED_OSMIUM,0,661400,1.0,0.0,0.20420506912442396,1.4472191963565233
ASH_COATED_OSMIUM,0,662100,1.0,1.0,0.20420506912442396,1.4472191963565233
ASH_COATED_OSMIUM,0,662800,1.0,0.0,0.20420506912442396,1.4472191963565233
ASH_COATED_OSMIUM,0,662900,1.0,-1.5,0.20420506912442396,1.4472191963565233
ASH_COATED_OSMIUM,0,663700,1.0,0.0,0.20420506912442396,1.4472191963565233
ASH_COATED_OSMIUM,0,663800,1.0,1.5,0.20420506912442396,1.4472191963565233
ASH_COATED_OSMIUM,0,664100,1.0,3.5,0.20420506912442396,1.4472191963565233
ASH_COATED_OSMIUM,0,665100,1.0,0.0,0.20420506912442396,1.4472191963565233
ASH_COATED_OSMIUM,0,665800,1.0,-1.5,0.20420506912442396,1.4472191963565233
ASH_COATED_OSMIUM,0,667500,1.0,0.5,0.20420506912442396,1.4472191963565233
ASH_COATED_OSMIUM,0,668000,1.0,0.0,0.20420506912442396,1.4472191963565233
ASH_COATED_OSMIUM,0,669100,1.0,1.0,0.20420506912442396,1.4472191963565233
ASH_COATED_OSMIUM,0,670600,1.0,0.0,0.20420506912442396,1.4472191963565233
ASH_COATED_OSMIUM,0,670800,1.0,0.5,0.20420506912442396,1.4472191963565233
ASH_COATED_OSMIUM,0,672800,1.0,0.0,0.20420506912442396,1.4472191963565233
ASH_COATED_OSMIUM,0,674600,1.0,-1.5,0.20420506912442396,1.4472191963565233
ASH_COATED_OSMIUM,0,675700,1.0,-1.0,0.20420506912442396,1.4472191963565233
ASH_COATED_OSMIUM,0,678000,1.0,0.5,0.20420506912442396,1.4472191963565233
ASH_COATED_OSMIUM,0,678400,1.0,1.0,0.20420506912442396,1.4472191963565233
ASH_COATED_OSMIUM,0,678700,1.0,0.0,0.20420506912442396,1.4472191963565233
ASH_COATED_OSMIUM,0,680000,1.0,0.0,0.20420506912442396,1.4472191963565233
ASH_COATED_OSMIUM,0,680100,1.0,0.0,0.20420506912442396,1.4472191963565233
ASH_COATED_OSMIUM,0,680200,1.0,1.0,0.20420506912442396,1.4472191963565233
ASH_COATED_OSMIUM,0,682600,1.0,1.0,0.20420506912442396,1.4472191963565233
ASH_COATED_OSMIUM,0,683800,1.0,0.0,0.20420506912442396,1.4472191963565233
ASH_COATED_OSMIUM,0,683900,1.0,0.0,0.20420506912442396,1.4472191963565233
ASH_COATED_OSMIUM,0,684000,1.0,1.0,0.20420506912442396,1.4472191963565233
ASH_COATED_OSMIUM,0,684800,1.0,-1.0,0.20420506912442396,1.4472191963565233
ASH_COATED_OSMIUM,0,687400,1.0,-1.0,0.20420506912442396,1.4472191963565233
ASH_COATED_OSMIUM,0,687800,1.0,-5.0,0.20420506912442396,1.4472191963565233
ASH_COATED_OSMIUM,0,688300,1.0,-1.0,0.20420506912442396,1.4472191963565233
ASH_COATED_OSMIUM,0,688500,1.0,1.5,0.20420506912442396,1.4472191963565233
ASH_COATED_OSMIUM,0,689600,1.0,-0.5,0.20420506912442396,1.4472191963565233
ASH_COATED_OSMIUM,0,689800,1.0,-1.0,0.20420506912442396,1.4472191963565233
ASH_COATED_OSMIUM,0,690200,1.0,0.0,0.20420506912442396,1.4472191963565233
ASH_COATED_OSMIUM,0,690400,1.0,0.5,0.20420506912442396,1.4472191963565233
ASH_COATED_OSMIUM,0,690600,1.0,0.0,0.20420506912442396,1.4472191963565233
ASH_COATED_OSMIUM,0,691500,1.0,0.0,0.20420506912442396,1.4472191963565233
ASH_COATED_OSMIUM,0,692000,1.0,0.0,0.20420506912442396,1.4472191963565233
ASH_COATED_OSMIUM,0,692100,1.0,3.0,0.20420506912442396,1.4472191963565233
ASH_COATED_OSMIUM,0,692700,1.0,-0.5,0.20420506912442396,1.4472191963565233
ASH_COATED_OSMIUM,0,693200,1.0,0.5,0.20420506912442396,1.4472191963565233
ASH_COATED_OSMIUM,0,693500,1.0,-0.5,0.20420506912442396,1.4472191963565233
ASH_COATED_OSMIUM,0,693800,1.0,2.0,0.20420506912442396,1.4472191963565233
ASH_COATED_OSMIUM,0,694600,1.0,-0.5,0.20420506912442396,1.4472191963565233
ASH_COATED_OSMIUM,0,694800,1.0,-0.5,0.20420506912442396,1.4472191963565233
ASH_COATED_OSMIUM,0,696000,1.0,0.0,0.20420506912442396,1.4472191963565233
ASH_COATED_OSMIUM,0,696800,1.0,0.0,0.20420506912442396,1.4472191963565233
ASH_COATED_OSMIUM,0,696900,1.0,1.5,0.20420506912442396,1.4472191963565233
ASH_COATED_OSMIUM,0,697900,1.0,0.0,0.20420506912442396,1.4472191963565233
ASH_COATED_OSMIUM,0,698800,1.0,0.0,0.20420506912442396,1.4472191963565233
ASH_COATED_OSMIUM,0,699100,1.0,0.0,0.20420506912442396,1.4472191963565233
ASH_COATED_OSMIUM,0,699200,1.0,0.0,0.20420506912442396,1.4472191963565233
ASH_COATED_OSMIUM,0,701000,1.0,0.0,0.20420506912442396,1.4472191963565233
ASH_COATED_OSMIUM,0,701100,1.0,1.0,0.20420506912442396,1.4472191963565233
ASH_COATED_OSMIUM,0,701600,1.0,0.0,0.20420506912442396,1.4472191963565233
ASH_COATED_OSMIUM,0,702700,1.0,2.0,0.20420506912442396,1.4472191963565233
ASH_COATED_OSMIUM,0,702900,1.0,-0.5,0.20420506912442396,1.4472191963565233
ASH_COATED_OSMIUM,0,703700,1.0,0.0,0.20420506912442396,1.4472191963565233
ASH_COATED_OSMIUM,0,704200,1.0,0.0,0.20420506912442396,1.4472191963565233
ASH_COATED_OSMIUM,0,704300,1.0,0.0,0.20420506912442396,1.4472191963565233
ASH_COATED_OSMIUM,0,704400,1.0,0.0,0.20420506912442396,1.4472191963565233
ASH_COATED_OSMIUM,0,704700,1.0,0.0,0.20420506912442396,1.4472191963565233
ASH_COATED_OSMIUM,0,704800,1.0,1.0,0.20420506912442396,1.4472191963565233
ASH_COATED_OSMIUM,0,705400,1.0,0.0,0.20420506912442396,1.4472191963565233
ASH_COATED_OSMIUM,0,706400,1.0,0.0,0.20420506912442396,1.4472191963565233
ASH_COATED_OSMIUM,0,707100,1.0,-1.0,0.20420506912442396,1.4472191963565233
ASH_COATED_OSMIUM,0,708100,1.0,0.0,0.20420506912442396,1.4472191963565233
ASH_COATED_OSMIUM,0,708500,1.0,0.0,0.20420506912442396,1.4472191963565233
ASH_COATED_OSMIUM,0,709200,1.0,0.0,0.20420506912442396,1.4472191963565233
ASH_COATED_OSMIUM,0,710500,1.0,0.0,0.20420506912442396,1.4472191963565233
ASH_COATED_OSMIUM,0,710600,1.0,0.0,0.20420506912442396,1.4472191963565233
ASH_COATED_OSMIUM,0,710800,1.0,0.0,0.20420506912442396,1.4472191963565233
ASH_COATED_OSMIUM,0,711800,1.0,-0.5,0.20420506912442396,1.4472191963565233
ASH_COATED_OSMIUM,0,712500,1.0,-0.5,0.20420506912442396,1.4472191963565233
ASH_COATED_OSMIUM,0,713100,1.0,1.0,0.20420506912442396,1.4472191963565233
ASH_COATED_OSMIUM,0,714300,1.0,-1.0,0.20420506912442396,1.4472191963565233
ASH_COATED_OSMIUM,0,714500,1.0,5.0,0.20420506912442396,1.4472191963565233
ASH_COATED_OSMIUM,0,715300,1.0,4.5,0.20420506912442396,1.4472191963565233
ASH_COATED_OSMIUM,0,715600,1.0,0.0,0.20420506912442396,1.4472191963565233
ASH_COATED_OSMIUM,0,716100,1.0,1.5,0.20420506912442396,1.4472191963565233
ASH_COATED_OSMIUM,0,716700,1.0,0.0,0.20420506912442396,1.4472191963565233
ASH_COATED_OSMIUM,0,716800,1.0,0.0,0.20420506912442396,1.4472191963565233
ASH_COATED_OSMIUM,0,717400,1.0,-0.5,0.20420506912442396,1.4472191963565233
ASH_COATED_OSMIUM,0,717600,1.0,0.5,0.20420506912442396,1.4472191963565233
ASH_COATED_OSMIUM,0,718000,1.0,2.0,0.20420506912442396,1.4472191963565233
ASH_COATED_OSMIUM,0,718300,1.0,-0.5,0.20420506912442396,1.4472191963565233
ASH_COATED_OSMIUM,0,719200,1.0,1.5,0.20420506912442396,1.4472191963565233
ASH_COATED_OSMIUM,0,720500,1.0,-1.0,0.20420506912442396,1.4472191963565233
ASH_COATED_OSMIUM,0,720800,1.0,0.0,0.20420506912442396,1.4472191963565233
ASH_COATED_OSMIUM,0,721500,1.0,0.0,0.20420506912442396,1.4472191963565233
ASH_COATED_OSMIUM,0,721700,1.0,-5.5,0.20420506912442396,1.4472191963565233
ASH_COATED_OSMIUM,0,725100,1.0,0.5,0.20420506912442396,1.4472191963565233
ASH_COATED_OSMIUM,0,726600,1.0,-6.0,0.20420506912442396,1.4472191963565233
ASH_COATED_OSMIUM,0,726800,1.0,-3.5,0.20420506912442396,1.4472191963565233
ASH_COATED_OSMIUM,0,727000,1.0,2.0,0.20420506912442396,1.4472191963565233
ASH_COATED_OSMIUM,0,727800,1.0,-3.0,0.20420506912442396,1.4472191963565233
ASH_COATED_OSMIUM,0,728900,1.0,0.0,0.20420506912442396,1.4472191963565233
ASH_COATED_OSMIUM,0,729000,1.0,0.0,0.20420506912442396,1.4472191963565233
ASH_COATED_OSMIUM,0,729700,1.0,1.0,0.20420506912442396,1.4472191963565233
ASH_COATED_OSMIUM,0,730000,1.0,0.0,0.20420506912442396,1.4472191963565233
ASH_COATED_OSMIUM,0,730200,1.0,0.0,0.20420506912442396,1.4472191963565233
ASH_COATED_OSMIUM,0,730700,1.0,1.0,0.20420506912442396,1.4472191963565233
ASH_COATED_OSMIUM,0,730900,1.0,4.5,0.20420506912442396,1.4472191963565233
ASH_COATED_OSMIUM,0,731200,1.0,1.0,0.20420506912442396,1.4472191963565233
ASH_COATED_OSMIUM,0,731400,1.0,2.0,0.20420506912442396,1.4472191963565233
ASH_COATED_OSMIUM,0,731600,1.0,0.0,0.20420506912442396,1.4472191963565233
ASH_COATED_OSMIUM,0,732700,1.0,0.5,0.20420506912442396,1.4472191963565233
ASH_COATED_OSMIUM,0,734100,1.0,1.5,0.20420506912442396,1.4472191963565233
ASH_COATED_OSMIUM,0,734400,1.0,1.0,0.20420506912442396,1.4472191963565233
ASH_COATED_OSMIUM,0,734800,1.0,0.0,0.20420506912442396,1.4472191963565233
ASH_COATED_OSMIUM,0,737100,1.0,0.0,0.20420506912442396,1.4472191963565233
ASH_COATED_OSMIUM,0,737200,1.0,4.5,0.20420506912442396,1.4472191963565233
ASH_COATED_OSMIUM,0,738000,1.0,1.0,0.20420506912442396,1.4472191963565233
ASH_COATED_OSMIUM,0,738400,1.0,0.5,0.20420506912442396,1.4472191963565233
ASH_COATED_OSMIUM,0,739100,1.0,0.0,0.20420506912442396,1.4472191963565233
ASH_COATED_OSMIUM,0,739200,1.0,0.0,0.20420506912442396,1.4472191963565233
ASH_COATED_OSMIUM,0,739800,1.0,0.5,0.20420506912442396,1.4472191963565233
ASH_COATED_OSMIUM,0,740500,1.0,1.0,0.20420506912442396,1.4472191963565233
ASH_COATED_OSMIUM,0,740700,1.0,0.0,0.20420506912442396,1.4472191963565233
ASH_COATED_OSMIUM,0,740800,1.0,0.0,0.20420506912442396,1.4472191963565233
ASH_COATED_OSMIUM,0,741200,1.0,0.0,0.20420506912442396,1.4472191963565233
ASH_COATED_OSMIUM,0,741300,1.0,0.0,0.20420506912442396,1.4472191963565233
ASH_COATED_OSMIUM,0,741400,1.0,-1.0,0.20420506912442396,1.4472191963565233
ASH_COATED_OSMIUM,0,742100,1.0,4.5,0.20420506912442396,1.4472191963565233
ASH_COATED_OSMIUM,0,742200,1.0,0.0,0.20420506912442396,1.4472191963565233
ASH_COATED_OSMIUM,0,742400,1.0,0.0,0.20420506912442396,1.4472191963565233
ASH_COATED_OSMIUM,0,743600,1.0,1.5,0.20420506912442396,1.4472191963565233
ASH_COATED_OSMIUM,0,744600,1.0,1.0,0.20420506912442396,1.4472191963565233
ASH_COATED_OSMIUM,0,745300,1.0,-1.0,0.20420506912442396,1.4472191963565233
ASH_COATED_OSMIUM,0,745600,1.0,2.0,0.20420506912442396,1.4472191963565233
ASH_COATED_OSMIUM,0,746800,1.0,0.0,0.20420506912442396,1.4472191963565233
ASH_COATED_OSMIUM,0,746900,1.0,0.0,0.20420506912442396,1.4472191963565233
ASH_COATED_OSMIUM,0,747700,1.0,-1.0,0.20420506912442396,1.4472191963565233
ASH_COATED_OSMIUM,0,748200,1.0,0.0,0.20420506912442396,1.4472191963565233
ASH_COATED_OSMIUM,0,748300,1.0,1.5,0.20420506912442396,1.4472191963565233
ASH_COATED_OSMIUM,0,749100,1.0,-1.0,0.20420506912442396,1.4472191963565233
ASH_COATED_OSMIUM,0,750000,1.0,-2.0,0.20420506912442396,1.4472191963565233
ASH_COATED_OSMIUM,0,751000,1.0,1.0,0.20420506912442396,1.4472191963565233
ASH_COATED_OSMIUM,0,751700,1.0,0.0,0.20420506912442396,1.4472191963565233
ASH_COATED_OSMIUM,0,752000,1.0,0.0,0.20420506912442396,1.4472191963565233
ASH_COATED_OSMIUM,0,752100,1.0,0.0,0.20420506912442396,1.4472191963565233
ASH_COATED_OSMIUM,0,752400,1.0,0.0,0.20420506912442396,1.4472191963565233
ASH_COATED_OSMIUM,0,752700,1.0,-1.5,0.20420506912442396,1.4472191963565233
ASH_COATED_OSMIUM,0,753200,1.0,1.0,0.20420506912442396,1.4472191963565233
ASH_COATED_OSMIUM,0,753900,1.0,1.0,0.20420506912442396,1.4472191963565233
ASH_COATED_OSMIUM,0,754600,1.0,-3.5,0.20420506912442396,1.4472191963565233
ASH_COATED_OSMIUM,0,755000,1.0,-1.0,0.20420506912442396,1.4472191963565233
ASH_COATED_OSMIUM,0,755600,1.0,-3.5,0.20420506912442396,1.4472191963565233
ASH_COATED_OSMIUM,0,756100,1.0,1.0,0.20420506912442396,1.4472191963565233
ASH_COATED_OSMIUM,0,756900,1.0,-0.5,0.20420506912442396,1.4472191963565233
ASH_COATED_OSMIUM,0,757200,1.0,0.0,0.20420506912442396,1.4472191963565233
ASH_COATED_OSMIUM,0,757600,1.0,-0.5,0.20420506912442396,1.4472191963565233
ASH_COATED_OSMIUM,0,759000,1.0,0.0,0.20420506912442396,1.4472191963565233
ASH_COATED_OSMIUM,0,759500,1.0,1.0,0.20420506912442396,1.4472191963565233
ASH_COATED_OSMIUM,0,759700,1.0,1.0,0.20420506912442396,1.4472191963565233
ASH_COATED_OSMIUM,0,760300,1.0,1.5,0.20420506912442396,1.4472191963565233
ASH_COATED_OSMIUM,0,761300,1.0,0.0,0.20420506912442396,1.4472191963565233
ASH_COATED_OSMIUM,0,761400,1.0,2.0,0.20420506912442396,1.4472191963565233
ASH_COATED_OSMIUM,0,761700,1.0,1.0,0.20420506912442396,1.4472191963565233
ASH_COATED_OSMIUM,0,762000,1.0,0.0,0.20420506912442396,1.4472191963565233
ASH_COATED_OSMIUM,0,762100,1.0,0.0,0.20420506912442396,1.4472191963565233
ASH_COATED_OSMIUM,0,763400,1.0,0.0,0.20420506912442396,1.4472191963565233
ASH_COATED_OSMIUM,0,763700,1.0,2.0,0.20420506912442396,1.4472191963565233
ASH_COATED_OSMIUM,0,763900,1.0,0.0,0.20420506912442396,1.4472191963565233
ASH_COATED_OSMIUM,0,764000,1.0,1.0,0.20420506912442396,1.4472191963565233
ASH_COATED_OSMIUM,0,764300,1.0,0.0,0.20420506912442396,1.4472191963565233
ASH_COATED_OSMIUM,0,765800,1.0,1.0,0.20420506912442396,1.4472191963565233
ASH_COATED_OSMIUM,0,766000,1.0,0.0,0.20420506912442396,1.4472191963565233
ASH_COATED_OSMIUM,0,766100,1.0,0.5,0.20420506912442396,1.4472191963565233
ASH_COATED_OSMIUM,0,766500,1.0,0.0,0.20420506912442396,1.4472191963565233
ASH_COATED_OSMIUM,0,766600,1.0,1.0,0.20420506912442396,1.4472191963565233
ASH_COATED_OSMIUM,0,767000,1.0,-1.5,0.20420506912442396,1.4472191963565233
ASH_COATED_OSMIUM,0,768200,1.0,1.5,0.20420506912442396,1.4472191963565233
ASH_COATED_OSMIUM,0,768600,1.0,-1.0,0.20420506912442396,1.4472191963565233
ASH_COATED_OSMIUM,0,769100,1.0,0.0,0.20420506912442396,1.4472191963565233
ASH_COATED_OSMIUM,0,770300,1.0,0.0,0.20420506912442396,1.4472191963565233
ASH_COATED_OSMIUM,0,770400,1.0,1.0,0.20420506912442396,1.4472191963565233
ASH_COATED_OSMIUM,0,770600,1.0,0.0,0.20420506912442396,1.4472191963565233
ASH_COATED_OSMIUM,0,771800,1.0,0.0,0.20420506912442396,1.4472191963565233
ASH_COATED_OSMIUM,0,774100,1.0,0.0,0.20420506912442396,1.4472191963565233
ASH_COATED_OSMIUM,0,774500,1.0,0.0,0.20420506912442396,1.4472191963565233
ASH_COATED_OSMIUM,0,774600,1.0,0.0,0.20420506912442396,1.4472191963565233
ASH_COATED_OSMIUM,0,775600,1.0,-1.0,0.20420506912442396,1.4472191963565233
ASH_COATED_OSMIUM,0,775900,1.0,0.0,0.20420506912442396,1.4472191963565233
ASH_COATED_OSMIUM,0,776700,1.0,-1.0,0.20420506912442396,1.4472191963565233
ASH_COATED_OSMIUM,0,778700,1.0,1.5,0.20420506912442396,1.4472191963565233
ASH_COATED_OSMIUM,0,779600,1.0,1.0,0.20420506912442396,1.4472191963565233
ASH_COATED_OSMIUM,0,780600,1.0,0.0,0.20420506912442396,1.4472191963565233
ASH_COATED_OSMIUM,0,782500,1.0,-1.0,0.20420506912442396,1.4472191963565233
ASH_COATED_OSMIUM,0,782700,1.0,0.0,0.20420506912442396,1.4472191963565233
ASH_COATED_OSMIUM,0,782800,1.0,0.0,0.20420506912442396,1.4472191963565233
ASH_COATED_OSMIUM,0,783800,1.0,0.0,0.20420506912442396,1.4472191963565233
ASH_COATED_OSMIUM,0,783900,1.0,0.5,0.20420506912442396,1.4472191963565233
ASH_COATED_OSMIUM,0,784900,1.0,5.0,0.20420506912442396,1.4472191963565233
ASH_COATED_OSMIUM,0,785100,1.0,1.5,0.20420506912442396,1.4472191963565233
ASH_COATED_OSMIUM,0,785500,1.0,-0.5,0.20420506912442396,1.4472191963565233
ASH_COATED_OSMIUM,0,786100,1.0,-1.0,0.20420506912442396,1.4472191963565233
ASH_COATED_OSMIUM,0,786600,1.0,1.0,0.20420506912442396,1.4472191963565233
ASH_COATED_OSMIUM,0,786900,1.0,0.0,0.20420506912442396,1.4472191963565233
ASH_COATED_OSMIUM,0,787700,1.0,-1.0,0.20420506912442396,1.4472191963565233
ASH_COATED_OSMIUM,0,788300,1.0,-1.0,0.20420506912442396,1.4472191963565233
ASH_COATED_OSMIUM,0,788400,1.0,-2.5,0.20420506912442396,1.4472191963565233
ASH_COATED_OSMIUM,0,789100,1.0,0.0,0.20420506912442396,1.4472191963565233
ASH_COATED_OSMIUM,0,789400,1.0,1.0,0.20420506912442396,1.4472191963565233
ASH_COATED_OSMIUM,0,790000,1.0,0.0,0.20420506912442396,1.4472191963565233
ASH_COATED_OSMIUM,0,790100,1.0,0.0,0.20420506912442396,1.4472191963565233
ASH_COATED_OSMIUM,0,790200,1.0,0.5,0.20420506912442396,1.4472191963565233
ASH_COATED_OSMIUM,0,791300,1.0,-1.0,0.20420506912442396,1.4472191963565233
ASH_COATED_OSMIUM,0,792100,1.0,0.0,0.20420506912442396,1.4472191963565233
ASH_COATED_OSMIUM,0,793600,1.0,0.0,0.20420506912442396,1.4472191963565233
ASH_COATED_OSMIUM,0,794100,1.0,0.0,0.20420506912442396,1.4472191963565233
ASH_COATED_OSMIUM,0,794400,1.0,0.0,0.20420506912442396,1.4472191963565233
ASH_COATED_OSMIUM,0,796900,1.0,-3.0,0.20420506912442396,1.4472191963565233
ASH_COATED_OSMIUM,0,797300,1.0,1.0,0.20420506912442396,1.4472191963565233
ASH_COATED_OSMIUM,0,798300,1.0,0.0,0.20420506912442396,1.4472191963565233
ASH_COATED_OSMIUM,0,801200,1.0,0.0,0.20420506912442396,1.4472191963565233
ASH_COATED_OSMIUM,0,802500,1.0,0.0,0.20420506912442396,1.4472191963565233
ASH_COATED_OSMIUM,0,802600,1.0,0.0,0.20420506912442396,1.4472191963565233
ASH_COATED_OSMIUM,0,803100,1.0,0.0,0.20420506912442396,1.4472191963565233
ASH_COATED_OSMIUM,0,803600,1.0,0.0,0.20420506912442396,1.4472191963565233
ASH_COATED_OSMIUM,0,804500,1.0,0.0,0.20420506912442396,1.4472191963565233
ASH_COATED_OSMIUM,0,804900,1.0,0.0,0.20420506912442396,1.4472191963565233
ASH_COATED_OSMIUM,0,805000,1.0,0.0,0.20420506912442396,1.4472191963565233
ASH_COATED_OSMIUM,0,805100,1.0,0.0,0.20420506912442396,1.4472191963565233
ASH_COATED_OSMIUM,0,806000,1.0,3.5,0.20420506912442396,1.4472191963565233
ASH_COATED_OSMIUM,0,806200,1.0,1.5,0.20420506912442396,1.4472191963565233
ASH_COATED_OSMIUM,0,807000,1.0,-3.0,0.20420506912442396,1.4472191963565233
ASH_COATED_OSMIUM,0,807600,1.0,1.0,0.20420506912442396,1.4472191963565233
ASH_COATED_OSMIUM,0,807700,1.0,0.0,0.20420506912442396,1.4472191963565233
ASH_COATED_OSMIUM,0,809100,1.0,0.0,0.20420506912442396,1.4472191963565233
ASH_COATED_OSMIUM,0,809600,1.0,-1.0,0.20420506912442396,1.4472191963565233
ASH_COATED_OSMIUM,0,809800,1.0,1.0,0.20420506912442396,1.4472191963565233
ASH_COATED_OSMIUM,0,810800,1.0,1.5,0.20420506912442396,1.4472191963565233
ASH_COATED_OSMIUM,0,811400,1.0,0.0,0.20420506912442396,1.4472191963565233
ASH_COATED_OSMIUM,0,811500,1.0,0.0,0.20420506912442396,1.4472191963565233
ASH_COATED_OSMIUM,0,813100,1.0,0.0,0.20420506912442396,1.4472191963565233
ASH_COATED_OSMIUM,0,813400,1.0,-1.5,0.20420506912442396,1.4472191963565233
ASH_COATED_OSMIUM,0,814300,1.0,0.0,0.20420506912442396,1.4472191963565233
ASH_COATED_OSMIUM,0,814400,1.0,0.0,0.20420506912442396,1.4472191963565233
ASH_COATED_OSMIUM,0,814500,1.0,-4.0,0.20420506912442396,1.4472191963565233
ASH_COATED_OSMIUM,0,816900,1.0,0.0,0.20420506912442396,1.4472191963565233
ASH_COATED_OSMIUM,0,817400,1.0,0.0,0.20420506912442396,1.4472191963565233
ASH_COATED_OSMIUM,0,817500,1.0,1.0,0.20420506912442396,1.4472191963565233
ASH_COATED_OSMIUM,0,817900,1.0,0.0,0.20420506912442396,1.4472191963565233
ASH_COATED_OSMIUM,0,818700,1.0,3.0,0.20420506912442396,1.4472191963565233
ASH_COATED_OSMIUM,0,819300,1.0,0.0,0.20420506912442396,1.4472191963565233
ASH_COATED_OSMIUM,0,819600,1.0,0.0,0.20420506912442396,1.4472191963565233
ASH_COATED_OSMIUM,0,822400,1.0,2.5,0.20420506912442396,1.4472191963565233
ASH_COATED_OSMIUM,0,823200,1.0,-1.0,0.20420506912442396,1.4472191963565233
ASH_COATED_OSMIUM,0,823400,1.0,-5.5,0.20420506912442396,1.4472191963565233
ASH_COATED_OSMIUM,0,824400,1.0,1.0,0.20420506912442396,1.4472191963565233
ASH_COATED_OSMIUM,0,825200,1.0,1.0,0.20420506912442396,1.4472191963565233
ASH_COATED_OSMIUM,0,825400,1.0,0.0,0.20420506912442396,1.4472191963565233
ASH_COATED_OSMIUM,0,826100,1.0,1.0,0.20420506912442396,1.4472191963565233
ASH_COATED_OSMIUM,0,826400,1.0,-1.0,0.20420506912442396,1.4472191963565233
ASH_COATED_OSMIUM,0,826600,1.0,0.0,0.20420506912442396,1.4472191963565233
ASH_COATED_OSMIUM,0,826900,1.0,0.0,0.20420506912442396,1.4472191963565233
ASH_COATED_OSMIUM,0,827000,1.0,0.0,0.20420506912442396,1.4472191963565233
ASH_COATED_OSMIUM,0,828200,1.0,-1.0,0.20420506912442396,1.4472191963565233
ASH_COATED_OSMIUM,0,828300,1.0,3.5,0.20420506912442396,1.4472191963565233
ASH_COATED_OSMIUM,0,828500,1.0,1.0,0.20420506912442396,1.4472191963565233
ASH_COATED_OSMIUM,0,828700,1.0,0.0,0.20420506912442396,1.4472191963565233
ASH_COATED_OSMIUM,0,829100,1.0,1.5,0.20420506912442396,1.4472191963565233
ASH_COATED_OSMIUM,0,829900,1.0,1.0,0.20420506912442396,1.4472191963565233
ASH_COATED_OSMIUM,0,830200,1.0,-1.0,0.20420506912442396,1.4472191963565233
ASH_COATED_OSMIUM,0,830400,1.0,1.5,0.20420506912442396,1.4472191963565233
ASH_COATED_OSMIUM,0,831500,1.0,-5.0,0.20420506912442396,1.4472191963565233
ASH_COATED_OSMIUM,0,831900,1.0,0.0,0.20420506912442396,1.4472191963565233
ASH_COATED_OSMIUM,0,833000,1.0,0.0,0.20420506912442396,1.4472191963565233
ASH_COATED_OSMIUM,0,833100,1.0,0.0,0.20420506912442396,1.4472191963565233
ASH_COATED_OSMIUM,0,834000,1.0,-0.5,0.20420506912442396,1.4472191963565233
ASH_COATED_OSMIUM,0,834700,1.0,1.5,0.20420506912442396,1.4472191963565233
ASH_COATED_OSMIUM,0,836000,1.0,0.0,0.20420506912442396,1.4472191963565233
ASH_COATED_OSMIUM,0,837200,1.0,0.5,0.20420506912442396,1.4472191963565233
ASH_COATED_OSMIUM,0,837400,1.0,0.0,0.20420506912442396,1.4472191963565233
ASH_COATED_OSMIUM,0,838000,1.0,4.5,0.20420506912442396,1.4472191963565233
ASH_COATED_OSMIUM,0,838300,1.0,0.0,0.20420506912442396,1.4472191963565233
ASH_COATED_OSMIUM,0,838400,1.0,0.0,0.20420506912442396,1.4472191963565233
ASH_COATED_OSMIUM,0,838700,1.0,0.0,0.20420506912442396,1.4472191963565233
ASH_COATED_OSMIUM,0,838900,1.0,1.0,0.20420506912442396,1.4472191963565233
ASH_COATED_OSMIUM,0,840200,1.0,0.0,0.20420506912442396,1.4472191963565233
ASH_COATED_OSMIUM,0,840300,1.0,0.0,0.20420506912442396,1.4472191963565233
ASH_COATED_OSMIUM,0,840400,1.0,0.0,0.20420506912442396,1.4472191963565233
ASH_COATED_OSMIUM,0,841300,1.0,1.5,0.20420506912442396,1.4472191963565233
ASH_COATED_OSMIUM,0,841500,1.0,1.0,0.20420506912442396,1.4472191963565233
ASH_COATED_OSMIUM,0,841900,1.0,0.0,0.20420506912442396,1.4472191963565233
ASH_COATED_OSMIUM,0,842000,1.0,-1.0,0.20420506912442396,1.4472191963565233
ASH_COATED_OSMIUM,0,842600,1.0,0.0,0.20420506912442396,1.4472191963565233
ASH_COATED_OSMIUM,0,843000,1.0,0.0,0.20420506912442396,1.4472191963565233
ASH_COATED_OSMIUM,0,844300,1.0,-5.0,0.20420506912442396,1.4472191963565233
ASH_COATED_OSMIUM,0,844500,1.0,0.0,0.20420506912442396,1.4472191963565233
ASH_COATED_OSMIUM,0,845200,1.0,0.0,0.20420506912442396,1.4472191963565233
ASH_COATED_OSMIUM,0,845300,1.0,1.5,0.20420506912442396,1.4472191963565233
ASH_COATED_OSMIUM,0,847200,1.0,-0.5,0.20420506912442396,1.4472191963565233
ASH_COATED_OSMIUM,0,847700,1.0,-0.5,0.20420506912442396,1.4472191963565233
ASH_COATED_OSMIUM,0,849000,1.0,1.0,0.20420506912442396,1.4472191963565233
ASH_COATED_OSMIUM,0,849500,1.0,0.0,0.20420506912442396,1.4472191963565233
ASH_COATED_OSMIUM,0,851500,1.0,0.0,0.20420506912442396,1.4472191963565233
ASH_COATED_OSMIUM,0,852300,1.0,0.0,0.20420506912442396,1.4472191963565233
ASH_COATED_OSMIUM,0,852400,1.0,0.0,0.20420506912442396,1.4472191963565233
ASH_COATED_OSMIUM,0,852500,1.0,-5.5,0.20420506912442396,1.4472191963565233
ASH_COATED_OSMIUM,0,853100,1.0,5.5,0.20420506912442396,1.4472191963565233
ASH_COATED_OSMIUM,0,854900,1.0,0.0,0.20420506912442396,1.4472191963565233
ASH_COATED_OSMIUM,0,855200,1.0,-1.0,0.20420506912442396,1.4472191963565233
ASH_COATED_OSMIUM,0,856200,1.0,1.5,0.20420506912442396,1.4472191963565233
ASH_COATED_OSMIUM,0,856400,1.0,1.0,0.20420506912442396,1.4472191963565233
ASH_COATED_OSMIUM,0,856800,1.0,0.0,0.20420506912442396,1.4472191963565233
ASH_COATED_OSMIUM,0,856900,1.0,3.5,0.20420506912442396,1.4472191963565233
ASH_COATED_OSMIUM,0,857200,1.0,0.0,0.20420506912442396,1.4472191963565233
ASH_COATED_OSMIUM,0,857300,1.0,-1.0,0.20420506912442396,1.4472191963565233
ASH_COATED_OSMIUM,0,858000,1.0,-1.0,0.20420506912442396,1.4472191963565233
ASH_COATED_OSMIUM,0,858700,1.0,2.0,0.20420506912442396,1.4472191963565233
ASH_COATED_OSMIUM,0,860700,1.0,0.0,0.20420506912442396,1.4472191963565233
ASH_COATED_OSMIUM,0,861000,1.0,1.0,0.20420506912442396,1.4472191963565233
ASH_COATED_OSMIUM,0,861500,1.0,0.0,0.20420506912442396,1.4472191963565233
ASH_COATED_OSMIUM,0,862500,1.0,0.0,0.20420506912442396,1.4472191963565233
ASH_COATED_OSMIUM,0,863300,1.0,-2.5,0.20420506912442396,1.4472191963565233
ASH_COATED_OSMIUM,0,863900,1.0,1.0,0.20420506912442396,1.4472191963565233
ASH_COATED_OSMIUM,0,864200,1.0,1.0,0.20420506912442396,1.4472191963565233
ASH_COATED_OSMIUM,0,865000,1.0,-1.0,0.20420506912442396,1.4472191963565233
ASH_COATED_OSMIUM,0,865500,1.0,0.0,0.20420506912442396,1.4472191963565233
ASH_COATED_OSMIUM,0,865600,1.0,1.0,0.20420506912442396,1.4472191963565233
ASH_COATED_OSMIUM,0,865800,1.0,0.0,0.20420506912442396,1.4472191963565233
ASH_COATED_OSMIUM,0,865900,1.0,0.0,0.20420506912442396,1.4472191963565233
ASH_COATED_OSMIUM,0,866000,1.0,1.5,0.20420506912442396,1.4472191963565233
ASH_COATED_OSMIUM,0,866300,1.0,0.0,0.20420506912442396,1.4472191963565233
ASH_COATED_OSMIUM,0,866900,1.0,-1.5,0.20420506912442396,1.4472191963565233
ASH_COATED_OSMIUM,0,867800,1.0,-1.0,0.20420506912442396,1.4472191963565233
ASH_COATED_OSMIUM,0,867900,1.0,1.5,0.20420506912442396,1.4472191963565233
ASH_COATED_OSMIUM,0,869400,1.0,0.0,0.20420506912442396,1.4472191963565233
ASH_COATED_OSMIUM,0,869800,1.0,0.0,0.20420506912442396,1.4472191963565233
ASH_COATED_OSMIUM,0,869900,1.0,0.0,0.20420506912442396,1.4472191963565233
ASH_COATED_OSMIUM,0,870400,1.0,0.0,0.20420506912442396,1.4472191963565233
ASH_COATED_OSMIUM,0,870500,1.0,1.0,0.20420506912442396,1.4472191963565233
ASH_COATED_OSMIUM,0,871200,1.0,0.0,0.20420506912442396,1.4472191963565233
ASH_COATED_OSMIUM,0,871400,1.0,-6.0,0.20420506912442396,1.4472191963565233
ASH_COATED_OSMIUM,0,873000,1.0,1.0,0.20420506912442396,1.4472191963565233
ASH_COATED_OSMIUM,0,873600,1.0,0.0,0.20420506912442396,1.4472191963565233
ASH_COATED_OSMIUM,0,874100,1.0,0.0,0.20420506912442396,1.4472191963565233
ASH_COATED_OSMIUM,0,875300,1.0,0.0,0.20420506912442396,1.4472191963565233
ASH_COATED_OSMIUM,0,875400,1.0,-1.0,0.20420506912442396,1.4472191963565233
ASH_COATED_OSMIUM,0,876200,1.0,1.0,0.20420506912442396,1.4472191963565233
ASH_COATED_OSMIUM,0,876500,1.0,0.0,0.20420506912442396,1.4472191963565233
ASH_COATED_OSMIUM,0,878500,1.0,0.0,0.20420506912442396,1.4472191963565233
ASH_COATED_OSMIUM,0,878600,1.0,1.0,0.20420506912442396,1.4472191963565233
ASH_COATED_OSMIUM,0,878800,1.0,1.0,0.20420506912442396,1.4472191963565233
ASH_COATED_OSMIUM,0,879100,1.0,0.5,0.20420506912442396,1.4472191963565233
ASH_COATED_OSMIUM,0,880500,1.0,0.0,0.20420506912442396,1.4472191963565233
ASH_COATED_OSMIUM,0,880800,1.0,-1.5,0.20420506912442396,1.4472191963565233
ASH_COATED_OSMIUM,0,881200,1.0,0.0,0.20420506912442396,1.4472191963565233
ASH_COATED_OSMIUM,0,881300,1.0,0.0,0.20420506912442396,1.4472191963565233
ASH_COATED_OSMIUM,0,881400,1.0,0.0,0.20420506912442396,1.4472191963565233
ASH_COATED_OSMIUM,0,882500,1.0,1.5,0.20420506912442396,1.4472191963565233
ASH_COATED_OSMIUM,0,882700,1.0,0.0,0.20420506912442396,1.4472191963565233
ASH_COATED_OSMIUM,0,883500,1.0,0.0,0.20420506912442396,1.4472191963565233
ASH_COATED_OSMIUM,0,883700,1.0,1.0,0.20420506912442396,1.4472191963565233
ASH_COATED_OSMIUM,0,884000,1.0,0.0,0.20420506912442396,1.4472191963565233
ASH_COATED_OSMIUM,0,886600,1.0,1.5,0.20420506912442396,1.4472191963565233
ASH_COATED_OSMIUM,0,888200,1.0,1.5,0.20420506912442396,1.4472191963565233
ASH_COATED_OSMIUM,0,888700,1.0,1.0,0.20420506912442396,1.4472191963565233
ASH_COATED_OSMIUM,0,888900,1.0,0.0,0.20420506912442396,1.4472191963565233
ASH_COATED_OSMIUM,0,890200,1.0,-1.0,0.20420506912442396,1.4472191963565233
ASH_COATED_OSMIUM,0,890800,1.0,0.5,0.20420506912442396,1.4472191963565233
ASH_COATED_OSMIUM,0,891200,1.0,0.0,0.20420506912442396,1.4472191963565233
ASH_COATED_OSMIUM,0,892400,1.0,0.0,0.20420506912442396,1.4472191963565233
ASH_COATED_OSMIUM,0,893700,1.0,-0.5,0.20420506912442396,1.4472191963565233
ASH_COATED_OSMIUM,0,893900,1.0,1.5,0.20420506912442396,1.4472191963565233
ASH_COATED_OSMIUM,0,895100,1.0,0.0,0.20420506912442396,1.4472191963565233
ASH_COATED_OSMIUM,0,895200,1.0,0.0,0.20420506912442396,1.4472191963565233
ASH_COATED_OSMIUM,0,895300,1.0,0.0,0.20420506912442396,1.4472191963565233
ASH_COATED_OSMIUM,0,895400,1.0,0.0,0.20420506912442396,1.4472191963565233
ASH_COATED_OSMIUM,0,896900,1.0,-5.0,0.20420506912442396,1.4472191963565233
ASH_COATED_OSMIUM,0,897400,1.0,-1.5,0.20420506912442396,1.4472191963565233
ASH_COATED_OSMIUM,0,898500,1.0,-4.5,0.20420506912442396,1.4472191963565233
ASH_COATED_OSMIUM,0,901300,1.0,-0.5,0.20420506912442396,1.4472191963565233
ASH_COATED_OSMIUM,0,901800,1.0,0.0,0.20420506912442396,1.4472191963565233
ASH_COATED_OSMIUM,0,902000,1.0,1.0,0.20420506912442396,1.4472191963565233
ASH_COATED_OSMIUM,0,902800,1.0,-0.5,0.20420506912442396,1.4472191963565233
ASH_COATED_OSMIUM,0,903300,1.0,0.0,0.20420506912442396,1.4472191963565233
ASH_COATED_OSMIUM,0,903900,1.0,1.0,0.20420506912442396,1.4472191963565233
ASH_COATED_OSMIUM,0,905100,1.0,0.0,0.20420506912442396,1.4472191963565233
ASH_COATED_OSMIUM,0,905200,1.0,0.0,0.20420506912442396,1.4472191963565233
ASH_COATED_OSMIUM,0,906700,1.0,2.0,0.20420506912442396,1.4472191963565233
ASH_COATED_OSMIUM,0,907100,1.0,0.0,0.20420506912442396,1.4472191963565233
ASH_COATED_OSMIUM,0,907200,1.0,-1.0,0.20420506912442396,1.4472191963565233
ASH_COATED_OSMIUM,0,907900,1.0,-5.0,0.20420506912442396,1.4472191963565233
ASH_COATED_OSMIUM,0,909600,1.0,2.0,0.20420506912442396,1.4472191963565233
ASH_COATED_OSMIUM,0,909800,1.0,0.0,0.20420506912442396,1.4472191963565233
ASH_COATED_OSMIUM,0,909900,1.0,0.0,0.20420506912442396,1.4472191963565233
ASH_COATED_OSMIUM,0,911300,1.0,0.0,0.20420506912442396,1.4472191963565233
ASH_COATED_OSMIUM,0,911400,1.0,0.0,0.20420506912442396,1.4472191963565233
ASH_COATED_OSMIUM,0,911500,1.0,-1.0,0.20420506912442396,1.4472191963565233
ASH_COATED_OSMIUM,0,913500,1.0,0.0,0.20420506912442396,1.4472191963565233
ASH_COATED_OSMIUM,0,913600,1.0,1.0,0.20420506912442396,1.4472191963565233
ASH_COATED_OSMIUM,0,914000,1.0,-0.5,0.20420506912442396,1.4472191963565233
ASH_COATED_OSMIUM,0,914300,1.0,0.0,0.20420506912442396,1.4472191963565233
ASH_COATED_OSMIUM,0,914600,1.0,-5.5,0.20420506912442396,1.4472191963565233
ASH_COATED_OSMIUM,0,915100,1.0,0.0,0.20420506912442396,1.4472191963565233
ASH_COATED_OSMIUM,0,915200,1.0,1.5,0.20420506912442396,1.4472191963565233
ASH_COATED_OSMIUM,0,915400,1.0,-5.0,0.20420506912442396,1.4472191963565233
ASH_COATED_OSMIUM,0,916300,1.0,1.0,0.20420506912442396,1.4472191963565233
ASH_COATED_OSMIUM,0,916500,1.0,1.5,0.20420506912442396,1.4472191963565233
ASH_COATED_OSMIUM,0,916700,1.0,0.0,0.20420506912442396,1.4472191963565233
ASH_COATED_OSMIUM,0,916900,1.0,0.0,0.20420506912442396,1.4472191963565233
ASH_COATED_OSMIUM,0,917000,1.0,0.0,0.20420506912442396,1.4472191963565233
ASH_COATED_OSMIUM,0,917300,1.0,-5.0,0.20420506912442396,1.4472191963565233
ASH_COATED_OSMIUM,0,918400,1.0,1.0,0.20420506912442396,1.4472191963565233
ASH_COATED_OSMIUM,0,919500,1.0,0.0,0.20420506912442396,1.4472191963565233
ASH_COATED_OSMIUM,0,919600,1.0,0.0,0.20420506912442396,1.4472191963565233
ASH_COATED_OSMIUM,0,920400,1.0,-1.0,0.20420506912442396,1.4472191963565233
ASH_COATED_OSMIUM,0,920700,1.0,0.0,0.20420506912442396,1.4472191963565233
ASH_COATED_OSMIUM,0,920800,1.0,0.0,0.20420506912442396,1.4472191963565233
ASH_COATED_OSMIUM,0,921600,1.0,0.0,0.20420506912442396,1.4472191963565233
ASH_COATED_OSMIUM,0,922000,1.0,-1.5,0.20420506912442396,1.4472191963565233
ASH_COATED_OSMIUM,0,922500,1.0,-1.0,0.20420506912442396,1.4472191963565233
ASH_COATED_OSMIUM,0,923100,1.0,0.0,0.20420506912442396,1.4472191963565233
ASH_COATED_OSMIUM,0,924100,1.0,0.0,0.20420506912442396,1.4472191963565233
ASH_COATED_OSMIUM,0,924400,1.0,0.0,0.20420506912442396,1.4472191963565233
ASH_COATED_OSMIUM,0,924700,1.0,-1.5,0.20420506912442396,1.4472191963565233
ASH_COATED_OSMIUM,0,925500,1.0,0.0,0.20420506912442396,1.4472191963565233
ASH_COATED_OSMIUM,0,925600,1.0,0.0,0.20420506912442396,1.4472191963565233
ASH_COATED_OSMIUM,0,925700,1.0,-1.0,0.20420506912442396,1.4472191963565233
ASH_COATED_OSMIUM,0,926100,1.0,-1.5,0.20420506912442396,1.4472191963565233
ASH_COATED_OSMIUM,0,927700,1.0,0.0,0.20420506912442396,1.4472191963565233
ASH_COATED_OSMIUM,0,927800,1.0,0.0,0.20420506912442396,1.4472191963565233
ASH_COATED_OSMIUM,0,927900,1.0,-1.5,0.20420506912442396,1.4472191963565233
ASH_COATED_OSMIUM,0,928400,1.0,1.0,0.20420506912442396,1.4472191963565233
ASH_COATED_OSMIUM,0,929100,1.0,-5.0,0.20420506912442396,1.4472191963565233
ASH_COATED_OSMIUM,0,929300,1.0,0.0,0.20420506912442396,1.4472191963565233
ASH_COATED_OSMIUM,0,929700,1.0,0.0,0.20420506912442396,1.4472191963565233
ASH_COATED_OSMIUM,0,929800,1.0,-1.0,0.20420506912442396,1.4472191963565233
ASH_COATED_OSMIUM,0,930000,1.0,1.0,0.20420506912442396,1.4472191963565233
ASH_COATED_OSMIUM,0,930200,1.0,5.5,0.20420506912442396,1.4472191963565233
ASH_COATED_OSMIUM,0,930900,1.0,0.0,0.20420506912442396,1.4472191963565233
ASH_COATED_OSMIUM,0,931100,1.0,0.0,0.20420506912442396,1.4472191963565233
ASH_COATED_OSMIUM,0,931200,1.0,0.0,0.20420506912442396,1.4472191963565233
ASH_COATED_OSMIUM,0,931300,1.0,0.0,0.20420506912442396,1.4472191963565233
ASH_COATED_OSMIUM,0,931800,1.0,-1.5,0.20420506912442396,1.4472191963565233
ASH_COATED_OSMIUM,0,932000,1.0,-0.5,0.20420506912442396,1.4472191963565233
ASH_COATED_OSMIUM,0,932500,1.0,0.0,0.20420506912442396,1.4472191963565233
ASH_COATED_OSMIUM,0,932800,1.0,0.0,0.20420506912442396,1.4472191963565233
ASH_COATED_OSMIUM,0,932900,1.0,0.5,0.20420506912442396,1.4472191963565233
ASH_COATED_OSMIUM,0,933800,1.0,1.0,0.20420506912442396,1.4472191963565233
ASH_COATED_OSMIUM,0,934200,1.0,0.0,0.20420506912442396,1.4472191963565233
ASH_COATED_OSMIUM,0,934300,1.0,-1.0,0.20420506912442396,1.4472191963565233
ASH_COATED_OSMIUM,0,934500,1.0,2.0,0.20420506912442396,1.4472191963565233
ASH_COATED_OSMIUM,0,935000,1.0,0.0,0.20420506912442396,1.4472191963565233
ASH_COATED_OSMIUM,0,935300,1.0,1.5,0.20420506912442396,1.4472191963565233
ASH_COATED_OSMIUM,0,936200,1.0,-3.5,0.20420506912442396,1.4472191963565233
ASH_COATED_OSMIUM,0,936600,1.0,0.0,0.20420506912442396,1.4472191963565233
ASH_COATED_OSMIUM,0,937200,1.0,0.0,0.20420506912442396,1.4472191963565233
ASH_COATED_OSMIUM,0,938200,1.0,1.0,0.20420506912442396,1.4472191963565233
ASH_COATED_OSMIUM,0,938400,1.0,1.5,0.20420506912442396,1.4472191963565233
ASH_COATED_OSMIUM,0,940700,1.0,-0.5,0.20420506912442396,1.4472191963565233
ASH_COATED_OSMIUM,0,941000,1.0,0.0,0.20420506912442396,1.4472191963565233
ASH_COATED_OSMIUM,0,941200,1.0,5.0,0.20420506912442396,1.4472191963565233
ASH_COATED_OSMIUM,0,942400,1.0,-1.0,0.20420506912442396,1.4472191963565233
ASH_COATED_OSMIUM,0,942500,1.0,1.5,0.20420506912442396,1.4472191963565233
ASH_COATED_OSMIUM,0,942900,1.0,0.0,0.20420506912442396,1.4472191963565233
ASH_COATED_OSMIUM,0,943000,1.0,0.0,0.20420506912442396,1.4472191963565233
ASH_COATED_OSMIUM,0,943500,1.0,0.0,0.20420506912442396,1.4472191963565233
ASH_COATED_OSMIUM,0,943600,1.0,1.0,0.20420506912442396,1.4472191963565233
ASH_COATED_OSMIUM,0,944300,1.0,0.0,0.20420506912442396,1.4472191963565233
ASH_COATED_OSMIUM,0,944400,1.0,0.0,0.20420506912442396,1.4472191963565233
ASH_COATED_OSMIUM,0,945100,1.0,1.0,0.20420506912442396,1.4472191963565233
ASH_COATED_OSMIUM,0,945700,1.0,1.0,0.20420506912442396,1.4472191963565233
ASH_COATED_OSMIUM,0,945900,1.0,0.0,0.20420506912442396,1.4472191963565233
ASH_COATED_OSMIUM,0,946200,1.0,0.0,0.20420506912442396,1.4472191963565233
ASH_COATED_OSMIUM,0,946300,1.0,0.0,0.20420506912442396,1.4472191963565233
ASH_COATED_OSMIUM,0,946400,1.0,0.0,0.20420506912442396,1.4472191963565233
ASH_COATED_OSMIUM,0,946500,1.0,1.0,0.20420506912442396,1.4472191963565233
ASH_COATED_OSMIUM,0,948900,1.0,1.0,0.20420506912442396,1.4472191963565233
ASH_COATED_OSMIUM,0,949200,1.0,1.0,0.20420506912442396,1.4472191963565233
ASH_COATED_OSMIUM,0,949300,1.0,0.0,0.20420506912442396,1.4472191963565233
ASH_COATED_OSMIUM,0,949600,1.0,1.5,0.20420506912442396,1.4472191963565233
ASH_COATED_OSMIUM,0,949900,1.0,1.5,0.20420506912442396,1.4472191963565233
ASH_COATED_OSMIUM,0,950500,1.0,1.5,0.20420506912442396,1.4472191963565233
ASH_COATED_OSMIUM,0,950800,1.0,0.0,0.20420506912442396,1.4472191963565233
ASH_COATED_OSMIUM,0,950900,1.0,1.0,0.20420506912442396,1.4472191963565233
ASH_COATED_OSMIUM,0,951300,1.0,0.0,0.20420506912442396,1.4472191963565233
ASH_COATED_OSMIUM,0,951400,1.0,0.0,0.20420506912442396,1.4472191963565233
ASH_COATED_OSMIUM,0,953000,1.0,0.0,0.20420506912442396,1.4472191963565233
ASH_COATED_OSMIUM,0,953100,1.0,1.0,0.20420506912442396,1.4472191963565233
ASH_COATED_OSMIUM,0,953200,1.0,0.0,0.20420506912442396,1.4472191963565233
ASH_COATED_OSMIUM,0,953500,1.0,0.0,0.20420506912442396,1.4472191963565233
ASH_COATED_OSMIUM,0,953900,1.0,-1.0,0.20420506912442396,1.4472191963565233
ASH_COATED_OSMIUM,0,954500,1.0,-3.0,0.20420506912442396,1.4472191963565233
ASH_COATED_OSMIUM,0,954700,1.0,0.0,0.20420506912442396,1.4472191963565233
ASH_COATED_OSMIUM,0,954900,1.0,-1.5,0.20420506912442396,1.4472191963565233
ASH_COATED_OSMIUM,0,956100,1.0,1.0,0.20420506912442396,1.4472191963565233
ASH_COATED_OSMIUM,0,956400,1.0,1.5,0.20420506912442396,1.4472191963565233
ASH_COATED_OSMIUM,0,956600,1.0,0.0,0.20420506912442396,1.4472191963565233
ASH_COATED_OSMIUM,0,957000,1.0,0.5,0.20420506912442396,1.4472191963565233
ASH_COATED_OSMIUM,0,957800,1.0,-1.5,0.20420506912442396,1.4472191963565233
ASH_COATED_OSMIUM,0,958000,1.0,3.5,0.20420506912442396,1.4472191963565233
ASH_COATED_OSMIUM,0,958900,1.0,1.0,0.20420506912442396,1.4472191963565233
ASH_COATED_OSMIUM,0,959300,1.0,1.5,0.20420506912442396,1.4472191963565233
ASH_COATED_OSMIUM,0,959500,1.0,0.0,0.20420506912442396,1.4472191963565233
ASH_COATED_OSMIUM,0,960100,1.0,0.0,0.20420506912442396,1.4472191963565233
ASH_COATED_OSMIUM,0,961300,1.0,0.0,0.20420506912442396,1.4472191963565233
ASH_COATED_OSMIUM,0,961400,1.0,1.0,0.20420506912442396,1.4472191963565233
ASH_COATED_OSMIUM,0,961700,1.0,-0.5,0.20420506912442396,1.4472191963565233
ASH_COATED_OSMIUM,0,962500,1.0,0.0,0.20420506912442396,1.4472191963565233
ASH_COATED_OSMIUM,0,962700,1.0,0.0,0.20420506912442396,1.4472191963565233
ASH_COATED_OSMIUM,0,962800,1.0,0.0,0.20420506912442396,1.4472191963565233
ASH_COATED_OSMIUM,0,963800,1.0,0.0,0.20420506912442396,1.4472191963565233
ASH_COATED_OSMIUM,0,964700,1.0,0.0,0.20420506912442396,1.4472191963565233
ASH_COATED_OSMIUM,0,964800,1.0,0.0,0.20420506912442396,1.4472191963565233
ASH_COATED_OSMIUM,0,966600,1.0,0.0,0.20420506912442396,1.4472191963565233
ASH_COATED_OSMIUM,0,966700,1.0,0.5,0.20420506912442396,1.4472191963565233
ASH_COATED_OSMIUM,0,967800,1.0,0.0,0.20420506912442396,1.4472191963565233
ASH_COATED_OSMIUM,0,968000,1.0,0.5,0.20420506912442396,1.4472191963565233
ASH_COATED_OSMIUM,0,968500,1.0,0.0,0.20420506912442396,1.4472191963565233
ASH_COATED_OSMIUM,0,968600,1.0,1.5,0.20420506912442396,1.4472191963565233
ASH_COATED_OSMIUM,0,969600,1.0,-1.5,0.20420506912442396,1.4472191963565233
ASH_COATED_OSMIUM,0,969800,1.0,0.0,0.20420506912442396,1.4472191963565233
ASH_COATED_OSMIUM,0,969900,1.0,0.0,0.20420506912442396,1.4472191963565233
ASH_COATED_OSMIUM,0,970000,1.0,-2.0,0.20420506912442396,1.4472191963565233
ASH_COATED_OSMIUM,0,971400,1.0,-4.5,0.20420506912442396,1.4472191963565233
ASH_COATED_OSMIUM,0,973400,1.0,1.0,0.20420506912442396,1.4472191963565233
ASH_COATED_OSMIUM,0,973700,1.0,1.0,0.20420506912442396,1.4472191963565233
ASH_COATED_OSMIUM,0,974900,1.0,0.0,0.20420506912442396,1.4472191963565233
ASH_COATED_OSMIUM,0,975200,1.0,0.0,0.20420506912442396,1.4472191963565233
ASH_COATED_OSMIUM,0,975500,1.0,-1.0,0.20420506912442396,1.4472191963565233
ASH_COATED_OSMIUM,0,975900,1.0,0.0,0.20420506912442396,1.4472191963565233
ASH_COATED_OSMIUM,0,976500,1.0,0.0,0.20420506912442396,1.4472191963565233
ASH_COATED_OSMIUM,0,977500,1.0,0.0,0.20420506912442396,1.4472191963565233
ASH_COATED_OSMIUM,0,978600,1.0,0.5,0.20420506912442396,1.4472191963565233
ASH_COATED_OSMIUM,0,979200,1.0,5.5,0.20420506912442396,1.4472191963565233
ASH_COATED_OSMIUM,0,980200,1.0,5.5,0.20420506912442396,1.4472191963565233
ASH_COATED_OSMIUM,0,981800,1.0,0.0,0.20420506912442396,1.4472191963565233
ASH_COATED_OSMIUM,0,981900,1.0,1.0,0.20420506912442396,1.4472191963565233
ASH_COATED_OSMIUM,0,982200,1.0,1.0,0.20420506912442396,1.4472191963565233
ASH_COATED_OSMIUM,0,982500,1.0,0.5,0.20420506912442396,1.4472191963565233
ASH_COATED_OSMIUM,0,983000,1.0,-5.0,0.20420506912442396,1.4472191963565233
ASH_COATED_OSMIUM,0,983200,1.0,1.0,0.20420506912442396,1.4472191963565233
ASH_COATED_OSMIUM,0,983700,1.0,-0.5,0.20420506912442396,1.4472191963565233
ASH_COATED_OSMIUM,0,984800,1.0,0.0,0.20420506912442396,1.4472191963565233
ASH_COATED_OSMIUM,0,986100,1.0,2.0,0.20420506912442396,1.4472191963565233
ASH_COATED_OSMIUM,0,986300,1.0,-1.5,0.20420506912442396,1.4472191963565233
ASH_COATED_OSMIUM,0,987700,1.0,-1.5,0.20420506912442396,1.4472191963565233
ASH_COATED_OSMIUM,0,988200,1.0,0.0,0.20420506912442396,1.4472191963565233
ASH_COATED_OSMIUM,0,989800,1.0,1.5,0.20420506912442396,1.4472191963565233
ASH_COATED_OSMIUM,0,990000,1.0,-1.0,0.20420506912442396,1.4472191963565233
ASH_COATED_OSMIUM,0,991300,1.0,1.5,0.20420506912442396,1.4472191963565233
ASH_COATED_OSMIUM,0,993600,1.0,0.0,0.20420506912442396,1.4472191963565233
ASH_COATED_OSMIUM,0,993700,1.0,-3.0,0.20420506912442396,1.4472191963565233
ASH_COATED_OSMIUM,0,994200,1.0,0.0,0.20420506912442396,1.4472191963565233
ASH_COATED_OSMIUM,0,994300,1.0,3.0,0.20420506912442396,1.4472191963565233
ASH_COATED_OSMIUM,0,994500,1.0,1.0,0.20420506912442396,1.4472191963565233
ASH_COATED_OSMIUM,0,994700,1.0,1.0,0.20420506912442396,1.4472191963565233
ASH_COATED_OSMIUM,0,995300,1.0,0.5,0.20420506912442396,1.4472191963565233
ASH_COATED_OSMIUM,0,996300,1.0,0.0,0.20420506912442396,1.4472191963565233
ASH_COATED_OSMIUM,0,996700,1.0,-1.0,0.20420506912442396,1.4472191963565233
ASH_COATED_OSMIUM,0,997300,1.0,1.0,0.20420506912442396,1.4472191963565233
ASH_COATED_OSMIUM,0,997500,1.0,-1.0,0.20420506912442396,1.4472191963565233
ASH_COATED_OSMIUM,0,999100,1.0,-1.0,0.20420506912442396,1.4472191963565233
ASH_COATED_OSMIUM,0,999400,1.0,2.0,0.20420506912442396,1.4472191963565233
ASH_COATED_OSMIUM,0,36800,4.0,3.5,3.1354166666666665,1.5635303620276955
ASH_COATED_OSMIUM,0,38400,4.0,3.5,3.1354166666666665,1.5635303620276955
ASH_COATED_OSMIUM,0,40100,4.0,3.5,3.1354166666666665,1.5635303620276955
ASH_COATED_OSMIUM,0,63300,4.0,3.0,3.1354166666666665,1.5635303620276955
ASH_COATED_OSMIUM,0,64200,4.0,3.0,3.1354166666666665,1.5635303620276955
ASH_COATED_OSMIUM,0,76000,4.0,3.5,3.1354166666666665,1.5635303620276955
ASH_COATED_OSMIUM,0,80100,4.0,7.0,3.1354166666666665,1.5635303620276955
ASH_COATED_OSMIUM,0,85200,4.0,3.5,3.1354166666666665,1.5635303620276955
ASH_COATED_OSMIUM,0,96400,4.0,5.5,3.1354166666666665,1.5635303620276955
ASH_COATED_OSMIUM,0,98600,4.0,3.5,3.1354166666666665,1.5635303620276955
ASH_COATED_OSMIUM,0,101300,4.0,2.5,3.1354166666666665,1.5635303620276955
ASH_COATED_OSMIUM,0,127000,4.0,4.0,3.1354166666666665,1.5635303620276955
ASH_COATED_OSMIUM,0,127300,4.0,2.0,3.1354166666666665,1.5635303620276955
ASH_COATED_OSMIUM,0,131000,4.0,3.0,3.1354166666666665,1.5635303620276955
ASH_COATED_OSMIUM,0,164900,4.0,3.5,3.1354166666666665,1.5635303620276955
ASH_COATED_OSMIUM,0,169800,4.0,3.0,3.1354166666666665,1.5635303620276955
ASH_COATED_OSMIUM,0,179500,4.0,2.5,3.1354166666666665,1.5635303620276955
ASH_COATED_OSMIUM,0,197500,4.0,2.5,3.1354166666666665,1.5635303620276955
ASH_COATED_OSMIUM,0,200100,4.0,3.0,3.1354166666666665,1.5635303620276955
ASH_COATED_OSMIUM,0,213900,4.0,3.5,3.1354166666666665,1.5635303620276955
ASH_COATED_OSMIUM,0,222800,4.0,4.5,3.1354166666666665,1.5635303620276955
ASH_COATED_OSMIUM,0,230300,4.0,4.0,3.1354166666666665,1.5635303620276955
ASH_COATED_OSMIUM,0,235900,4.0,3.0,3.1354166666666665,1.5635303620276955
ASH_COATED_OSMIUM,0,248200,4.0,3.0,3.1354166666666665,1.5635303620276955
ASH_COATED_OSMIUM,0,255000,4.0,3.0,3.1354166666666665,1.5635303620276955
ASH_COATED_OSMIUM,0,271000,4.0,3.0,3.1354166666666665,1.5635303620276955
ASH_COATED_OSMIUM,0,276700,4.0,3.5,3.1354166666666665,1.5635303620276955
ASH_COATED_OSMIUM,0,283800,4.0,2.0,3.1354166666666665,1.5635303620276955
ASH_COATED_OSMIUM,0,286900,4.0,-1.5,3.1354166666666665,1.5635303620276955
ASH_COATED_OSMIUM,0,301100,4.0,3.0,3.1354166666666665,1.5635303620276955
ASH_COATED_OSMIUM,0,304300,4.0,9.0,3.1354166666666665,1.5635303620276955
ASH_COATED_OSMIUM,0,307300,4.0,4.0,3.1354166666666665,1.5635303620276955
ASH_COATED_OSMIUM,0,332900,4.0,2.5,3.1354166666666665,1.5635303620276955
ASH_COATED_OSMIUM,0,357900,4.0,2.5,3.1354166666666665,1.5635303620276955
ASH_COATED_OSMIUM,0,360400,4.0,3.5,3.1354166666666665,1.5635303620276955
ASH_COATED_OSMIUM,0,374400,4.0,3.0,3.1354166666666665,1.5635303620276955
ASH_COATED_OSMIUM,0,403900,4.0,3.0,3.1354166666666665,1.5635303620276955
ASH_COATED_OSMIUM,0,422800,4.0,3.5,3.1354166666666665,1.5635303620276955
ASH_COATED_OSMIUM,0,436300,4.0,2.0,3.1354166666666665,1.5635303620276955
ASH_COATED_OSMIUM,0,440600,4.0,2.0,3.1354166666666665,1.5635303620276955
ASH_COATED_OSMIUM,0,441600,4.0,3.0,3.1354166666666665,1.5635303620276955
ASH_COATED_OSMIUM,0,470500,4.0,3.0,3.1354166666666665,1.5635303620276955
ASH_COATED_OSMIUM,0,474500,4.0,2.5,3.1354166666666665,1.5635303620276955
ASH_COATED_OSMIUM,0,491800,4.0,3.0,3.1354166666666665,1.5635303620276955
ASH_COATED_OSMIUM,0,493400,4.0,3.0,3.1354166666666665,1.5635303620276955
ASH_COATED_OSMIUM,0,498400,4.0,4.5,3.1354166666666665,1.5635303620276955
ASH_COATED_OSMIUM,0,508300,4.0,4.0,3.1354166666666665,1.5635303620276955
ASH_COATED_OSMIUM,0,510100,4.0,3.0,3.1354166666666665,1.5635303620276955
ASH_COATED_OSMIUM,0,522800,4.0,4.0,3.1354166666666665,1.5635303620276955
ASH_COATED_OSMIUM,0,545800,4.0,3.5,3.1354166666666665,1.5635303620276955
ASH_COATED_OSMIUM,0,552800,4.0,4.0,3.1354166666666665,1.5635303620276955
ASH_COATED_OSMIUM,0,571300,4.0,3.0,3.1354166666666665,1.5635303620276955
ASH_COATED_OSMIUM,0,597900,4.0,1.5,3.1354166666666665,1.5635303620276955
ASH_COATED_OSMIUM,0,633600,4.0,4.5,3.1354166666666665,1.5635303620276955
ASH_COATED_OSMIUM,0,655700,4.0,3.0,3.1354166666666665,1.5635303620276955
ASH_COATED_OSMIUM,0,657800,4.0,3.5,3.1354166666666665,1.5635303620276955
ASH_COATED_OSMIUM,0,659800,4.0,3.0,3.1354166666666665,1.5635303620276955
ASH_COATED_OSMIUM,0,663100,4.0,2.5,3.1354166666666665,1.5635303620276955
ASH_COATED_OSMIUM,0,679000,4.0,1.5,3.1354166666666665,1.5635303620276955
ASH_COATED_OSMIUM,0,706200,4.0,4.5,3.1354166666666665,1.5635303620276955
ASH_COATED_OSMIUM,0,707900,4.0,9.5,3.1354166666666665,1.5635303620276955
ASH_COATED_OSMIUM,0,710300,4.0,4.0,3.1354166666666665,1.5635303620276955
ASH_COATED_OSMIUM,0,715800,4.0,2.0,3.1354166666666665,1.5635303620276955
ASH_COATED_OSMIUM,0,716600,4.0,3.0,3.1354166666666665,1.5635303620276955
ASH_COATED_OSMIUM,0,726900,4.0,3.5,3.1354166666666665,1.5635303620276955
ASH_COATED_OSMIUM,0,727900,4.0,2.0,3.1354166666666665,1.5635303620276955
ASH_COATED_OSMIUM,0,733500,4.0,3.5,3.1354166666666665,1.5635303620276955
ASH_COATED_OSMIUM,0,746300,4.0,1.5,3.1354166666666665,1.5635303620276955
ASH_COATED_OSMIUM,0,754700,4.0,3.5,3.1354166666666665,1.5635303620276955
ASH_COATED_OSMIUM,0,757400,4.0,5.0,3.1354166666666665,1.5635303620276955
ASH_COATED_OSMIUM,0,764600,4.0,3.0,3.1354166666666665,1.5635303620276955
ASH_COATED_OSMIUM,0,775100,4.0,1.5,3.1354166666666665,1.5635303620276955
ASH_COATED_OSMIUM,0,775800,4.0,3.0,3.1354166666666665,1.5635303620276955
ASH_COATED_OSMIUM,0,790700,4.0,4.5,3.1354166666666665,1.5635303620276955
ASH_COATED_OSMIUM,0,795600,4.0,3.5,3.1354166666666665,1.5635303620276955
ASH_COATED_OSMIUM,0,796200,4.0,4.0,3.1354166666666665,1.5635303620276955
ASH_COATED_OSMIUM,0,797000,4.0,3.0,3.1354166666666665,1.5635303620276955
ASH_COATED_OSMIUM,0,799100,4.0,3.5,3.1354166666666665,1.5635303620276955
ASH_COATED_OSMIUM,0,799800,4.0,2.0,3.1354166666666665,1.5635303620276955
ASH_COATED_OSMIUM,0,821600,4.0,4.5,3.1354166666666665,1.5635303620276955
ASH_COATED_OSMIUM,0,858300,4.0,2.0,3.1354166666666665,1.5635303620276955
ASH_COATED_OSMIUM,0,863400,4.0,4.5,3.1354166666666665,1.5635303620276955
ASH_COATED_OSMIUM,0,884700,4.0,-2.0,3.1354166666666665,1.5635303620276955
ASH_COATED_OSMIUM,0,890400,4.0,3.5,3.1354166666666665,1.5635303620276955
ASH_COATED_OSMIUM,0,898900,4.0,3.5,3.1354166666666665,1.5635303620276955
ASH_COATED_OSMIUM,0,903800,4.0,3.0,3.1354166666666665,1.5635303620276955
ASH_COATED_OSMIUM,0,914500,4.0,2.5,3.1354166666666665,1.5635303620276955
ASH_COATED_OSMIUM,0,928100,4.0,3.5,3.1354166666666665,1.5635303620276955
ASH_COATED_OSMIUM,0,928700,4.0,1.5,3.1354166666666665,1.5635303620276955
ASH_COATED_OSMIUM,0,932200,4.0,3.5,3.1354166666666665,1.5635303620276955
ASH_COATED_OSMIUM,0,940500,4.0,0.5,3.1354166666666665,1.5635303620276955
ASH_COATED_OSMIUM,0,941800,4.0,2.0,3.1354166666666665,1.5635303620276955
ASH_COATED_OSMIUM,0,943900,4.0,-2.0,3.1354166666666665,1.5635303620276955
ASH_COATED_OSMIUM,0,967100,4.0,3.5,3.1354166666666665,1.5635303620276955
ASH_COATED_OSMIUM,0,969400,4.0,2.0,3.1354166666666665,1.5635303620276955
ASH_COATED_OSMIUM,0,997800,4.0,3.5,3.1354166666666665,1.5635303620276955
ASH_COATED_OSMIUM,0,7800,8.0,6.5,5.397590361445783,1.27776251692639
ASH_COATED_OSMIUM,0,21400,8.0,6.0,5.397590361445783,1.27776251692639
ASH_COATED_OSMIUM,0,31200,8.0,5.5,5.397590361445783,1.27776251692639
ASH_COATED_OSMIUM,0,67300,8.0,6.0,5.397590361445783,1.27776251692639
ASH_COATED_OSMIUM,0,70700,8.0,4.5,5.397590361445783,1.27776251692639
ASH_COATED_OSMIUM,0,86800,8.0,4.5,5.397590361445783,1.27776251692639
ASH_COATED_OSMIUM,0,92400,8.0,6.5,5.397590361445783,1.27776251692639
ASH_COATED_OSMIUM,0,119700,8.0,5.5,5.397590361445783,1.27776251692639
ASH_COATED_OSMIUM,0,122200,8.0,7.0,5.397590361445783,1.27776251692639
ASH_COATED_OSMIUM,0,123600,8.0,6.5,5.397590361445783,1.27776251692639
ASH_COATED_OSMIUM,0,129000,8.0,3.5,5.397590361445783,1.27776251692639
ASH_COATED_OSMIUM,0,139900,8.0,6.0,5.397590361445783,1.27776251692639
ASH_COATED_OSMIUM,0,154800,8.0,5.0,5.397590361445783,1.27776251692639
ASH_COATED_OSMIUM,0,158100,8.0,5.0,5.397590361445783,1.27776251692639
ASH_COATED_OSMIUM,0,171100,8.0,5.5,5.397590361445783,1.27776251692639
ASH_COATED_OSMIUM,0,174200,8.0,4.5,5.397590361445783,1.27776251692639
ASH_COATED_OSMIUM,0,175300,8.0,5.5,5.397590361445783,1.27776251692639
ASH_COATED_OSMIUM,0,243700,8.0,4.0,5.397590361445783,1.27776251692639
ASH_COATED_OSMIUM,0,255300,8.0,4.5,5.397590361445783,1.27776251692639
ASH_COATED_OSMIUM,0,297100,8.0,6.5,5.397590361445783,1.27776251692639
ASH_COATED_OSMIUM,0,297900,8.0,6.0,5.397590361445783,1.27776251692639
ASH_COATED_OSMIUM,0,308900,8.0,-1.0,5.397590361445783,1.27776251692639
ASH_COATED_OSMIUM,0,309000,8.0,5.0,5.397590361445783,1.27776251692639
ASH_COATED_OSMIUM,0,310900,8.0,4.5,5.397590361445783,1.27776251692639
ASH_COATED_OSMIUM,0,322900,8.0,7.5,5.397590361445783,1.27776251692639
ASH_COATED_OSMIUM,0,333500,8.0,5.5,5.397590361445783,1.27776251692639
ASH_COATED_OSMIUM,0,345600,8.0,6.0,5.397590361445783,1.27776251692639
ASH_COATED_OSMIUM,0,368900,8.0,11.0,5.397590361445783,1.27776251692639
ASH_COATED_OSMIUM,0,397400,8.0,5.0,5.397590361445783,1.27776251692639
ASH_COATED_OSMIUM,0,401700,8.0,4.5,5.397590361445783,1.27776251692639
ASH_COATED_OSMIUM,0,402700,8.0,5.5,5.397590361445783,1.27776251692639
ASH_COATED_OSMIUM,0,414200,8.0,6.5,5.397590361445783,1.27776251692639
ASH_COATED_OSMIUM,0,444900,8.0,7.0,5.397590361445783,1.27776251692639
ASH_COATED_OSMIUM,0,473600,8.0,5.5,5.397590361445783,1.27776251692639
ASH_COATED_OSMIUM,0,492800,8.0,5.0,5.397590361445783,1.27776251692639
ASH_COATED_OSMIUM,0,495600,8.0,6.0,5.397590361445783,1.27776251692639
ASH_COATED_OSMIUM,0,497100,8.0,5.0,5.397590361445783,1.27776251692639
ASH_COATED_OSMIUM,0,499800,8.0,5.0,5.397590361445783,1.27776251692639
ASH_COATED_OSMIUM,0,500000,8.0,5.5,5.397590361445783,1.27776251692639
ASH_COATED_OSMIUM,0,546400,8.0,4.5,5.397590361445783,1.27776251692639
ASH_COATED_OSMIUM,0,587800,8.0,5.0,5.397590361445783,1.27776251692639
ASH_COATED_OSMIUM,0,592900,8.0,6.5,5.397590361445783,1.27776251692639
ASH_COATED_OSMIUM,0,594700,8.0,5.0,5.397590361445783,1.27776251692639
ASH_COATED_OSMIUM,0,639600,8.0,5.5,5.397590361445783,1.27776251692639
ASH_COATED_OSMIUM,0,648300,8.0,4.5,5.397590361445783,1.27776251692639
ASH_COATED_OSMIUM,0,666900,8.0,6.5,5.397590361445783,1.27776251692639
ASH_COATED_OSMIUM,0,685300,8.0,5.5,5.397590361445783,1.27776251692639
ASH_COATED_OSMIUM,0,687900,8.0,6.5,5.397590361445783,1.27776251692639
ASH_COATED_OSMIUM,0,695100,8.0,5.0,5.397590361445783,1.27776251692639
ASH_COATED_OSMIUM,0,702100,8.0,5.5,5.397590361445783,1.27776251692639
ASH_COATED_OSMIUM,0,706700,8.0,3.5,5.397590361445783,1.27776251692639
ASH_COATED_OSMIUM,0,721800,8.0,5.5,5.397590361445783,1.27776251692639
ASH_COATED_OSMIUM,0,744900,8.0,4.0,5.397590361445783,1.27776251692639
ASH_COATED_OSMIUM,0,751900,8.0,5.0,5.397590361445783,1.27776251692639
ASH_COATED_OSMIUM,0,767500,8.0,5.5,5.397590361445783,1.27776251692639
ASH_COATED_OSMIUM,0,773900,8.0,5.0,5.397590361445783,1.27776251692639
ASH_COATED_OSMIUM,0,785800,8.0,4.0,5.397590361445783,1.27776251692639
ASH_COATED_OSMIUM,0,828100,8.0,5.0,5.397590361445783,1.27776251692639
ASH_COATED_OSMIUM,0,831600,8.0,5.5,5.397590361445783,1.27776251692639
ASH_COATED_OSMIUM,0,844400,8.0,5.0,5.397590361445783,1.27776251692639
ASH_COATED_OSMIUM,0,847400,8.0,6.0,5.397590361445783,1.27776251692639
ASH_COATED_OSMIUM,0,848900,8.0,4.5,5.397590361445783,1.27776251692639
ASH_COATED_OSMIUM,0,852600,8.0,5.5,5.397590361445783,1.27776251692639
ASH_COATED_OSMIUM,0,870800,8.0,5.5,5.397590361445783,1.27776251692639
ASH_COATED_OSMIUM,0,877700,8.0,7.0,5.397590361445783,1.27776251692639
ASH_COATED_OSMIUM,0,879400,8.0,6.0,5.397590361445783,1.27776251692639
ASH_COATED_OSMIUM,0,884800,8.0,5.0,5.397590361445783,1.27776251692639
ASH_COATED_OSMIUM,0,897000,8.0,4.0,5.397590361445783,1.27776251692639
ASH_COATED_OSMIUM,0,908000,8.0,5.0,5.397590361445783,1.27776251692639
ASH_COATED_OSMIUM,0,914200,8.0,5.0,5.397590361445783,1.27776251692639
ASH_COATED_OSMIUM,0,914700,8.0,8.5,5.397590361445783,1.27776251692639
ASH_COATED_OSMIUM,0,917400,8.0,5.0,5.397590361445783,1.27776251692639
ASH_COATED_OSMIUM,0,929200,8.0,5.0,5.397590361445783,1.27776251692639
ASH_COATED_OSMIUM,0,935900,8.0,6.0,5.397590361445783,1.27776251692639
ASH_COATED_OSMIUM,0,944000,8.0,6.0,5.397590361445783,1.27776251692639
ASH_COATED_OSMIUM,0,948300,8.0,5.5,5.397590361445783,1.27776251692639
ASH_COATED_OSMIUM,0,957300,8.0,5.5,5.397590361445783,1.27776251692639
ASH_COATED_OSMIUM,0,971500,8.0,5.5,5.397590361445783,1.27776251692639
ASH_COATED_OSMIUM,0,981600,8.0,5.5,5.397590361445783,1.27776251692639
ASH_COATED_OSMIUM,0,983100,8.0,5.0,5.397590361445783,1.27776251692639
ASH_COATED_OSMIUM,0,988500,8.0,4.5,5.397590361445783,1.27776251692639
ASH_COATED_OSMIUM,0,992100,8.0,5.5,5.397590361445783,1.27776251692639
ASH_COATED_OSMIUM,0,992800,8.0,5.5,5.397590361445783,1.27776251692639
INTARIAN_PEPPER_ROOT,0,11900,-7.0,-4.5,-5.169491525423729,1.061107787642664
INTARIAN_PEPPER_ROOT,0,20700,-7.0,-5.0,-5.169491525423729,1.061107787642664
INTARIAN_PEPPER_ROOT,0,54900,-7.0,-4.5,-5.169491525423729,1.061107787642664
INTARIAN_PEPPER_ROOT,0,65600,-7.0,-5.0,-5.169491525423729,1.061107787642664
INTARIAN_PEPPER_ROOT,0,75500,-7.0,-6.5,-5.169491525423729,1.061107787642664
INTARIAN_PEPPER_ROOT,0,86800,-7.0,-5.0,-5.169491525423729,1.061107787642664
INTARIAN_PEPPER_ROOT,0,100000,-7.0,-4.5,-5.169491525423729,1.061107787642664
INTARIAN_PEPPER_ROOT,0,101800,-7.0,-5.0,-5.169491525423729,1.061107787642664
INTARIAN_PEPPER_ROOT,0,156600,-7.0,-5.0,-5.169491525423729,1.061107787642664
INTARIAN_PEPPER_ROOT,0,172800,-7.0,-5.0,-5.169491525423729,1.061107787642664
INTARIAN_PEPPER_ROOT,0,202500,-7.0,-5.0,-5.169491525423729,1.061107787642664
INTARIAN_PEPPER_ROOT,0,209400,-7.0,-5.0,-5.169491525423729,1.061107787642664
INTARIAN_PEPPER_ROOT,0,216100,-7.0,-4.5,-5.169491525423729,1.061107787642664
INTARIAN_PEPPER_ROOT,0,251800,-7.0,-4.5,-5.169491525423729,1.061107787642664
INTARIAN_PEPPER_ROOT,0,256100,-7.0,-8.5,-5.169491525423729,1.061107787642664
INTARIAN_PEPPER_ROOT,0,292400,-7.0,-5.0,-5.169491525423729,1.061107787642664
INTARIAN_PEPPER_ROOT,0,335400,-7.0,-5.0,-5.169491525423729,1.061107787642664
INTARIAN_PEPPER_ROOT,0,346300,-7.0,-10.5,-5.169491525423729,1.061107787642664
INTARIAN_PEPPER_ROOT,0,352700,-7.0,-5.0,-5.169491525423729,1.061107787642664
INTARIAN_PEPPER_ROOT,0,376700,-7.0,-5.0,-5.169491525423729,1.061107787642664
INTARIAN_PEPPER_ROOT,0,388000,-7.0,-5.0,-5.169491525423729,1.061107787642664
INTARIAN_PEPPER_ROOT,0,389600,-7.0,-6.5,-5.169491525423729,1.061107787642664
INTARIAN_PEPPER_ROOT,0,421200,-7.0,-4.5,-5.169491525423729,1.061107787642664
INTARIAN_PEPPER_ROOT,0,432000,-7.0,-6.5,-5.169491525423729,1.061107787642664
INTARIAN_PEPPER_ROOT,0,433500,-7.0,-5.0,-5.169491525423729,1.061107787642664
INTARIAN_PEPPER_ROOT,0,452500,-7.0,-5.0,-5.169491525423729,1.061107787642664
INTARIAN_PEPPER_ROOT,0,471100,-7.0,-5.0,-5.169491525423729,1.061107787642664
INTARIAN_PEPPER_ROOT,0,474000,-7.0,-5.0,-5.169491525423729,1.061107787642664
INTARIAN_PEPPER_ROOT,0,491600,-7.0,-5.0,-5.169491525423729,1.061107787642664
INTARIAN_PEPPER_ROOT,0,495200,-7.0,-4.5,-5.169491525423729,1.061107787642664
INTARIAN_PEPPER_ROOT,0,513900,-7.0,-5.0,-5.169491525423729,1.061107787642664
INTARIAN_PEPPER_ROOT,0,515800,-7.0,-5.0,-5.169491525423729,1.061107787642664
INTARIAN_PEPPER_ROOT,0,523200,-7.0,-4.5,-5.169491525423729,1.061107787642664
INTARIAN_PEPPER_ROOT,0,530400,-7.0,-5.0,-5.169491525423729,1.061107787642664
INTARIAN_PEPPER_ROOT,0,546200,-7.0,-5.0,-5.169491525423729,1.061107787642664
INTARIAN_PEPPER_ROOT,0,579000,-7.0,-3.5,-5.169491525423729,1.061107787642664
INTARIAN_PEPPER_ROOT,0,579800,-7.0,-5.0,-5.169491525423729,1.061107787642664
INTARIAN_PEPPER_ROOT,0,593200,-7.0,-4.5,-5.169491525423729,1.061107787642664
INTARIAN_PEPPER_ROOT,0,599000,-7.0,-5.0,-5.169491525423729,1.061107787642664
INTARIAN_PEPPER_ROOT,0,637800,-7.0,-5.0,-5.169491525423729,1.061107787642664
INTARIAN_PEPPER_ROOT,0,648100,-7.0,-5.0,-5.169491525423729,1.061107787642664
INTARIAN_PEPPER_ROOT,0,693900,-7.0,-6.5,-5.169491525423729,1.061107787642664
INTARIAN_PEPPER_ROOT,0,710400,-7.0,-5.0,-5.169491525423729,1.061107787642664
INTARIAN_PEPPER_ROOT,0,711900,-7.0,-5.0,-5.169491525423729,1.061107787642664
INTARIAN_PEPPER_ROOT,0,744700,-7.0,-5.0,-5.169491525423729,1.061107787642664
INTARIAN_PEPPER_ROOT,0,796800,-7.0,-3.5,-5.169491525423729,1.061107787642664
INTARIAN_PEPPER_ROOT,0,812700,-7.0,-3.5,-5.169491525423729,1.061107787642664
INTARIAN_PEPPER_ROOT,0,821700,-7.0,-5.0,-5.169491525423729,1.061107787642664
INTARIAN_PEPPER_ROOT,0,831400,-7.0,-5.0,-5.169491525423729,1.061107787642664
INTARIAN_PEPPER_ROOT,0,838800,-7.0,-6.5,-5.169491525423729,1.061107787642664
INTARIAN_PEPPER_ROOT,0,841900,-7.0,-5.0,-5.169491525423729,1.061107787642664
INTARIAN_PEPPER_ROOT,0,842800,-7.0,-5.0,-5.169491525423729,1.061107787642664
INTARIAN_PEPPER_ROOT,0,844000,-7.0,-5.0,-5.169491525423729,1.061107787642664
INTARIAN_PEPPER_ROOT,0,861800,-7.0,-5.0,-5.169491525423729,1.061107787642664
INTARIAN_PEPPER_ROOT,0,878600,-7.0,-5.0,-5.169491525423729,1.061107787642664
INTARIAN_PEPPER_ROOT,0,917000,-7.0,-5.0,-5.169491525423729,1.061107787642664
INTARIAN_PEPPER_ROOT,0,937400,-7.0,-7.0,-5.169491525423729,1.061107787642664
INTARIAN_PEPPER_ROOT,0,978300,-7.0,-5.5,-5.169491525423729,1.061107787642664
INTARIAN_PEPPER_ROOT,0,986900,-7.0,-5.0,-5.169491525423729,1.061107787642664
INTARIAN_PEPPER_ROOT,0,40600,-1.0,-2.0,-0.10359116022099447,1.3203765637348108
INTARIAN_PEPPER_ROOT,0,111600,-1.0,-2.0,-0.10359116022099447,1.3203765637348108
INTARIAN_PEPPER_ROOT,0,135100,-1.0,0.0,-0.10359116022099447,1.3203765637348108
INTARIAN_PEPPER_ROOT,0,137100,-1.0,0.0,-0.10359116022099447,1.3203765637348108
INTARIAN_PEPPER_ROOT,0,139100,-1.0,0.0,-0.10359116022099447,1.3203765637348108
INTARIAN_PEPPER_ROOT,0,141000,-1.0,0.0,-0.10359116022099447,1.3203765637348108
INTARIAN_PEPPER_ROOT,0,142100,-1.0,0.0,-0.10359116022099447,1.3203765637348108
INTARIAN_PEPPER_ROOT,0,144100,-1.0,0.0,-0.10359116022099447,1.3203765637348108
INTARIAN_PEPPER_ROOT,0,147100,-1.0,1.5,-0.10359116022099447,1.3203765637348108
INTARIAN_PEPPER_ROOT,0,151100,-1.0,-1.5,-0.10359116022099447,1.3203765637348108
INTARIAN_PEPPER_ROOT,0,152100,-1.0,6.0,-0.10359116022099447,1.3203765637348108
INTARIAN_PEPPER_ROOT,0,154100,-1.0,0.0,-0.10359116022099447,1.3203765637348108
INTARIAN_PEPPER_ROOT,0,155100,-1.0,0.0,-0.10359116022099447,1.3203765637348108
INTARIAN_PEPPER_ROOT,0,156100,-1.0,0.0,-0.10359116022099447,1.3203765637348108
INTARIAN_PEPPER_ROOT,0,159100,-1.0,0.0,-0.10359116022099447,1.3203765637348108
INTARIAN_PEPPER_ROOT,0,160100,-1.0,0.0,-0.10359116022099447,1.3203765637348108
INTARIAN_PEPPER_ROOT,0,161100,-1.0,0.0,-0.10359116022099447,1.3203765637348108
INTARIAN_PEPPER_ROOT,0,164100,-1.0,1.5,-0.10359116022099447,1.3203765637348108
INTARIAN_PEPPER_ROOT,0,165100,-1.0,-1.5,-0.10359116022099447,1.3203765637348108
INTARIAN_PEPPER_ROOT,0,172100,-1.0,0.0,-0.10359116022099447,1.3203765637348108
INTARIAN_PEPPER_ROOT,0,173100,-1.0,4.5,-0.10359116022099447,1.3203765637348108
INTARIAN_PEPPER_ROOT,0,174100,-1.0,0.0,-0.10359116022099447,1.3203765637348108
INTARIAN_PEPPER_ROOT,0,176100,-1.0,1.5,-0.10359116022099447,1.3203765637348108
INTARIAN_PEPPER_ROOT,0,179100,-1.0,1.5,-0.10359116022099447,1.3203765637348108
INTARIAN_PEPPER_ROOT,0,181100,-1.0,1.5,-0.10359116022099447,1.3203765637348108
INTARIAN_PEPPER_ROOT,0,183100,-1.0,-1.5,-0.10359116022099447,1.3203765637348108
INTARIAN_PEPPER_ROOT,0,185100,-1.0,0.0,-0.10359116022099447,1.3203765637348108
INTARIAN_PEPPER_ROOT,0,187100,-1.0,0.0,-0.10359116022099447,1.3203765637348108
INTARIAN_PEPPER_ROOT,0,188100,-1.0,0.0,-0.10359116022099447,1.3203765637348108
INTARIAN_PEPPER_ROOT,0,189100,-1.0,0.0,-0.10359116022099447,1.3203765637348108
INTARIAN_PEPPER_ROOT,0,191100,-1.0,-1.5,-0.10359116022099447,1.3203765637348108
INTARIAN_PEPPER_ROOT,0,192100,-1.0,-1.5,-0.10359116022099447,1.3203765637348108
INTARIAN_PEPPER_ROOT,0,193100,-1.0,1.5,-0.10359116022099447,1.3203765637348108
INTARIAN_PEPPER_ROOT,0,194100,-1.0,0.0,-0.10359116022099447,1.3203765637348108
INTARIAN_PEPPER_ROOT,0,195100,-1.0,0.0,-0.10359116022099447,1.3203765637348108
INTARIAN_PEPPER_ROOT,0,197100,-1.0,0.0,-0.10359116022099447,1.3203765637348108
INTARIAN_PEPPER_ROOT,0,215600,-1.0,-0.5,-0.10359116022099447,1.3203765637348108
INTARIAN_PEPPER_ROOT,0,246800,-1.0,-1.5,-0.10359116022099447,1.3203765637348108
INTARIAN_PEPPER_ROOT,0,270700,-1.0,-2.0,-0.10359116022099447,1.3203765637348108
INTARIAN_PEPPER_ROOT,0,271200,-1.0,0.0,-0.10359116022099447,1.3203765637348108
INTARIAN_PEPPER_ROOT,0,274200,-1.0,-1.5,-0.10359116022099447,1.3203765637348108
INTARIAN_PEPPER_ROOT,0,281200,-1.0,4.5,-0.10359116022099447,1.3203765637348108
INTARIAN_PEPPER_ROOT,0,282200,-1.0,0.0,-0.10359116022099447,1.3203765637348108
INTARIAN_PEPPER_ROOT,0,285200,-1.0,0.0,-0.10359116022099447,1.3203765637348108
INTARIAN_PEPPER_ROOT,0,287200,-1.0,0.0,-0.10359116022099447,1.3203765637348108
INTARIAN_PEPPER_ROOT,0,288200,-1.0,0.0,-0.10359116022099447,1.3203765637348108
INTARIAN_PEPPER_ROOT,0,289200,-1.0,1.5,-0.10359116022099447,1.3203765637348108
INTARIAN_PEPPER_ROOT,0,291200,-1.0,0.0,-0.10359116022099447,1.3203765637348108
INTARIAN_PEPPER_ROOT,0,294200,-1.0,0.0,-0.10359116022099447,1.3203765637348108
INTARIAN_PEPPER_ROOT,0,295200,-1.0,0.0,-0.10359116022099447,1.3203765637348108
INTARIAN_PEPPER_ROOT,0,297200,-1.0,-5.5,-0.10359116022099447,1.3203765637348108
INTARIAN_PEPPER_ROOT,0,299200,-1.0,-1.5,-0.10359116022099447,1.3203765637348108
INTARIAN_PEPPER_ROOT,0,300200,-1.0,-1.5,-0.10359116022099447,1.3203765637348108
INTARIAN_PEPPER_ROOT,0,305200,-1.0,1.5,-0.10359116022099447,1.3203765637348108
INTARIAN_PEPPER_ROOT,0,306200,-1.0,0.0,-0.10359116022099447,1.3203765637348108
INTARIAN_PEPPER_ROOT,0,308200,-1.0,0.0,-0.10359116022099447,1.3203765637348108
INTARIAN_PEPPER_ROOT,0,309200,-1.0,0.0,-0.10359116022099447,1.3203765637348108
INTARIAN_PEPPER_ROOT,0,313200,-1.0,0.0,-0.10359116022099447,1.3203765637348108
INTARIAN_PEPPER_ROOT,0,314200,-1.0,0.0,-0.10359116022099447,1.3203765637348108
INTARIAN_PEPPER_ROOT,0,318200,-1.0,0.0,-0.10359116022099447,1.3203765637348108
INTARIAN_PEPPER_ROOT,0,320200,-1.0,0.0,-0.10359116022099447,1.3203765637348108
INTARIAN_PEPPER_ROOT,0,320600,-1.0,-2.0,-0.10359116022099447,1.3203765637348108
INTARIAN_PEPPER_ROOT,0,321200,-1.0,0.0,-0.10359116022099447,1.3203765637348108
INTARIAN_PEPPER_ROOT,0,323200,-1.0,0.0,-0.10359116022099447,1.3203765637348108
INTARIAN_PEPPER_ROOT,0,325200,-1.0,0.0,-0.10359116022099447,1.3203765637348108
INTARIAN_PEPPER_ROOT,0,326500,-1.0,-2.0,-0.10359116022099447,1.3203765637348108
INTARIAN_PEPPER_ROOT,0,329200,-1.0,0.0,-0.10359116022099447,1.3203765637348108
INTARIAN_PEPPER_ROOT,0,330200,-1.0,-1.5,-0.10359116022099447,1.3203765637348108
INTARIAN_PEPPER_ROOT,0,335200,-1.0,0.0,-0.10359116022099447,1.3203765637348108
INTARIAN_PEPPER_ROOT,0,337200,-1.0,0.0,-0.10359116022099447,1.3203765637348108
INTARIAN_PEPPER_ROOT,0,339200,-1.0,1.5,-0.10359116022099447,1.3203765637348108
INTARIAN_PEPPER_ROOT,0,340200,-1.0,0.0,-0.10359116022099447,1.3203765637348108
INTARIAN_PEPPER_ROOT,0,341200,-1.0,0.0,-0.10359116022099447,1.3203765637348108
INTARIAN_PEPPER_ROOT,0,345200,-1.0,0.0,-0.10359116022099447,1.3203765637348108
INTARIAN_PEPPER_ROOT,0,349200,-1.0,-1.5,-0.10359116022099447,1.3203765637348108
INTARIAN_PEPPER_ROOT,0,353200,-1.0,-1.5,-0.10359116022099447,1.3203765637348108
INTARIAN_PEPPER_ROOT,0,354200,-1.0,0.0,-0.10359116022099447,1.3203765637348108
INTARIAN_PEPPER_ROOT,0,355200,-1.0,0.0,-0.10359116022099447,1.3203765637348108
INTARIAN_PEPPER_ROOT,0,357200,-1.0,0.0,-0.10359116022099447,1.3203765637348108
INTARIAN_PEPPER_ROOT,0,360200,-1.0,-1.5,-0.10359116022099447,1.3203765637348108
INTARIAN_PEPPER_ROOT,0,362200,-1.0,0.0,-0.10359116022099447,1.3203765637348108
INTARIAN_PEPPER_ROOT,0,364200,-1.0,0.0,-0.10359116022099447,1.3203765637348108
INTARIAN_PEPPER_ROOT,0,365200,-1.0,0.0,-0.10359116022099447,1.3203765637348108
INTARIAN_PEPPER_ROOT,0,369200,-1.0,-1.5,-0.10359116022099447,1.3203765637348108
INTARIAN_PEPPER_ROOT,0,371200,-1.0,0.0,-0.10359116022099447,1.3203765637348108
INTARIAN_PEPPER_ROOT,0,373200,-1.0,-1.5,-0.10359116022099447,1.3203765637348108
INTARIAN_PEPPER_ROOT,0,378200,-1.0,1.5,-0.10359116022099447,1.3203765637348108
INTARIAN_PEPPER_ROOT,0,379200,-1.0,0.0,-0.10359116022099447,1.3203765637348108
INTARIAN_PEPPER_ROOT,0,382200,-1.0,0.0,-0.10359116022099447,1.3203765637348108
INTARIAN_PEPPER_ROOT,0,386200,-1.0,0.0,-0.10359116022099447,1.3203765637348108
INTARIAN_PEPPER_ROOT,0,387200,-1.0,0.0,-0.10359116022099447,1.3203765637348108
INTARIAN_PEPPER_ROOT,0,388200,-1.0,0.0,-0.10359116022099447,1.3203765637348108
INTARIAN_PEPPER_ROOT,0,391200,-1.0,0.0,-0.10359116022099447,1.3203765637348108
INTARIAN_PEPPER_ROOT,0,392200,-1.0,0.0,-0.10359116022099447,1.3203765637348108
INTARIAN_PEPPER_ROOT,0,392600,-1.0,-2.0,-0.10359116022099447,1.3203765637348108
INTARIAN_PEPPER_ROOT,0,400200,-1.0,1.5,-0.10359116022099447,1.3203765637348108
INTARIAN_PEPPER_ROOT,0,404300,-1.0,0.0,-0.10359116022099447,1.3203765637348108
INTARIAN_PEPPER_ROOT,0,405300,-1.0,0.0,-0.10359116022099447,1.3203765637348108
INTARIAN_PEPPER_ROOT,0,408300,-1.0,0.0,-0.10359116022099447,1.3203765637348108
INTARIAN_PEPPER_ROOT,0,413300,-1.0,0.0,-0.10359116022099447,1.3203765637348108
INTARIAN_PEPPER_ROOT,0,415300,-1.0,0.0,-0.10359116022099447,1.3203765637348108
INTARIAN_PEPPER_ROOT,0,417300,-1.0,-1.5,-0.10359116022099447,1.3203765637348108
INTARIAN_PEPPER_ROOT,0,418300,-1.0,-1.5,-0.10359116022099447,1.3203765637348108
INTARIAN_PEPPER_ROOT,0,419300,-1.0,0.0,-0.10359116022099447,1.3203765637348108
INTARIAN_PEPPER_ROOT,0,421300,-1.0,1.5,-0.10359116022099447,1.3203765637348108
INTARIAN_PEPPER_ROOT,0,423300,-1.0,0.0,-0.10359116022099447,1.3203765637348108
INTARIAN_PEPPER_ROOT,0,425300,-1.0,0.0,-0.10359116022099447,1.3203765637348108
INTARIAN_PEPPER_ROOT,0,431300,-1.0,0.0,-0.10359116022099447,1.3203765637348108
INTARIAN_PEPPER_ROOT,0,435300,-1.0,-2.5,-0.10359116022099447,1.3203765637348108
INTARIAN_PEPPER_ROOT,0,438300,-1.0,0.0,-0.10359116022099447,1.3203765637348108
INTARIAN_PEPPER_ROOT,0,444300,-1.0,0.0,-0.10359116022099447,1.3203765637348108
INTARIAN_PEPPER_ROOT,0,447300,-1.0,1.5,-0.10359116022099447,1.3203765637348108
INTARIAN_PEPPER_ROOT,0,449300,-1.0,0.0,-0.10359116022099447,1.3203765637348108
INTARIAN_PEPPER_ROOT,0,451300,-1.0,0.0,-0.10359116022099447,1.3203765637348108
INTARIAN_PEPPER_ROOT,0,459300,-1.0,0.0,-0.10359116022099447,1.3203765637348108
INTARIAN_PEPPER_ROOT,0,461300,-1.0,-1.5,-0.10359116022099447,1.3203765637348108
INTARIAN_PEPPER_ROOT,0,467300,-1.0,0.0,-0.10359116022099447,1.3203765637348108
INTARIAN_PEPPER_ROOT,0,469300,-1.0,0.0,-0.10359116022099447,1.3203765637348108
INTARIAN_PEPPER_ROOT,0,473300,-1.0,0.0,-0.10359116022099447,1.3203765637348108
INTARIAN_PEPPER_ROOT,0,477300,-1.0,0.0,-0.10359116022099447,1.3203765637348108
INTARIAN_PEPPER_ROOT,0,478300,-1.0,0.0,-0.10359116022099447,1.3203765637348108
INTARIAN_PEPPER_ROOT,0,479300,-1.0,0.0,-0.10359116022099447,1.3203765637348108
INTARIAN_PEPPER_ROOT,0,481300,-1.0,0.0,-0.10359116022099447,1.3203765637348108
INTARIAN_PEPPER_ROOT,0,482300,-1.0,0.0,-0.10359116022099447,1.3203765637348108
INTARIAN_PEPPER_ROOT,0,484300,-1.0,0.0,-0.10359116022099447,1.3203765637348108
INTARIAN_PEPPER_ROOT,0,488300,-1.0,1.5,-0.10359116022099447,1.3203765637348108
INTARIAN_PEPPER_ROOT,0,490300,-1.0,0.0,-0.10359116022099447,1.3203765637348108
INTARIAN_PEPPER_ROOT,0,492300,-1.0,0.0,-0.10359116022099447,1.3203765637348108
INTARIAN_PEPPER_ROOT,0,496300,-1.0,1.5,-0.10359116022099447,1.3203765637348108
INTARIAN_PEPPER_ROOT,0,499300,-1.0,-5.5,-0.10359116022099447,1.3203765637348108
INTARIAN_PEPPER_ROOT,0,505300,-1.0,-1.5,-0.10359116022099447,1.3203765637348108
INTARIAN_PEPPER_ROOT,0,511300,-1.0,1.5,-0.10359116022099447,1.3203765637348108
INTARIAN_PEPPER_ROOT,0,513300,-1.0,0.0,-0.10359116022099447,1.3203765637348108
INTARIAN_PEPPER_ROOT,0,518300,-1.0,0.0,-0.10359116022099447,1.3203765637348108
INTARIAN_PEPPER_ROOT,0,519300,-1.0,1.5,-0.10359116022099447,1.3203765637348108
INTARIAN_PEPPER_ROOT,0,524300,-1.0,0.0,-0.10359116022099447,1.3203765637348108
INTARIAN_PEPPER_ROOT,0,527300,-1.0,0.0,-0.10359116022099447,1.3203765637348108
INTARIAN_PEPPER_ROOT,0,530300,-1.0,5.0,-0.10359116022099447,1.3203765637348108
INTARIAN_PEPPER_ROOT,0,532300,-1.0,0.0,-0.10359116022099447,1.3203765637348108
INTARIAN_PEPPER_ROOT,0,535300,-1.0,0.0,-0.10359116022099447,1.3203765637348108
INTARIAN_PEPPER_ROOT,0,536300,-1.0,-2.5,-0.10359116022099447,1.3203765637348108
INTARIAN_PEPPER_ROOT,0,537300,-1.0,0.0,-0.10359116022099447,1.3203765637348108
INTARIAN_PEPPER_ROOT,0,537400,-1.0,-5.5,-0.10359116022099447,1.3203765637348108
INTARIAN_PEPPER_ROOT,0,538400,-1.0,1.5,-0.10359116022099447,1.3203765637348108
INTARIAN_PEPPER_ROOT,0,539300,-1.0,0.0,-0.10359116022099447,1.3203765637348108
INTARIAN_PEPPER_ROOT,0,540400,-1.0,0.0,-0.10359116022099447,1.3203765637348108
INTARIAN_PEPPER_ROOT,0,542300,-1.0,0.0,-0.10359116022099447,1.3203765637348108
INTARIAN_PEPPER_ROOT,0,543400,-1.0,-1.5,-0.10359116022099447,1.3203765637348108
INTARIAN_PEPPER_ROOT,0,544300,-1.0,0.0,-0.10359116022099447,1.3203765637348108
INTARIAN_PEPPER_ROOT,0,544400,-1.0,0.0,-0.10359116022099447,1.3203765637348108
INTARIAN_PEPPER_ROOT,0,545300,-1.0,0.0,-0.10359116022099447,1.3203765637348108
INTARIAN_PEPPER_ROOT,0,545400,-1.0,0.0,-0.10359116022099447,1.3203765637348108
INTARIAN_PEPPER_ROOT,0,548300,-1.0,0.0,-0.10359116022099447,1.3203765637348108
INTARIAN_PEPPER_ROOT,0,550300,-1.0,0.0,-0.10359116022099447,1.3203765637348108
INTARIAN_PEPPER_ROOT,0,550400,-1.0,0.0,-0.10359116022099447,1.3203765637348108
INTARIAN_PEPPER_ROOT,0,551300,-1.0,0.0,-0.10359116022099447,1.3203765637348108
INTARIAN_PEPPER_ROOT,0,556400,-1.0,0.0,-0.10359116022099447,1.3203765637348108
INTARIAN_PEPPER_ROOT,0,558400,-1.0,0.0,-0.10359116022099447,1.3203765637348108
INTARIAN_PEPPER_ROOT,0,561400,-1.0,1.5,-0.10359116022099447,1.3203765637348108
INTARIAN_PEPPER_ROOT,0,563400,-1.0,0.0,-0.10359116022099447,1.3203765637348108
INTARIAN_PEPPER_ROOT,0,564300,-1.0,-2.0,-0.10359116022099447,1.3203765637348108
INTARIAN_PEPPER_ROOT,0,569300,-1.0,0.0,-0.10359116022099447,1.3203765637348108
INTARIAN_PEPPER_ROOT,0,569400,-1.0,0.0,-0.10359116022099447,1.3203765637348108
INTARIAN_PEPPER_ROOT,0,570300,-1.0,1.5,-0.10359116022099447,1.3203765637348108
INTARIAN_PEPPER_ROOT,0,571400,-1.0,0.0,-0.10359116022099447,1.3203765637348108
INTARIAN_PEPPER_ROOT,0,572400,-1.0,0.0,-0.10359116022099447,1.3203765637348108
INTARIAN_PEPPER_ROOT,0,573300,-1.0,1.5,-0.10359116022099447,1.3203765637348108
INTARIAN_PEPPER_ROOT,0,575300,-1.0,0.0,-0.10359116022099447,1.3203765637348108
INTARIAN_PEPPER_ROOT,0,575400,-1.0,0.0,-0.10359116022099447,1.3203765637348108
INTARIAN_PEPPER_ROOT,0,577300,-1.0,0.0,-0.10359116022099447,1.3203765637348108
INTARIAN_PEPPER_ROOT,0,579300,-1.0,0.0,-0.10359116022099447,1.3203765637348108
INTARIAN_PEPPER_ROOT,0,579400,-1.0,0.0,-0.10359116022099447,1.3203765637348108
INTARIAN_PEPPER_ROOT,0,580300,-1.0,0.0,-0.10359116022099447,1.3203765637348108
INTARIAN_PEPPER_ROOT,0,582300,-1.0,1.5,-0.10359116022099447,1.3203765637348108
INTARIAN_PEPPER_ROOT,0,584400,-1.0,0.0,-0.10359116022099447,1.3203765637348108
INTARIAN_PEPPER_ROOT,0,589400,-1.0,0.0,-0.10359116022099447,1.3203765637348108
INTARIAN_PEPPER_ROOT,0,592300,-1.0,1.5,-0.10359116022099447,1.3203765637348108
INTARIAN_PEPPER_ROOT,0,593300,-1.0,-2.0,-0.10359116022099447,1.3203765637348108
INTARIAN_PEPPER_ROOT,0,600400,-1.0,0.0,-0.10359116022099447,1.3203765637348108
INTARIAN_PEPPER_ROOT,0,602400,-1.0,-1.5,-0.10359116022099447,1.3203765637348108
INTARIAN_PEPPER_ROOT,0,603200,-1.0,-2.0,-0.10359116022099447,1.3203765637348108
INTARIAN_PEPPER_ROOT,0,603400,-1.0,0.0,-0.10359116022099447,1.3203765637348108
INTARIAN_PEPPER_ROOT,0,609800,-1.0,-2.0,-0.10359116022099447,1.3203765637348108
INTARIAN_PEPPER_ROOT,0,610400,-1.0,0.0,-0.10359116022099447,1.3203765637348108
INTARIAN_PEPPER_ROOT,0,613800,-1.0,-2.0,-0.10359116022099447,1.3203765637348108
INTARIAN_PEPPER_ROOT,0,614400,-1.0,0.0,-0.10359116022099447,1.3203765637348108
INTARIAN_PEPPER_ROOT,0,615400,-1.0,0.0,-0.10359116022099447,1.3203765637348108
INTARIAN_PEPPER_ROOT,0,617400,-1.0,-1.5,-0.10359116022099447,1.3203765637348108
INTARIAN_PEPPER_ROOT,0,620400,-1.0,0.0,-0.10359116022099447,1.3203765637348108
INTARIAN_PEPPER_ROOT,0,621400,-1.0,0.0,-0.10359116022099447,1.3203765637348108
INTARIAN_PEPPER_ROOT,0,622400,-1.0,1.5,-0.10359116022099447,1.3203765637348108
INTARIAN_PEPPER_ROOT,0,624400,-1.0,-1.5,-0.10359116022099447,1.3203765637348108
INTARIAN_PEPPER_ROOT,0,625400,-1.0,-1.5,-0.10359116022099447,1.3203765637348108
INTARIAN_PEPPER_ROOT,0,628400,-1.0,0.0,-0.10359116022099447,1.3203765637348108
INTARIAN_PEPPER_ROOT,0,630400,-1.0,0.0,-0.10359116022099447,1.3203765637348108
INTARIAN_PEPPER_ROOT,0,634400,-1.0,-2.0,-0.10359116022099447,1.3203765637348108
INTARIAN_PEPPER_ROOT,0,637400,-1.0,0.0,-0.10359116022099447,1.3203765637348108
INTARIAN_PEPPER_ROOT,0,643400,-1.0,0.0,-0.10359116022099447,1.3203765637348108
INTARIAN_PEPPER_ROOT,0,644400,-1.0,1.5,-0.10359116022099447,1.3203765637348108
INTARIAN_PEPPER_ROOT,0,645400,-1.0,0.0,-0.10359116022099447,1.3203765637348108
INTARIAN_PEPPER_ROOT,0,650400,-1.0,0.0,-0.10359116022099447,1.3203765637348108
INTARIAN_PEPPER_ROOT,0,652400,-1.0,-1.5,-0.10359116022099447,1.3203765637348108
INTARIAN_PEPPER_ROOT,0,654400,-1.0,0.0,-0.10359116022099447,1.3203765637348108
INTARIAN_PEPPER_ROOT,0,658400,-1.0,1.5,-0.10359116022099447,1.3203765637348108
INTARIAN_PEPPER_ROOT,0,659400,-1.0,0.0,-0.10359116022099447,1.3203765637348108
INTARIAN_PEPPER_ROOT,0,660400,-1.0,0.0,-0.10359116022099447,1.3203765637348108
INTARIAN_PEPPER_ROOT,0,661400,-1.0,0.0,-0.10359116022099447,1.3203765637348108
INTARIAN_PEPPER_ROOT,0,665400,-1.0,0.0,-0.10359116022099447,1.3203765637348108
INTARIAN_PEPPER_ROOT,0,667400,-1.0,0.0,-0.10359116022099447,1.3203765637348108
INTARIAN_PEPPER_ROOT,0,667500,-1.0,-1.5,-0.10359116022099447,1.3203765637348108
INTARIAN_PEPPER_ROOT,0,671400,-1.0,0.0,-0.10359116022099447,1.3203765637348108
INTARIAN_PEPPER_ROOT,0,674400,-1.0,0.0,-0.10359116022099447,1.3203765637348108
INTARIAN_PEPPER_ROOT,0,678400,-1.0,2.0,-0.10359116022099447,1.3203765637348108
INTARIAN_PEPPER_ROOT,0,681400,-1.0,2.0,-0.10359116022099447,1.3203765637348108
INTARIAN_PEPPER_ROOT,0,683400,-1.0,2.0,-0.10359116022099447,1.3203765637348108
INTARIAN_PEPPER_ROOT,0,688400,-1.0,2.0,-0.10359116022099447,1.3203765637348108
INTARIAN_PEPPER_ROOT,0,690400,-1.0,-2.0,-0.10359116022099447,1.3203765637348108
INTARIAN_PEPPER_ROOT,0,692300,-1.0,-3.5,-0.10359116022099447,1.3203765637348108
INTARIAN_PEPPER_ROOT,0,697400,-1.0,0.0,-0.10359116022099447,1.3203765637348108
INTARIAN_PEPPER_ROOT,0,699400,-1.0,0.0,-0.10359116022099447,1.3203765637348108
INTARIAN_PEPPER_ROOT,0,700400,-1.0,0.0,-0.10359116022099447,1.3203765637348108
INTARIAN_PEPPER_ROOT,0,701400,-1.0,0.0,-0.10359116022099447,1.3203765637348108
INTARIAN_PEPPER_ROOT,0,704400,-1.0,2.0,-0.10359116022099447,1.3203765637348108
INTARIAN_PEPPER_ROOT,0,706400,-1.0,0.0,-0.10359116022099447,1.3203765637348108
INTARIAN_PEPPER_ROOT,0,708400,-1.0,0.0,-0.10359116022099447,1.3203765637348108
INTARIAN_PEPPER_ROOT,0,712400,-1.0,2.0,-0.10359116022099447,1.3203765637348108
INTARIAN_PEPPER_ROOT,0,716400,-1.0,2.0,-0.10359116022099447,1.3203765637348108
INTARIAN_PEPPER_ROOT,0,718400,-1.0,0.0,-0.10359116022099447,1.3203765637348108
INTARIAN_PEPPER_ROOT,0,721400,-1.0,-2.0,-0.10359116022099447,1.3203765637348108
INTARIAN_PEPPER_ROOT,0,723400,-1.0,-2.0,-0.10359116022099447,1.3203765637348108
INTARIAN_PEPPER_ROOT,0,726400,-1.0,-2.0,-0.10359116022099447,1.3203765637348108
INTARIAN_PEPPER_ROOT,0,727400,-1.0,0.0,-0.10359116022099447,1.3203765637348108
INTARIAN_PEPPER_ROOT,0,728400,-1.0,0.0,-0.10359116022099447,1.3203765637348108
INTARIAN_PEPPER_ROOT,0,731400,-1.0,5.0,-0.10359116022099447,1.3203765637348108
INTARIAN_PEPPER_ROOT,0,735400,-1.0,0.0,-0.10359116022099447,1.3203765637348108
INTARIAN_PEPPER_ROOT,0,738400,-1.0,-2.0,-0.10359116022099447,1.3203765637348108
INTARIAN_PEPPER_ROOT,0,739400,-1.0,0.0,-0.10359116022099447,1.3203765637348108
INTARIAN_PEPPER_ROOT,0,740400,-1.0,2.0,-0.10359116022099447,1.3203765637348108
INTARIAN_PEPPER_ROOT,0,742400,-1.0,0.0,-0.10359116022099447,1.3203765637348108
INTARIAN_PEPPER_ROOT,0,748400,-1.0,-2.0,-0.10359116022099447,1.3203765637348108
INTARIAN_PEPPER_ROOT,0,750400,-1.0,-2.0,-0.10359116022099447,1.3203765637348108
INTARIAN_PEPPER_ROOT,0,753400,-1.0,-2.0,-0.10359116022099447,1.3203765637348108
INTARIAN_PEPPER_ROOT,0,755400,-1.0,0.0,-0.10359116022099447,1.3203765637348108
INTARIAN_PEPPER_ROOT,0,759000,-1.0,-2.0,-0.10359116022099447,1.3203765637348108
INTARIAN_PEPPER_ROOT,0,760400,-1.0,0.0,-0.10359116022099447,1.3203765637348108
INTARIAN_PEPPER_ROOT,0,761400,-1.0,0.0,-0.10359116022099447,1.3203765637348108
INTARIAN_PEPPER_ROOT,0,764400,-1.0,-2.0,-0.10359116022099447,1.3203765637348108
INTARIAN_PEPPER_ROOT,0,765400,-1.0,0.0,-0.10359116022099447,1.3203765637348108
INTARIAN_PEPPER_ROOT,0,767400,-1.0,0.0,-0.10359116022099447,1.3203765637348108
INTARIAN_PEPPER_ROOT,0,768400,-1.0,1.5,-0.10359116022099447,1.3203765637348108
INTARIAN_PEPPER_ROOT,0,770400,-1.0,0.0,-0.10359116022099447,1.3203765637348108
INTARIAN_PEPPER_ROOT,0,776400,-1.0,0.0,-0.10359116022099447,1.3203765637348108
INTARIAN_PEPPER_ROOT,0,779400,-1.0,2.0,-0.10359116022099447,1.3203765637348108
INTARIAN_PEPPER_ROOT,0,780400,-1.0,0.0,-0.10359116022099447,1.3203765637348108
INTARIAN_PEPPER_ROOT,0,782400,-1.0,0.0,-0.10359116022099447,1.3203765637348108
INTARIAN_PEPPER_ROOT,0,791700,-1.0,-2.0,-0.10359116022099447,1.3203765637348108
INTARIAN_PEPPER_ROOT,0,796400,-1.0,0.0,-0.10359116022099447,1.3203765637348108
INTARIAN_PEPPER_ROOT,0,798100,-1.0,-3.5,-0.10359116022099447,1.3203765637348108
INTARIAN_PEPPER_ROOT,0,798400,-1.0,2.0,-0.10359116022099447,1.3203765637348108
INTARIAN_PEPPER_ROOT,0,805600,-1.0,0.0,-0.10359116022099447,1.3203765637348108
INTARIAN_PEPPER_ROOT,0,806600,-1.0,0.0,-0.10359116022099447,1.3203765637348108
INTARIAN_PEPPER_ROOT,0,814600,-1.0,-1.5,-0.10359116022099447,1.3203765637348108
INTARIAN_PEPPER_ROOT,0,818600,-1.0,0.0,-0.10359116022099447,1.3203765637348108
INTARIAN_PEPPER_ROOT,0,822600,-1.0,-1.5,-0.10359116022099447,1.3203765637348108
INTARIAN_PEPPER_ROOT,0,824600,-1.0,0.0,-0.10359116022099447,1.3203765637348108
INTARIAN_PEPPER_ROOT,0,826600,-1.0,0.0,-0.10359116022099447,1.3203765637348108
INTARIAN_PEPPER_ROOT,0,827600,-1.0,-1.5,-0.10359116022099447,1.3203765637348108
INTARIAN_PEPPER_ROOT,0,828600,-1.0,0.0,-0.10359116022099447,1.3203765637348108
INTARIAN_PEPPER_ROOT,0,829600,-1.0,0.0,-0.10359116022099447,1.3203765637348108
INTARIAN_PEPPER_ROOT,0,834600,-1.0,0.0,-0.10359116022099447,1.3203765637348108
INTARIAN_PEPPER_ROOT,0,840600,-1.0,0.0,-0.10359116022099447,1.3203765637348108
INTARIAN_PEPPER_ROOT,0,842600,-1.0,0.0,-0.10359116022099447,1.3203765637348108
INTARIAN_PEPPER_ROOT,0,843600,-1.0,0.0,-0.10359116022099447,1.3203765637348108
INTARIAN_PEPPER_ROOT,0,844600,-1.0,1.5,-0.10359116022099447,1.3203765637348108
INTARIAN_PEPPER_ROOT,0,846600,-1.0,-1.5,-0.10359116022099447,1.3203765637348108
INTARIAN_PEPPER_ROOT,0,848600,-1.0,0.0,-0.10359116022099447,1.3203765637348108
INTARIAN_PEPPER_ROOT,0,852600,-1.0,0.0,-0.10359116022099447,1.3203765637348108
INTARIAN_PEPPER_ROOT,0,853600,-1.0,0.0,-0.10359116022099447,1.3203765637348108
INTARIAN_PEPPER_ROOT,0,855600,-1.0,1.5,-0.10359116022099447,1.3203765637348108
INTARIAN_PEPPER_ROOT,0,857600,-1.0,-1.5,-0.10359116022099447,1.3203765637348108
INTARIAN_PEPPER_ROOT,0,858600,-1.0,0.0,-0.10359116022099447,1.3203765637348108
INTARIAN_PEPPER_ROOT,0,859600,-1.0,0.0,-0.10359116022099447,1.3203765637348108
INTARIAN_PEPPER_ROOT,0,860600,-1.0,1.5,-0.10359116022099447,1.3203765637348108
INTARIAN_PEPPER_ROOT,0,864600,-1.0,1.5,-0.10359116022099447,1.3203765637348108
INTARIAN_PEPPER_ROOT,0,869600,-1.0,1.5,-0.10359116022099447,1.3203765637348108
INTARIAN_PEPPER_ROOT,0,875600,-1.0,0.0,-0.10359116022099447,1.3203765637348108
INTARIAN_PEPPER_ROOT,0,877600,-1.0,0.0,-0.10359116022099447,1.3203765637348108
INTARIAN_PEPPER_ROOT,0,880600,-1.0,1.5,-0.10359116022099447,1.3203765637348108
INTARIAN_PEPPER_ROOT,0,882600,-1.0,0.0,-0.10359116022099447,1.3203765637348108
INTARIAN_PEPPER_ROOT,0,883000,-1.0,-2.0,-0.10359116022099447,1.3203765637348108
INTARIAN_PEPPER_ROOT,0,884600,-1.0,-0.5,-0.10359116022099447,1.3203765637348108
INTARIAN_PEPPER_ROOT,0,885600,-1.0,-1.5,-0.10359116022099447,1.3203765637348108
INTARIAN_PEPPER_ROOT,0,891800,-1.0,-2.0,-0.10359116022099447,1.3203765637348108
INTARIAN_PEPPER_ROOT,0,892600,-1.0,1.5,-0.10359116022099447,1.3203765637348108
INTARIAN_PEPPER_ROOT,0,894600,-1.0,-1.5,-0.10359116022099447,1.3203765637348108
INTARIAN_PEPPER_ROOT,0,896600,-1.0,0.0,-0.10359116022099447,1.3203765637348108
INTARIAN_PEPPER_ROOT,0,897600,-1.0,0.0,-0.10359116022099447,1.3203765637348108
INTARIAN_PEPPER_ROOT,0,898600,-1.0,0.0,-0.10359116022099447,1.3203765637348108
INTARIAN_PEPPER_ROOT,0,901600,-1.0,0.0,-0.10359116022099447,1.3203765637348108
INTARIAN_PEPPER_ROOT,0,903600,-1.0,0.0,-0.10359116022099447,1.3203765637348108
INTARIAN_PEPPER_ROOT,0,905600,-1.0,0.0,-0.10359116022099447,1.3203765637348108
INTARIAN_PEPPER_ROOT,0,907600,-1.0,0.0,-0.10359116022099447,1.3203765637348108
INTARIAN_PEPPER_ROOT,0,908600,-1.0,0.0,-0.10359116022099447,1.3203765637348108
INTARIAN_PEPPER_ROOT,0,912600,-1.0,-1.5,-0.10359116022099447,1.3203765637348108
INTARIAN_PEPPER_ROOT,0,914600,-1.0,0.0,-0.10359116022099447,1.3203765637348108
INTARIAN_PEPPER_ROOT,0,919300,-1.0,-2.0,-0.10359116022099447,1.3203765637348108
INTARIAN_PEPPER_ROOT,0,921600,-1.0,0.0,-0.10359116022099447,1.3203765637348108
INTARIAN_PEPPER_ROOT,0,923600,-1.0,1.5,-0.10359116022099447,1.3203765637348108
INTARIAN_PEPPER_ROOT,0,924600,-1.0,1.5,-0.10359116022099447,1.3203765637348108
INTARIAN_PEPPER_ROOT,0,926600,-1.0,0.0,-0.10359116022099447,1.3203765637348108
INTARIAN_PEPPER_ROOT,0,927600,-1.0,0.0,-0.10359116022099447,1.3203765637348108
INTARIAN_PEPPER_ROOT,0,928600,-1.0,0.0,-0.10359116022099447,1.3203765637348108
INTARIAN_PEPPER_ROOT,0,931600,-1.0,0.0,-0.10359116022099447,1.3203765637348108
INTARIAN_PEPPER_ROOT,0,932600,-1.0,1.5,-0.10359116022099447,1.3203765637348108
INTARIAN_PEPPER_ROOT,0,934600,-1.0,0.0,-0.10359116022099447,1.3203765637348108
INTARIAN_PEPPER_ROOT,0,934700,-1.0,0.0,-0.10359116022099447,1.3203765637348108
INTARIAN_PEPPER_ROOT,0,935100,-1.0,-2.0,-0.10359116022099447,1.3203765637348108
INTARIAN_PEPPER_ROOT,0,935600,-1.0,0.0,-0.10359116022099447,1.3203765637348108
INTARIAN_PEPPER_ROOT,0,935700,-1.0,0.0,-0.10359116022099447,1.3203765637348108
INTARIAN_PEPPER_ROOT,0,936700,-1.0,1.5,-0.10359116022099447,1.3203765637348108
INTARIAN_PEPPER_ROOT,0,940600,-1.0,0.0,-0.10359116022099447,1.3203765637348108
INTARIAN_PEPPER_ROOT,0,942600,-1.0,0.0,-0.10359116022099447,1.3203765637348108
INTARIAN_PEPPER_ROOT,0,943700,-1.0,0.0,-0.10359116022099447,1.3203765637348108
INTARIAN_PEPPER_ROOT,0,944700,-1.0,1.5,-0.10359116022099447,1.3203765637348108
INTARIAN_PEPPER_ROOT,0,945600,-1.0,0.0,-0.10359116022099447,1.3203765637348108
INTARIAN_PEPPER_ROOT,0,946600,-1.0,0.0,-0.10359116022099447,1.3203765637348108
INTARIAN_PEPPER_ROOT,0,946700,-1.0,1.5,-0.10359116022099447,1.3203765637348108
INTARIAN_PEPPER_ROOT,0,949600,-1.0,0.0,-0.10359116022099447,1.3203765637348108
INTARIAN_PEPPER_ROOT,0,952700,-1.0,0.0,-0.10359116022099447,1.3203765637348108
INTARIAN_PEPPER_ROOT,0,954700,-1.0,-1.5,-0.10359116022099447,1.3203765637348108
INTARIAN_PEPPER_ROOT,0,955700,-1.0,1.5,-0.10359116022099447,1.3203765637348108
INTARIAN_PEPPER_ROOT,0,956600,-1.0,-2.0,-0.10359116022099447,1.3203765637348108
INTARIAN_PEPPER_ROOT,0,957600,-1.0,1.5,-0.10359116022099447,1.3203765637348108
INTARIAN_PEPPER_ROOT,0,958700,-1.0,0.0,-0.10359116022099447,1.3203765637348108
INTARIAN_PEPPER_ROOT,0,959600,-1.0,0.0,-0.10359116022099447,1.3203765637348108
INTARIAN_PEPPER_ROOT,0,961600,-1.0,0.0,-0.10359116022099447,1.3203765637348108
INTARIAN_PEPPER_ROOT,0,963600,-1.0,0.0,-0.10359116022099447,1.3203765637348108
INTARIAN_PEPPER_ROOT,0,963700,-1.0,1.5,-0.10359116022099447,1.3203765637348108
INTARIAN_PEPPER_ROOT,0,966600,-1.0,0.0,-0.10359116022099447,1.3203765637348108
INTARIAN_PEPPER_ROOT,0,968700,-1.0,0.0,-0.10359116022099447,1.3203765637348108
INTARIAN_PEPPER_ROOT,0,969600,-1.0,1.5,-0.10359116022099447,1.3203765637348108
INTARIAN_PEPPER_ROOT,0,970600,-1.0,0.0,-0.10359116022099447,1.3203765637348108
INTARIAN_PEPPER_ROOT,0,970700,-1.0,0.0,-0.10359116022099447,1.3203765637348108
INTARIAN_PEPPER_ROOT,0,973700,-1.0,1.5,-0.10359116022099447,1.3203765637348108
INTARIAN_PEPPER_ROOT,0,974600,-1.0,0.0,-0.10359116022099447,1.3203765637348108
INTARIAN_PEPPER_ROOT,0,974700,-1.0,0.0,-0.10359116022099447,1.3203765637348108
INTARIAN_PEPPER_ROOT,0,975200,-1.0,-2.0,-0.10359116022099447,1.3203765637348108
INTARIAN_PEPPER_ROOT,0,978000,-1.0,-2.0,-0.10359116022099447,1.3203765637348108
INTARIAN_PEPPER_ROOT,0,978700,-1.0,0.0,-0.10359116022099447,1.3203765637348108
INTARIAN_PEPPER_ROOT,0,981700,-1.0,-1.5,-0.10359116022099447,1.3203765637348108
INTARIAN_PEPPER_ROOT,0,982700,-1.0,0.0,-0.10359116022099447,1.3203765637348108
INTARIAN_PEPPER_ROOT,0,984700,-1.0,0.0,-0.10359116022099447,1.3203765637348108
INTARIAN_PEPPER_ROOT,0,985600,-1.0,0.0,-0.10359116022099447,1.3203765637348108
INTARIAN_PEPPER_ROOT,0,985700,-1.0,-6.0,-0.10359116022099447,1.3203765637348108
INTARIAN_PEPPER_ROOT,0,987600,-1.0,0.0,-0.10359116022099447,1.3203765637348108
INTARIAN_PEPPER_ROOT,0,987700,-1.0,0.0,-0.10359116022099447,1.3203765637348108
INTARIAN_PEPPER_ROOT,0,988600,-1.0,0.0,-0.10359116022099447,1.3203765637348108
INTARIAN_PEPPER_ROOT,0,989600,-1.0,-0.5,-0.10359116022099447,1.3203765637348108
INTARIAN_PEPPER_ROOT,0,990600,-1.0,0.0,-0.10359116022099447,1.3203765637348108
INTARIAN_PEPPER_ROOT,0,994600,-1.0,0.0,-0.10359116022099447,1.3203765637348108
INTARIAN_PEPPER_ROOT,0,994700,-1.0,0.0,-0.10359116022099447,1.3203765637348108
INTARIAN_PEPPER_ROOT,0,998700,-1.0,0.0,-0.10359116022099447,1.3203765637348108
INTARIAN_PEPPER_ROOT,0,100,0.0,-1.5,0.03847487001733102,1.3377622870655677
INTARIAN_PEPPER_ROOT,0,500,0.0,-1.5,0.03847487001733102,1.3377622870655677
INTARIAN_PEPPER_ROOT,0,900,0.0,0.0,0.03847487001733102,1.3377622870655677
INTARIAN_PEPPER_ROOT,0,1200,0.0,0.0,0.03847487001733102,1.3377622870655677
INTARIAN_PEPPER_ROOT,0,1800,0.0,0.0,0.03847487001733102,1.3377622870655677
INTARIAN_PEPPER_ROOT,0,1900,0.0,0.5,0.03847487001733102,1.3377622870655677
INTARIAN_PEPPER_ROOT,0,2200,0.0,1.5,0.03847487001733102,1.3377622870655677
INTARIAN_PEPPER_ROOT,0,2900,0.0,0.5,0.03847487001733102,1.3377622870655677
INTARIAN_PEPPER_ROOT,0,3400,0.0,0.0,0.03847487001733102,1.3377622870655677
INTARIAN_PEPPER_ROOT,0,3600,0.0,0.0,0.03847487001733102,1.3377622870655677
INTARIAN_PEPPER_ROOT,0,3900,0.0,0.5,0.03847487001733102,1.3377622870655677
INTARIAN_PEPPER_ROOT,0,4500,0.0,0.0,0.03847487001733102,1.3377622870655677
INTARIAN_PEPPER_ROOT,0,4600,0.0,1.5,0.03847487001733102,1.3377622870655677
INTARIAN_PEPPER_ROOT,0,4800,0.0,1.5,0.03847487001733102,1.3377622870655677
INTARIAN_PEPPER_ROOT,0,5100,0.0,-5.5,0.03847487001733102,1.3377622870655677
INTARIAN_PEPPER_ROOT,0,5900,0.0,-3.5,0.03847487001733102,1.3377622870655677
INTARIAN_PEPPER_ROOT,0,6200,0.0,0.0,0.03847487001733102,1.3377622870655677
INTARIAN_PEPPER_ROOT,0,6300,0.0,1.5,0.03847487001733102,1.3377622870655677
INTARIAN_PEPPER_ROOT,0,6800,0.0,0.0,0.03847487001733102,1.3377622870655677
INTARIAN_PEPPER_ROOT,0,6900,0.0,0.5,0.03847487001733102,1.3377622870655677
INTARIAN_PEPPER_ROOT,0,7400,0.0,1.5,0.03847487001733102,1.3377622870655677
INTARIAN_PEPPER_ROOT,0,8500,0.0,0.0,0.03847487001733102,1.3377622870655677
INTARIAN_PEPPER_ROOT,0,8800,0.0,1.5,0.03847487001733102,1.3377622870655677
INTARIAN_PEPPER_ROOT,0,9000,0.0,0.5,0.03847487001733102,1.3377622870655677
INTARIAN_PEPPER_ROOT,0,9100,0.0,0.0,0.03847487001733102,1.3377622870655677
INTARIAN_PEPPER_ROOT,0,9400,0.0,0.0,0.03847487001733102,1.3377622870655677
INTARIAN_PEPPER_ROOT,0,9600,0.0,0.0,0.03847487001733102,1.3377622870655677
INTARIAN_PEPPER_ROOT,0,9700,0.0,0.0,0.03847487001733102,1.3377622870655677
INTARIAN_PEPPER_ROOT,0,9800,0.0,0.0,0.03847487001733102,1.3377622870655677
INTARIAN_PEPPER_ROOT,0,10000,0.0,0.5,0.03847487001733102,1.3377622870655677
INTARIAN_PEPPER_ROOT,0,10300,0.0,-1.5,0.03847487001733102,1.3377622870655677
INTARIAN_PEPPER_ROOT,0,10500,0.0,0.0,0.03847487001733102,1.3377622870655677
INTARIAN_PEPPER_ROOT,0,10600,0.0,0.0,0.03847487001733102,1.3377622870655677
INTARIAN_PEPPER_ROOT,0,10700,0.0,1.5,0.03847487001733102,1.3377622870655677
INTARIAN_PEPPER_ROOT,0,11100,0.0,0.0,0.03847487001733102,1.3377622870655677
INTARIAN_PEPPER_ROOT,0,11300,0.0,0.0,0.03847487001733102,1.3377622870655677
INTARIAN_PEPPER_ROOT,0,11400,0.0,-2.5,0.03847487001733102,1.3377622870655677
INTARIAN_PEPPER_ROOT,0,12000,0.0,0.5,0.03847487001733102,1.3377622870655677
INTARIAN_PEPPER_ROOT,0,12100,0.0,0.0,0.03847487001733102,1.3377622870655677
INTARIAN_PEPPER_ROOT,0,12200,0.0,-1.5,0.03847487001733102,1.3377622870655677
INTARIAN_PEPPER_ROOT,0,12900,0.0,0.5,0.03847487001733102,1.3377622870655677
INTARIAN_PEPPER_ROOT,0,13100,0.0,-1.5,0.03847487001733102,1.3377622870655677
INTARIAN_PEPPER_ROOT,0,13400,0.0,0.0,0.03847487001733102,1.3377622870655677
INTARIAN_PEPPER_ROOT,0,13600,0.0,0.0,0.03847487001733102,1.3377622870655677
INTARIAN_PEPPER_ROOT,0,13700,0.0,0.0,0.03847487001733102,1.3377622870655677
INTARIAN_PEPPER_ROOT,0,13900,0.0,5.5,0.03847487001733102,1.3377622870655677
INTARIAN_PEPPER_ROOT,0,14200,0.0,-1.5,0.03847487001733102,1.3377622870655677
INTARIAN_PEPPER_ROOT,0,14900,0.0,-1.0,0.03847487001733102,1.3377622870655677
INTARIAN_PEPPER_ROOT,0,15600,0.0,0.0,0.03847487001733102,1.3377622870655677
INTARIAN_PEPPER_ROOT,0,15800,0.0,0.0,0.03847487001733102,1.3377622870655677
INTARIAN_PEPPER_ROOT,0,15900,0.0,0.5,0.03847487001733102,1.3377622870655677
INTARIAN_PEPPER_ROOT,0,16400,0.0,-1.5,0.03847487001733102,1.3377622870655677
INTARIAN_PEPPER_ROOT,0,16900,0.0,0.5,0.03847487001733102,1.3377622870655677
INTARIAN_PEPPER_ROOT,0,17200,0.0,-1.5,0.03847487001733102,1.3377622870655677
INTARIAN_PEPPER_ROOT,0,17900,0.0,0.5,0.03847487001733102,1.3377622870655677
INTARIAN_PEPPER_ROOT,0,18000,0.0,0.5,0.03847487001733102,1.3377622870655677
INTARIAN_PEPPER_ROOT,0,18100,0.0,1.5,0.03847487001733102,1.3377622870655677
INTARIAN_PEPPER_ROOT,0,18300,0.0,0.0,0.03847487001733102,1.3377622870655677
INTARIAN_PEPPER_ROOT,0,18400,0.0,0.0,0.03847487001733102,1.3377622870655677
INTARIAN_PEPPER_ROOT,0,18500,0.0,0.0,0.03847487001733102,1.3377622870655677
INTARIAN_PEPPER_ROOT,0,18600,0.0,0.0,0.03847487001733102,1.3377622870655677
INTARIAN_PEPPER_ROOT,0,18700,0.0,0.0,0.03847487001733102,1.3377622870655677
INTARIAN_PEPPER_ROOT,0,19000,0.0,2.0,0.03847487001733102,1.3377622870655677
INTARIAN_PEPPER_ROOT,0,19200,0.0,0.0,0.03847487001733102,1.3377622870655677
INTARIAN_PEPPER_ROOT,0,19300,0.0,1.5,0.03847487001733102,1.3377622870655677
INTARIAN_PEPPER_ROOT,0,19600,0.0,0.0,0.03847487001733102,1.3377622870655677
INTARIAN_PEPPER_ROOT,0,20200,0.0,-1.5,0.03847487001733102,1.3377622870655677
INTARIAN_PEPPER_ROOT,0,20900,0.0,0.5,0.03847487001733102,1.3377622870655677
INTARIAN_PEPPER_ROOT,0,21000,0.0,0.5,0.03847487001733102,1.3377622870655677
INTARIAN_PEPPER_ROOT,0,21100,0.0,-1.5,0.03847487001733102,1.3377622870655677
INTARIAN_PEPPER_ROOT,0,22000,0.0,0.5,0.03847487001733102,1.3377622870655677
INTARIAN_PEPPER_ROOT,0,22100,0.0,0.0,0.03847487001733102,1.3377622870655677
INTARIAN_PEPPER_ROOT,0,22200,0.0,1.5,0.03847487001733102,1.3377622870655677
INTARIAN_PEPPER_ROOT,0,23400,0.0,0.0,0.03847487001733102,1.3377622870655677
INTARIAN_PEPPER_ROOT,0,23700,0.0,0.0,0.03847487001733102,1.3377622870655677
INTARIAN_PEPPER_ROOT,0,23800,0.0,0.0,0.03847487001733102,1.3377622870655677
INTARIAN_PEPPER_ROOT,0,23900,0.0,0.5,0.03847487001733102,1.3377622870655677
INTARIAN_PEPPER_ROOT,0,24000,0.0,-1.0,0.03847487001733102,1.3377622870655677
INTARIAN_PEPPER_ROOT,0,24200,0.0,0.0,0.03847487001733102,1.3377622870655677
INTARIAN_PEPPER_ROOT,0,24300,0.0,0.0,0.03847487001733102,1.3377622870655677
INTARIAN_PEPPER_ROOT,0,24400,0.0,0.0,0.03847487001733102,1.3377622870655677
INTARIAN_PEPPER_ROOT,0,25200,0.0,-1.5,0.03847487001733102,1.3377622870655677
INTARIAN_PEPPER_ROOT,0,25400,0.0,0.0,0.03847487001733102,1.3377622870655677
INTARIAN_PEPPER_ROOT,0,25500,0.0,0.0,0.03847487001733102,1.3377622870655677
INTARIAN_PEPPER_ROOT,0,25600,0.0,0.0,0.03847487001733102,1.3377622870655677
INTARIAN_PEPPER_ROOT,0,25700,0.0,0.0,0.03847487001733102,1.3377622870655677
INTARIAN_PEPPER_ROOT,0,25800,0.0,0.0,0.03847487001733102,1.3377622870655677
INTARIAN_PEPPER_ROOT,0,25900,0.0,0.5,0.03847487001733102,1.3377622870655677
INTARIAN_PEPPER_ROOT,0,26100,0.0,-1.5,0.03847487001733102,1.3377622870655677
INTARIAN_PEPPER_ROOT,0,26300,0.0,0.0,0.03847487001733102,1.3377622870655677
INTARIAN_PEPPER_ROOT,0,26400,0.0,-1.5,0.03847487001733102,1.3377622870655677
INTARIAN_PEPPER_ROOT,0,26700,0.0,1.5,0.03847487001733102,1.3377622870655677
INTARIAN_PEPPER_ROOT,0,27600,0.0,-2.0,0.03847487001733102,1.3377622870655677
INTARIAN_PEPPER_ROOT,0,27800,0.0,0.0,0.03847487001733102,1.3377622870655677
INTARIAN_PEPPER_ROOT,0,28200,0.0,0.0,0.03847487001733102,1.3377622870655677
INTARIAN_PEPPER_ROOT,0,29000,0.0,0.5,0.03847487001733102,1.3377622870655677
INTARIAN_PEPPER_ROOT,0,29700,0.0,5.0,0.03847487001733102,1.3377622870655677
INTARIAN_PEPPER_ROOT,0,30200,0.0,0.0,0.03847487001733102,1.3377622870655677
INTARIAN_PEPPER_ROOT,0,30500,0.0,0.0,0.03847487001733102,1.3377622870655677
INTARIAN_PEPPER_ROOT,0,31200,0.0,0.0,0.03847487001733102,1.3377622870655677
INTARIAN_PEPPER_ROOT,0,31600,0.0,0.0,0.03847487001733102,1.3377622870655677
INTARIAN_PEPPER_ROOT,0,31700,0.0,0.0,0.03847487001733102,1.3377622870655677
INTARIAN_PEPPER_ROOT,0,31800,0.0,0.0,0.03847487001733102,1.3377622870655677
INTARIAN_PEPPER_ROOT,0,31900,0.0,-1.0,0.03847487001733102,1.3377622870655677
INTARIAN_PEPPER_ROOT,0,32100,0.0,0.0,0.03847487001733102,1.3377622870655677
INTARIAN_PEPPER_ROOT,0,32400,0.0,0.0,0.03847487001733102,1.3377622870655677
INTARIAN_PEPPER_ROOT,0,32500,0.0,-1.5,0.03847487001733102,1.3377622870655677
INTARIAN_PEPPER_ROOT,0,32700,0.0,1.5,0.03847487001733102,1.3377622870655677
INTARIAN_PEPPER_ROOT,0,33100,0.0,-1.5,0.03847487001733102,1.3377622870655677
INTARIAN_PEPPER_ROOT,0,33500,0.0,0.0,0.03847487001733102,1.3377622870655677
INTARIAN_PEPPER_ROOT,0,33900,0.0,0.5,0.03847487001733102,1.3377622870655677
INTARIAN_PEPPER_ROOT,0,34600,0.0,1.5,0.03847487001733102,1.3377622870655677
INTARIAN_PEPPER_ROOT,0,34900,0.0,0.5,0.03847487001733102,1.3377622870655677
INTARIAN_PEPPER_ROOT,0,35000,0.0,-1.0,0.03847487001733102,1.3377622870655677
INTARIAN_PEPPER_ROOT,0,35600,0.0,0.0,0.03847487001733102,1.3377622870655677
INTARIAN_PEPPER_ROOT,0,35800,0.0,-1.5,0.03847487001733102,1.3377622870655677
INTARIAN_PEPPER_ROOT,0,36100,0.0,0.0,0.03847487001733102,1.3377622870655677
INTARIAN_PEPPER_ROOT,0,36300,0.0,0.0,0.03847487001733102,1.3377622870655677
INTARIAN_PEPPER_ROOT,0,36700,0.0,-6.5,0.03847487001733102,1.3377622870655677
INTARIAN_PEPPER_ROOT,0,37200,0.0,-5.5,0.03847487001733102,1.3377622870655677
INTARIAN_PEPPER_ROOT,0,37700,0.0,0.0,0.03847487001733102,1.3377622870655677
INTARIAN_PEPPER_ROOT,0,37800,0.0,0.0,0.03847487001733102,1.3377622870655677
INTARIAN_PEPPER_ROOT,0,37900,0.0,0.5,0.03847487001733102,1.3377622870655677
INTARIAN_PEPPER_ROOT,0,38700,0.0,0.0,0.03847487001733102,1.3377622870655677
INTARIAN_PEPPER_ROOT,0,38900,0.0,0.5,0.03847487001733102,1.3377622870655677
INTARIAN_PEPPER_ROOT,0,39000,0.0,0.5,0.03847487001733102,1.3377622870655677
INTARIAN_PEPPER_ROOT,0,39500,0.0,0.0,0.03847487001733102,1.3377622870655677
INTARIAN_PEPPER_ROOT,0,39600,0.0,0.0,0.03847487001733102,1.3377622870655677
INTARIAN_PEPPER_ROOT,0,40400,0.0,-5.5,0.03847487001733102,1.3377622870655677
INTARIAN_PEPPER_ROOT,0,40700,0.0,0.0,0.03847487001733102,1.3377622870655677
INTARIAN_PEPPER_ROOT,0,41400,0.0,0.0,0.03847487001733102,1.3377622870655677
INTARIAN_PEPPER_ROOT,0,41600,0.0,0.0,0.03847487001733102,1.3377622870655677
INTARIAN_PEPPER_ROOT,0,41700,0.0,2.0,0.03847487001733102,1.3377622870655677
INTARIAN_PEPPER_ROOT,0,42200,0.0,0.0,0.03847487001733102,1.3377622870655677
INTARIAN_PEPPER_ROOT,0,42300,0.0,0.0,0.03847487001733102,1.3377622870655677
INTARIAN_PEPPER_ROOT,0,42600,0.0,0.0,0.03847487001733102,1.3377622870655677
INTARIAN_PEPPER_ROOT,0,42900,0.0,0.5,0.03847487001733102,1.3377622870655677
INTARIAN_PEPPER_ROOT,0,43200,0.0,0.0,0.03847487001733102,1.3377622870655677
INTARIAN_PEPPER_ROOT,0,44000,0.0,-1.0,0.03847487001733102,1.3377622870655677
INTARIAN_PEPPER_ROOT,0,44400,0.0,0.0,0.03847487001733102,1.3377622870655677
INTARIAN_PEPPER_ROOT,0,44500,0.0,0.0,0.03847487001733102,1.3377622870655677
INTARIAN_PEPPER_ROOT,0,44600,0.0,-1.5,0.03847487001733102,1.3377622870655677
INTARIAN_PEPPER_ROOT,0,44900,0.0,0.5,0.03847487001733102,1.3377622870655677
INTARIAN_PEPPER_ROOT,0,45000,0.0,0.5,0.03847487001733102,1.3377622870655677
INTARIAN_PEPPER_ROOT,0,45100,0.0,0.0,0.03847487001733102,1.3377622870655677
INTARIAN_PEPPER_ROOT,0,45200,0.0,-1.5,0.03847487001733102,1.3377622870655677
INTARIAN_PEPPER_ROOT,0,45500,0.0,0.0,0.03847487001733102,1.3377622870655677
INTARIAN_PEPPER_ROOT,0,45600,0.0,1.5,0.03847487001733102,1.3377622870655677
INTARIAN_PEPPER_ROOT,0,45800,0.0,1.5,0.03847487001733102,1.3377622870655677
INTARIAN_PEPPER_ROOT,0,46200,0.0,0.0,0.03847487001733102,1.3377622870655677
INTARIAN_PEPPER_ROOT,0,46300,0.0,0.0,0.03847487001733102,1.3377622870655677
INTARIAN_PEPPER_ROOT,0,46400,0.0,0.0,0.03847487001733102,1.3377622870655677
INTARIAN_PEPPER_ROOT,0,46500,0.0,0.0,0.03847487001733102,1.3377622870655677
INTARIAN_PEPPER_ROOT,0,46700,0.0,0.0,0.03847487001733102,1.3377622870655677
INTARIAN_PEPPER_ROOT,0,46800,0.0,1.5,0.03847487001733102,1.3377622870655677
INTARIAN_PEPPER_ROOT,0,47000,0.0,0.5,0.03847487001733102,1.3377622870655677
INTARIAN_PEPPER_ROOT,0,47800,0.0,-5.0,0.03847487001733102,1.3377622870655677
INTARIAN_PEPPER_ROOT,0,48000,0.0,-1.0,0.03847487001733102,1.3377622870655677
INTARIAN_PEPPER_ROOT,0,48300,0.0,0.0,0.03847487001733102,1.3377622870655677
INTARIAN_PEPPER_ROOT,0,48400,0.0,0.0,0.03847487001733102,1.3377622870655677
INTARIAN_PEPPER_ROOT,0,48500,0.0,0.0,0.03847487001733102,1.3377622870655677
INTARIAN_PEPPER_ROOT,0,48600,0.0,0.0,0.03847487001733102,1.3377622870655677
INTARIAN_PEPPER_ROOT,0,48900,0.0,0.5,0.03847487001733102,1.3377622870655677
INTARIAN_PEPPER_ROOT,0,49000,0.0,0.5,0.03847487001733102,1.3377622870655677
INTARIAN_PEPPER_ROOT,0,49300,0.0,0.0,0.03847487001733102,1.3377622870655677
INTARIAN_PEPPER_ROOT,0,49400,0.0,0.0,0.03847487001733102,1.3377622870655677
INTARIAN_PEPPER_ROOT,0,49600,0.0,0.0,0.03847487001733102,1.3377622870655677
INTARIAN_PEPPER_ROOT,0,50200,0.0,0.0,0.03847487001733102,1.3377622870655677
INTARIAN_PEPPER_ROOT,0,50300,0.0,0.0,0.03847487001733102,1.3377622870655677
INTARIAN_PEPPER_ROOT,0,50500,0.0,0.0,0.03847487001733102,1.3377622870655677
INTARIAN_PEPPER_ROOT,0,50600,0.0,0.0,0.03847487001733102,1.3377622870655677
INTARIAN_PEPPER_ROOT,0,50700,0.0,0.0,0.03847487001733102,1.3377622870655677
INTARIAN_PEPPER_ROOT,0,51200,0.0,0.0,0.03847487001733102,1.3377622870655677
INTARIAN_PEPPER_ROOT,0,51800,0.0,0.0,0.03847487001733102,1.3377622870655677
INTARIAN_PEPPER_ROOT,0,51900,0.0,0.5,0.03847487001733102,1.3377622870655677
INTARIAN_PEPPER_ROOT,0,52000,0.0,0.5,0.03847487001733102,1.3377622870655677
INTARIAN_PEPPER_ROOT,0,52100,0.0,0.0,0.03847487001733102,1.3377622870655677
INTARIAN_PEPPER_ROOT,0,52700,0.0,0.0,0.03847487001733102,1.3377622870655677
INTARIAN_PEPPER_ROOT,0,53600,0.0,0.0,0.03847487001733102,1.3377622870655677
INTARIAN_PEPPER_ROOT,0,53700,0.0,0.0,0.03847487001733102,1.3377622870655677
INTARIAN_PEPPER_ROOT,0,53800,0.0,0.0,0.03847487001733102,1.3377622870655677
INTARIAN_PEPPER_ROOT,0,53900,0.0,0.5,0.03847487001733102,1.3377622870655677
INTARIAN_PEPPER_ROOT,0,54200,0.0,0.0,0.03847487001733102,1.3377622870655677
INTARIAN_PEPPER_ROOT,0,54300,0.0,-1.5,0.03847487001733102,1.3377622870655677
INTARIAN_PEPPER_ROOT,0,54700,0.0,0.0,0.03847487001733102,1.3377622870655677
INTARIAN_PEPPER_ROOT,0,55000,0.0,-1.0,0.03847487001733102,1.3377622870655677
INTARIAN_PEPPER_ROOT,0,55200,0.0,0.0,0.03847487001733102,1.3377622870655677
INTARIAN_PEPPER_ROOT,0,55300,0.0,0.0,0.03847487001733102,1.3377622870655677
INTARIAN_PEPPER_ROOT,0,55400,0.0,0.0,0.03847487001733102,1.3377622870655677
INTARIAN_PEPPER_ROOT,0,55900,0.0,0.5,0.03847487001733102,1.3377622870655677
INTARIAN_PEPPER_ROOT,0,56500,0.0,0.0,0.03847487001733102,1.3377622870655677
INTARIAN_PEPPER_ROOT,0,56800,0.0,0.0,0.03847487001733102,1.3377622870655677
INTARIAN_PEPPER_ROOT,0,56900,0.0,0.5,0.03847487001733102,1.3377622870655677
INTARIAN_PEPPER_ROOT,0,57000,0.0,0.5,0.03847487001733102,1.3377622870655677
INTARIAN_PEPPER_ROOT,0,57100,0.0,0.0,0.03847487001733102,1.3377622870655677
INTARIAN_PEPPER_ROOT,0,57200,0.0,0.0,0.03847487001733102,1.3377622870655677
INTARIAN_PEPPER_ROOT,0,57300,0.0,0.0,0.03847487001733102,1.3377622870655677
INTARIAN_PEPPER_ROOT,0,57400,0.0,5.0,0.03847487001733102,1.3377622870655677
INTARIAN_PEPPER_ROOT,0,57700,0.0,0.0,0.03847487001733102,1.3377622870655677
INTARIAN_PEPPER_ROOT,0,58500,0.0,-1.5,0.03847487001733102,1.3377622870655677
INTARIAN_PEPPER_ROOT,0,59200,0.0,1.5,0.03847487001733102,1.3377622870655677
INTARIAN_PEPPER_ROOT,0,59500,0.0,-1.5,0.03847487001733102,1.3377622870655677
INTARIAN_PEPPER_ROOT,0,59700,0.0,0.0,0.03847487001733102,1.3377622870655677
INTARIAN_PEPPER_ROOT,0,59800,0.0,0.0,0.03847487001733102,1.3377622870655677
INTARIAN_PEPPER_ROOT,0,60500,0.0,-1.5,0.03847487001733102,1.3377622870655677
INTARIAN_PEPPER_ROOT,0,61100,0.0,0.0,0.03847487001733102,1.3377622870655677
INTARIAN_PEPPER_ROOT,0,61200,0.0,0.0,0.03847487001733102,1.3377622870655677
INTARIAN_PEPPER_ROOT,0,61800,0.0,6.5,0.03847487001733102,1.3377622870655677
INTARIAN_PEPPER_ROOT,0,62300,0.0,0.0,0.03847487001733102,1.3377622870655677
INTARIAN_PEPPER_ROOT,0,62600,0.0,0.0,0.03847487001733102,1.3377622870655677
INTARIAN_PEPPER_ROOT,0,62800,0.0,1.5,0.03847487001733102,1.3377622870655677
INTARIAN_PEPPER_ROOT,0,63300,0.0,1.5,0.03847487001733102,1.3377622870655677
INTARIAN_PEPPER_ROOT,0,63500,0.0,1.5,0.03847487001733102,1.3377622870655677
INTARIAN_PEPPER_ROOT,0,63900,0.0,0.5,0.03847487001733102,1.3377622870655677
INTARIAN_PEPPER_ROOT,0,64100,0.0,0.0,0.03847487001733102,1.3377622870655677
INTARIAN_PEPPER_ROOT,0,64300,0.0,0.0,0.03847487001733102,1.3377622870655677
INTARIAN_PEPPER_ROOT,0,64400,0.0,-1.5,0.03847487001733102,1.3377622870655677
INTARIAN_PEPPER_ROOT,0,65000,0.0,-1.0,0.03847487001733102,1.3377622870655677
INTARIAN_PEPPER_ROOT,0,65700,0.0,-2.0,0.03847487001733102,1.3377622870655677
INTARIAN_PEPPER_ROOT,0,66200,0.0,0.0,0.03847487001733102,1.3377622870655677
INTARIAN_PEPPER_ROOT,0,66300,0.0,-1.5,0.03847487001733102,1.3377622870655677
INTARIAN_PEPPER_ROOT,0,66600,0.0,0.0,0.03847487001733102,1.3377622870655677
INTARIAN_PEPPER_ROOT,0,66800,0.0,0.0,0.03847487001733102,1.3377622870655677
INTARIAN_PEPPER_ROOT,0,67000,0.0,0.5,0.03847487001733102,1.3377622870655677
INTARIAN_PEPPER_ROOT,0,67200,0.0,0.0,0.03847487001733102,1.3377622870655677
INTARIAN_PEPPER_ROOT,0,67300,0.0,0.0,0.03847487001733102,1.3377622870655677
INTARIAN_PEPPER_ROOT,0,67800,0.0,0.0,0.03847487001733102,1.3377622870655677
INTARIAN_PEPPER_ROOT,0,67900,0.0,0.5,0.03847487001733102,1.3377622870655677
INTARIAN_PEPPER_ROOT,0,68000,0.0,0.5,0.03847487001733102,1.3377622870655677
INTARIAN_PEPPER_ROOT,0,68100,0.0,-1.5,0.03847487001733102,1.3377622870655677
INTARIAN_PEPPER_ROOT,0,68400,0.0,0.0,0.03847487001733102,1.3377622870655677
INTARIAN_PEPPER_ROOT,0,68600,0.0,0.0,0.03847487001733102,1.3377622870655677
INTARIAN_PEPPER_ROOT,0,68900,0.0,0.5,0.03847487001733102,1.3377622870655677
INTARIAN_PEPPER_ROOT,0,69000,0.0,-1.0,0.03847487001733102,1.3377622870655677
INTARIAN_PEPPER_ROOT,0,69300,0.0,0.0,0.03847487001733102,1.3377622870655677
INTARIAN_PEPPER_ROOT,0,69400,0.0,0.0,0.03847487001733102,1.3377622870655677
INTARIAN_PEPPER_ROOT,0,69600,0.0,0.0,0.03847487001733102,1.3377622870655677
INTARIAN_PEPPER_ROOT,0,69800,0.0,0.0,0.03847487001733102,1.3377622870655677
INTARIAN_PEPPER_ROOT,0,70400,0.0,0.0,0.03847487001733102,1.3377622870655677
INTARIAN_PEPPER_ROOT,0,70500,0.0,0.0,0.03847487001733102,1.3377622870655677
INTARIAN_PEPPER_ROOT,0,70600,0.0,0.0,0.03847487001733102,1.3377622870655677
INTARIAN_PEPPER_ROOT,0,70800,0.0,0.0,0.03847487001733102,1.3377622870655677
INTARIAN_PEPPER_ROOT,0,70900,0.0,0.5,0.03847487001733102,1.3377622870655677
INTARIAN_PEPPER_ROOT,0,71000,0.0,0.5,0.03847487001733102,1.3377622870655677
INTARIAN_PEPPER_ROOT,0,71500,0.0,0.0,0.03847487001733102,1.3377622870655677
INTARIAN_PEPPER_ROOT,0,71800,0.0,0.0,0.03847487001733102,1.3377622870655677
INTARIAN_PEPPER_ROOT,0,72100,0.0,0.0,0.03847487001733102,1.3377622870655677
INTARIAN_PEPPER_ROOT,0,72400,0.0,0.0,0.03847487001733102,1.3377622870655677
INTARIAN_PEPPER_ROOT,0,72500,0.0,0.0,0.03847487001733102,1.3377622870655677
INTARIAN_PEPPER_ROOT,0,72600,0.0,0.0,0.03847487001733102,1.3377622870655677
INTARIAN_PEPPER_ROOT,0,72700,0.0,0.0,0.03847487001733102,1.3377622870655677
INTARIAN_PEPPER_ROOT,0,72800,0.0,1.5,0.03847487001733102,1.3377622870655677
INTARIAN_PEPPER_ROOT,0,73500,0.0,0.0,0.03847487001733102,1.3377622870655677
INTARIAN_PEPPER_ROOT,0,73700,0.0,0.0,0.03847487001733102,1.3377622870655677
INTARIAN_PEPPER_ROOT,0,73800,0.0,0.0,0.03847487001733102,1.3377622870655677
INTARIAN_PEPPER_ROOT,0,74600,0.0,0.0,0.03847487001733102,1.3377622870655677
INTARIAN_PEPPER_ROOT,0,75000,0.0,2.0,0.03847487001733102,1.3377622870655677
INTARIAN_PEPPER_ROOT,0,75200,0.0,1.5,0.03847487001733102,1.3377622870655677
INTARIAN_PEPPER_ROOT,0,75400,0.0,5.0,0.03847487001733102,1.3377622870655677
INTARIAN_PEPPER_ROOT,0,75700,0.0,-5.0,0.03847487001733102,1.3377622870655677
INTARIAN_PEPPER_ROOT,0,76000,0.0,0.5,0.03847487001733102,1.3377622870655677
INTARIAN_PEPPER_ROOT,0,76100,0.0,-1.5,0.03847487001733102,1.3377622870655677
INTARIAN_PEPPER_ROOT,0,76300,0.0,0.0,0.03847487001733102,1.3377622870655677
INTARIAN_PEPPER_ROOT,0,76600,0.0,0.0,0.03847487001733102,1.3377622870655677
INTARIAN_PEPPER_ROOT,0,77200,0.0,0.0,0.03847487001733102,1.3377622870655677
INTARIAN_PEPPER_ROOT,0,77700,0.0,0.0,0.03847487001733102,1.3377622870655677
INTARIAN_PEPPER_ROOT,0,77800,0.0,1.5,0.03847487001733102,1.3377622870655677
INTARIAN_PEPPER_ROOT,0,78000,0.0,0.5,0.03847487001733102,1.3377622870655677
INTARIAN_PEPPER_ROOT,0,78100,0.0,0.0,0.03847487001733102,1.3377622870655677
INTARIAN_PEPPER_ROOT,0,78800,0.0,0.0,0.03847487001733102,1.3377622870655677
INTARIAN_PEPPER_ROOT,0,79000,0.0,0.5,0.03847487001733102,1.3377622870655677
INTARIAN_PEPPER_ROOT,0,80100,0.0,-1.5,0.03847487001733102,1.3377622870655677
INTARIAN_PEPPER_ROOT,0,80500,0.0,0.0,0.03847487001733102,1.3377622870655677
INTARIAN_PEPPER_ROOT,0,80800,0.0,0.0,0.03847487001733102,1.3377622870655677
INTARIAN_PEPPER_ROOT,0,80900,0.0,2.0,0.03847487001733102,1.3377622870655677
INTARIAN_PEPPER_ROOT,0,81200,0.0,0.0,0.03847487001733102,1.3377622870655677
INTARIAN_PEPPER_ROOT,0,81300,0.0,0.0,0.03847487001733102,1.3377622870655677
INTARIAN_PEPPER_ROOT,0,81400,0.0,-1.5,0.03847487001733102,1.3377622870655677
INTARIAN_PEPPER_ROOT,0,81700,0.0,0.0,0.03847487001733102,1.3377622870655677
INTARIAN_PEPPER_ROOT,0,81800,0.0,-1.5,0.03847487001733102,1.3377622870655677
INTARIAN_PEPPER_ROOT,0,82000,0.0,2.0,0.03847487001733102,1.3377622870655677
INTARIAN_PEPPER_ROOT,0,82300,0.0,-1.5,0.03847487001733102,1.3377622870655677
INTARIAN_PEPPER_ROOT,0,83400,0.0,0.0,0.03847487001733102,1.3377622870655677
INTARIAN_PEPPER_ROOT,0,83900,0.0,0.5,0.03847487001733102,1.3377622870655677
INTARIAN_PEPPER_ROOT,0,84600,0.0,0.0,0.03847487001733102,1.3377622870655677
INTARIAN_PEPPER_ROOT,0,84800,0.0,1.5,0.03847487001733102,1.3377622870655677
INTARIAN_PEPPER_ROOT,0,85200,0.0,4.5,0.03847487001733102,1.3377622870655677
INTARIAN_PEPPER_ROOT,0,86100,0.0,0.0,0.03847487001733102,1.3377622870655677
INTARIAN_PEPPER_ROOT,0,86200,0.0,4.5,0.03847487001733102,1.3377622870655677
INTARIAN_PEPPER_ROOT,0,86400,0.0,0.0,0.03847487001733102,1.3377622870655677
INTARIAN_PEPPER_ROOT,0,86500,0.0,0.0,0.03847487001733102,1.3377622870655677
INTARIAN_PEPPER_ROOT,0,86600,0.0,0.0,0.03847487001733102,1.3377622870655677
INTARIAN_PEPPER_ROOT,0,87100,0.0,1.5,0.03847487001733102,1.3377622870655677
INTARIAN_PEPPER_ROOT,0,87700,0.0,0.0,0.03847487001733102,1.3377622870655677
INTARIAN_PEPPER_ROOT,0,88300,0.0,0.0,0.03847487001733102,1.3377622870655677
INTARIAN_PEPPER_ROOT,0,88500,0.0,0.0,0.03847487001733102,1.3377622870655677
INTARIAN_PEPPER_ROOT,0,88600,0.0,0.0,0.03847487001733102,1.3377622870655677
INTARIAN_PEPPER_ROOT,0,88700,0.0,0.0,0.03847487001733102,1.3377622870655677
INTARIAN_PEPPER_ROOT,0,89100,0.0,0.0,0.03847487001733102,1.3377622870655677
INTARIAN_PEPPER_ROOT,0,89200,0.0,4.5,0.03847487001733102,1.3377622870655677
INTARIAN_PEPPER_ROOT,0,89700,0.0,0.0,0.03847487001733102,1.3377622870655677
INTARIAN_PEPPER_ROOT,0,89900,0.0,0.5,0.03847487001733102,1.3377622870655677
INTARIAN_PEPPER_ROOT,0,90000,0.0,0.5,0.03847487001733102,1.3377622870655677
INTARIAN_PEPPER_ROOT,0,90100,0.0,0.0,0.03847487001733102,1.3377622870655677
INTARIAN_PEPPER_ROOT,0,90200,0.0,0.0,0.03847487001733102,1.3377622870655677
INTARIAN_PEPPER_ROOT,0,90400,0.0,0.0,0.03847487001733102,1.3377622870655677
INTARIAN_PEPPER_ROOT,0,90500,0.0,0.0,0.03847487001733102,1.3377622870655677
INTARIAN_PEPPER_ROOT,0,90900,0.0,0.5,0.03847487001733102,1.3377622870655677
INTARIAN_PEPPER_ROOT,0,91300,0.0,0.0,0.03847487001733102,1.3377622870655677
INTARIAN_PEPPER_ROOT,0,91500,0.0,-2.0,0.03847487001733102,1.3377622870655677
INTARIAN_PEPPER_ROOT,0,91800,0.0,0.0,0.03847487001733102,1.3377622870655677
INTARIAN_PEPPER_ROOT,0,92300,0.0,0.0,0.03847487001733102,1.3377622870655677
INTARIAN_PEPPER_ROOT,0,92500,0.0,5.0,0.03847487001733102,1.3377622870655677
INTARIAN_PEPPER_ROOT,0,92900,0.0,2.0,0.03847487001733102,1.3377622870655677
INTARIAN_PEPPER_ROOT,0,93300,0.0,1.5,0.03847487001733102,1.3377622870655677
INTARIAN_PEPPER_ROOT,0,93500,0.0,0.0,0.03847487001733102,1.3377622870655677
INTARIAN_PEPPER_ROOT,0,93600,0.0,1.5,0.03847487001733102,1.3377622870655677
INTARIAN_PEPPER_ROOT,0,93800,0.0,1.5,0.03847487001733102,1.3377622870655677
INTARIAN_PEPPER_ROOT,0,94100,0.0,0.0,0.03847487001733102,1.3377622870655677
INTARIAN_PEPPER_ROOT,0,94200,0.0,0.0,0.03847487001733102,1.3377622870655677
INTARIAN_PEPPER_ROOT,0,94600,0.0,0.0,0.03847487001733102,1.3377622870655677
INTARIAN_PEPPER_ROOT,0,94700,0.0,0.0,0.03847487001733102,1.3377622870655677
INTARIAN_PEPPER_ROOT,0,94800,0.0,0.0,0.03847487001733102,1.3377622870655677
INTARIAN_PEPPER_ROOT,0,95200,0.0,0.0,0.03847487001733102,1.3377622870655677
INTARIAN_PEPPER_ROOT,0,95300,0.0,1.5,0.03847487001733102,1.3377622870655677
INTARIAN_PEPPER_ROOT,0,95600,0.0,0.0,0.03847487001733102,1.3377622870655677
INTARIAN_PEPPER_ROOT,0,95700,0.0,0.0,0.03847487001733102,1.3377622870655677
INTARIAN_PEPPER_ROOT,0,95800,0.0,0.0,0.03847487001733102,1.3377622870655677
INTARIAN_PEPPER_ROOT,0,96200,0.0,0.0,0.03847487001733102,1.3377622870655677
INTARIAN_PEPPER_ROOT,0,96300,0.0,0.0,0.03847487001733102,1.3377622870655677
INTARIAN_PEPPER_ROOT,0,96400,0.0,1.5,0.03847487001733102,1.3377622870655677
INTARIAN_PEPPER_ROOT,0,97100,0.0,1.5,0.03847487001733102,1.3377622870655677
INTARIAN_PEPPER_ROOT,0,97300,0.0,0.0,0.03847487001733102,1.3377622870655677
INTARIAN_PEPPER_ROOT,0,97700,0.0,0.0,0.03847487001733102,1.3377622870655677
INTARIAN_PEPPER_ROOT,0,97800,0.0,-1.5,0.03847487001733102,1.3377622870655677
INTARIAN_PEPPER_ROOT,0,98000,0.0,0.5,0.03847487001733102,1.3377622870655677
INTARIAN_PEPPER_ROOT,0,98200,0.0,-1.5,0.03847487001733102,1.3377622870655677
INTARIAN_PEPPER_ROOT,0,98700,0.0,0.0,0.03847487001733102,1.3377622870655677
INTARIAN_PEPPER_ROOT,0,98800,0.0,1.5,0.03847487001733102,1.3377622870655677
INTARIAN_PEPPER_ROOT,0,99600,0.0,0.0,0.03847487001733102,1.3377622870655677
INTARIAN_PEPPER_ROOT,0,99700,0.0,1.5,0.03847487001733102,1.3377622870655677
INTARIAN_PEPPER_ROOT,0,99900,0.0,5.5,0.03847487001733102,1.3377622870655677
INTARIAN_PEPPER_ROOT,0,100500,0.0,0.0,0.03847487001733102,1.3377622870655677
INTARIAN_PEPPER_ROOT,0,100700,0.0,-1.5,0.03847487001733102,1.3377622870655677
INTARIAN_PEPPER_ROOT,0,101100,0.0,-1.5,0.03847487001733102,1.3377622870655677
INTARIAN_PEPPER_ROOT,0,101900,0.0,-1.0,0.03847487001733102,1.3377622870655677
INTARIAN_PEPPER_ROOT,0,102400,0.0,0.0,0.03847487001733102,1.3377622870655677
INTARIAN_PEPPER_ROOT,0,102500,0.0,-5.5,0.03847487001733102,1.3377622870655677
INTARIAN_PEPPER_ROOT,0,103000,0.0,0.5,0.03847487001733102,1.3377622870655677
INTARIAN_PEPPER_ROOT,0,103400,0.0,0.0,0.03847487001733102,1.3377622870655677
INTARIAN_PEPPER_ROOT,0,103500,0.0,0.0,0.03847487001733102,1.3377622870655677
INTARIAN_PEPPER_ROOT,0,103600,0.0,0.0,0.03847487001733102,1.3377622870655677
INTARIAN_PEPPER_ROOT,0,103700,0.0,0.0,0.03847487001733102,1.3377622870655677
INTARIAN_PEPPER_ROOT,0,103800,0.0,0.0,0.03847487001733102,1.3377622870655677
INTARIAN_PEPPER_ROOT,0,103900,0.0,0.5,0.03847487001733102,1.3377622870655677
INTARIAN_PEPPER_ROOT,0,104000,0.0,0.5,0.03847487001733102,1.3377622870655677
INTARIAN_PEPPER_ROOT,0,104100,0.0,1.5,0.03847487001733102,1.3377622870655677
INTARIAN_PEPPER_ROOT,0,104600,0.0,0.0,0.03847487001733102,1.3377622870655677
INTARIAN_PEPPER_ROOT,0,104700,0.0,0.0,0.03847487001733102,1.3377622870655677
INTARIAN_PEPPER_ROOT,0,104800,0.0,0.0,0.03847487001733102,1.3377622870655677
INTARIAN_PEPPER_ROOT,0,104900,0.0,0.5,0.03847487001733102,1.3377622870655677
INTARIAN_PEPPER_ROOT,0,105000,0.0,0.5,0.03847487001733102,1.3377622870655677
INTARIAN_PEPPER_ROOT,0,105100,0.0,0.0,0.03847487001733102,1.3377622870655677
INTARIAN_PEPPER_ROOT,0,105200,0.0,0.0,0.03847487001733102,1.3377622870655677
INTARIAN_PEPPER_ROOT,0,105400,0.0,0.0,0.03847487001733102,1.3377622870655677
INTARIAN_PEPPER_ROOT,0,105700,0.0,-1.5,0.03847487001733102,1.3377622870655677
INTARIAN_PEPPER_ROOT,0,106300,0.0,1.5,0.03847487001733102,1.3377622870655677
INTARIAN_PEPPER_ROOT,0,106500,0.0,0.0,0.03847487001733102,1.3377622870655677
INTARIAN_PEPPER_ROOT,0,106600,0.0,-1.5,0.03847487001733102,1.3377622870655677
INTARIAN_PEPPER_ROOT,0,107100,0.0,1.5,0.03847487001733102,1.3377622870655677
INTARIAN_PEPPER_ROOT,0,107400,0.0,-1.5,0.03847487001733102,1.3377622870655677
INTARIAN_PEPPER_ROOT,0,108200,0.0,-1.5,0.03847487001733102,1.3377622870655677
INTARIAN_PEPPER_ROOT,0,108500,0.0,-1.5,0.03847487001733102,1.3377622870655677
INTARIAN_PEPPER_ROOT,0,108700,0.0,0.0,0.03847487001733102,1.3377622870655677
INTARIAN_PEPPER_ROOT,0,108800,0.0,1.5,0.03847487001733102,1.3377622870655677
INTARIAN_PEPPER_ROOT,0,109300,0.0,0.0,0.03847487001733102,1.3377622870655677
INTARIAN_PEPPER_ROOT,0,109800,0.0,0.0,0.03847487001733102,1.3377622870655677
INTARIAN_PEPPER_ROOT,0,110000,0.0,-1.0,0.03847487001733102,1.3377622870655677
INTARIAN_PEPPER_ROOT,0,110200,0.0,0.0,0.03847487001733102,1.3377622870655677
INTARIAN_PEPPER_ROOT,0,110600,0.0,0.0,0.03847487001733102,1.3377622870655677
INTARIAN_PEPPER_ROOT,0,110800,0.0,1.5,0.03847487001733102,1.3377622870655677
INTARIAN_PEPPER_ROOT,0,111000,0.0,0.5,0.03847487001733102,1.3377622870655677
INTARIAN_PEPPER_ROOT,0,111400,0.0,1.5,0.03847487001733102,1.3377622870655677
INTARIAN_PEPPER_ROOT,0,111900,0.0,2.0,0.03847487001733102,1.3377622870655677
INTARIAN_PEPPER_ROOT,0,112100,0.0,-1.5,0.03847487001733102,1.3377622870655677
INTARIAN_PEPPER_ROOT,0,112400,0.0,0.0,0.03847487001733102,1.3377622870655677
INTARIAN_PEPPER_ROOT,0,113200,0.0,0.0,0.03847487001733102,1.3377622870655677
INTARIAN_PEPPER_ROOT,0,113500,0.0,0.0,0.03847487001733102,1.3377622870655677
INTARIAN_PEPPER_ROOT,0,114000,0.0,0.5,0.03847487001733102,1.3377622870655677
INTARIAN_PEPPER_ROOT,0,114800,0.0,-1.5,0.03847487001733102,1.3377622870655677
INTARIAN_PEPPER_ROOT,0,115200,0.0,0.0,0.03847487001733102,1.3377622870655677
INTARIAN_PEPPER_ROOT,0,115500,0.0,-1.5,0.03847487001733102,1.3377622870655677
INTARIAN_PEPPER_ROOT,0,115700,0.0,0.0,0.03847487001733102,1.3377622870655677
INTARIAN_PEPPER_ROOT,0,116000,0.0,0.5,0.03847487001733102,1.3377622870655677
INTARIAN_PEPPER_ROOT,0,116100,0.0,1.5,0.03847487001733102,1.3377622870655677
INTARIAN_PEPPER_ROOT,0,116900,0.0,0.5,0.03847487001733102,1.3377622870655677
INTARIAN_PEPPER_ROOT,0,117000,0.0,0.5,0.03847487001733102,1.3377622870655677
INTARIAN_PEPPER_ROOT,0,117600,0.0,-1.5,0.03847487001733102,1.3377622870655677
INTARIAN_PEPPER_ROOT,0,117900,0.0,0.5,0.03847487001733102,1.3377622870655677
INTARIAN_PEPPER_ROOT,0,118000,0.0,0.5,0.03847487001733102,1.3377622870655677
INTARIAN_PEPPER_ROOT,0,118100,0.0,0.0,0.03847487001733102,1.3377622870655677
INTARIAN_PEPPER_ROOT,0,118400,0.0,-1.5,0.03847487001733102,1.3377622870655677
INTARIAN_PEPPER_ROOT,0,118700,0.0,1.5,0.03847487001733102,1.3377622870655677
INTARIAN_PEPPER_ROOT,0,118900,0.0,0.5,0.03847487001733102,1.3377622870655677
INTARIAN_PEPPER_ROOT,0,119600,0.0,-1.5,0.03847487001733102,1.3377622870655677
INTARIAN_PEPPER_ROOT,0,120400,0.0,0.0,0.03847487001733102,1.3377622870655677
INTARIAN_PEPPER_ROOT,0,120500,0.0,0.0,0.03847487001733102,1.3377622870655677
INTARIAN_PEPPER_ROOT,0,120600,0.0,0.0,0.03847487001733102,1.3377622870655677
INTARIAN_PEPPER_ROOT,0,120700,0.0,0.0,0.03847487001733102,1.3377622870655677
INTARIAN_PEPPER_ROOT,0,120800,0.0,-5.0,0.03847487001733102,1.3377622870655677
INTARIAN_PEPPER_ROOT,0,121200,0.0,0.0,0.03847487001733102,1.3377622870655677
INTARIAN_PEPPER_ROOT,0,121300,0.0,0.0,0.03847487001733102,1.3377622870655677
INTARIAN_PEPPER_ROOT,0,121600,0.0,0.0,0.03847487001733102,1.3377622870655677
INTARIAN_PEPPER_ROOT,0,121700,0.0,0.0,0.03847487001733102,1.3377622870655677
INTARIAN_PEPPER_ROOT,0,122200,0.0,0.0,0.03847487001733102,1.3377622870655677
INTARIAN_PEPPER_ROOT,0,122300,0.0,0.0,0.03847487001733102,1.3377622870655677
INTARIAN_PEPPER_ROOT,0,122500,0.0,1.5,0.03847487001733102,1.3377622870655677
INTARIAN_PEPPER_ROOT,0,123100,0.0,-5.5,0.03847487001733102,1.3377622870655677
INTARIAN_PEPPER_ROOT,0,123800,0.0,-1.5,0.03847487001733102,1.3377622870655677
INTARIAN_PEPPER_ROOT,0,124000,0.0,0.5,0.03847487001733102,1.3377622870655677
INTARIAN_PEPPER_ROOT,0,124100,0.0,0.0,0.03847487001733102,1.3377622870655677
INTARIAN_PEPPER_ROOT,0,124400,0.0,1.5,0.03847487001733102,1.3377622870655677
INTARIAN_PEPPER_ROOT,0,124700,0.0,0.0,0.03847487001733102,1.3377622870655677
INTARIAN_PEPPER_ROOT,0,125700,0.0,0.0,0.03847487001733102,1.3377622870655677
INTARIAN_PEPPER_ROOT,0,125800,0.0,0.0,0.03847487001733102,1.3377622870655677
INTARIAN_PEPPER_ROOT,0,125900,0.0,2.0,0.03847487001733102,1.3377622870655677
INTARIAN_PEPPER_ROOT,0,126100,0.0,-1.5,0.03847487001733102,1.3377622870655677
INTARIAN_PEPPER_ROOT,0,126900,0.0,0.5,0.03847487001733102,1.3377622870655677
INTARIAN_PEPPER_ROOT,0,127000,0.0,2.0,0.03847487001733102,1.3377622870655677
INTARIAN_PEPPER_ROOT,0,127300,0.0,0.0,0.03847487001733102,1.3377622870655677
INTARIAN_PEPPER_ROOT,0,127500,0.0,-1.5,0.03847487001733102,1.3377622870655677
INTARIAN_PEPPER_ROOT,0,127900,0.0,0.5,0.03847487001733102,1.3377622870655677
INTARIAN_PEPPER_ROOT,0,128000,0.0,-1.0,0.03847487001733102,1.3377622870655677
INTARIAN_PEPPER_ROOT,0,128400,0.0,1.5,0.03847487001733102,1.3377622870655677
INTARIAN_PEPPER_ROOT,0,128600,0.0,1.5,0.03847487001733102,1.3377622870655677
INTARIAN_PEPPER_ROOT,0,128800,0.0,0.0,0.03847487001733102,1.3377622870655677
INTARIAN_PEPPER_ROOT,0,129300,0.0,1.5,0.03847487001733102,1.3377622870655677
INTARIAN_PEPPER_ROOT,0,129700,0.0,1.5,0.03847487001733102,1.3377622870655677
INTARIAN_PEPPER_ROOT,0,129900,0.0,0.5,0.03847487001733102,1.3377622870655677
INTARIAN_PEPPER_ROOT,0,130000,0.0,0.5,0.03847487001733102,1.3377622870655677
INTARIAN_PEPPER_ROOT,0,130200,0.0,0.0,0.03847487001733102,1.3377622870655677
INTARIAN_PEPPER_ROOT,0,130500,0.0,0.0,0.03847487001733102,1.3377622870655677
INTARIAN_PEPPER_ROOT,0,130800,0.0,0.0,0.03847487001733102,1.3377622870655677
INTARIAN_PEPPER_ROOT,0,130900,0.0,2.0,0.03847487001733102,1.3377622870655677
INTARIAN_PEPPER_ROOT,0,131100,0.0,1.5,0.03847487001733102,1.3377622870655677
INTARIAN_PEPPER_ROOT,0,131300,0.0,0.0,0.03847487001733102,1.3377622870655677
INTARIAN_PEPPER_ROOT,0,131500,0.0,0.0,0.03847487001733102,1.3377622870655677
INTARIAN_PEPPER_ROOT,0,132000,0.0,0.5,0.03847487001733102,1.3377622870655677
INTARIAN_PEPPER_ROOT,0,132100,0.0,0.0,0.03847487001733102,1.3377622870655677
INTARIAN_PEPPER_ROOT,0,132200,0.0,0.0,0.03847487001733102,1.3377622870655677
INTARIAN_PEPPER_ROOT,0,132300,0.0,0.0,0.03847487001733102,1.3377622870655677
INTARIAN_PEPPER_ROOT,0,132500,0.0,0.0,0.03847487001733102,1.3377622870655677
INTARIAN_PEPPER_ROOT,0,132600,0.0,-1.5,0.03847487001733102,1.3377622870655677
INTARIAN_PEPPER_ROOT,0,133100,0.0,0.0,0.03847487001733102,1.3377622870655677
INTARIAN_PEPPER_ROOT,0,133200,0.0,0.0,0.03847487001733102,1.3377622870655677
INTARIAN_PEPPER_ROOT,0,133300,0.0,0.0,0.03847487001733102,1.3377622870655677
INTARIAN_PEPPER_ROOT,0,133600,0.0,1.5,0.03847487001733102,1.3377622870655677
INTARIAN_PEPPER_ROOT,0,133800,0.0,0.0,0.03847487001733102,1.3377622870655677
INTARIAN_PEPPER_ROOT,0,134500,0.0,0.0,0.03847487001733102,1.3377622870655677
INTARIAN_PEPPER_ROOT,0,134600,0.0,0.0,0.03847487001733102,1.3377622870655677
INTARIAN_PEPPER_ROOT,0,135200,0.0,0.0,0.03847487001733102,1.3377622870655677
INTARIAN_PEPPER_ROOT,0,135400,0.0,0.0,0.03847487001733102,1.3377622870655677
INTARIAN_PEPPER_ROOT,0,135600,0.0,-1.5,0.03847487001733102,1.3377622870655677
INTARIAN_PEPPER_ROOT,0,136300,0.0,0.0,0.03847487001733102,1.3377622870655677
INTARIAN_PEPPER_ROOT,0,136400,0.0,1.5,0.03847487001733102,1.3377622870655677
INTARIAN_PEPPER_ROOT,0,136600,0.0,6.5,0.03847487001733102,1.3377622870655677
INTARIAN_PEPPER_ROOT,0,137600,0.0,0.0,0.03847487001733102,1.3377622870655677
INTARIAN_PEPPER_ROOT,0,138500,0.0,0.0,0.03847487001733102,1.3377622870655677
INTARIAN_PEPPER_ROOT,0,138700,0.0,0.0,0.03847487001733102,1.3377622870655677
INTARIAN_PEPPER_ROOT,0,139200,0.0,0.0,0.03847487001733102,1.3377622870655677
INTARIAN_PEPPER_ROOT,0,139400,0.0,0.0,0.03847487001733102,1.3377622870655677
INTARIAN_PEPPER_ROOT,0,140000,0.0,0.5,0.03847487001733102,1.3377622870655677
INTARIAN_PEPPER_ROOT,0,140200,0.0,1.5,0.03847487001733102,1.3377622870655677
INTARIAN_PEPPER_ROOT,0,141400,0.0,0.0,0.03847487001733102,1.3377622870655677
INTARIAN_PEPPER_ROOT,0,141500,0.0,-1.5,0.03847487001733102,1.3377622870655677
INTARIAN_PEPPER_ROOT,0,142000,0.0,0.5,0.03847487001733102,1.3377622870655677
INTARIAN_PEPPER_ROOT,0,142200,0.0,-1.5,0.03847487001733102,1.3377622870655677
INTARIAN_PEPPER_ROOT,0,142500,0.0,0.0,0.03847487001733102,1.3377622870655677
INTARIAN_PEPPER_ROOT,0,142600,0.0,0.0,0.03847487001733102,1.3377622870655677
INTARIAN_PEPPER_ROOT,0,143200,0.0,0.0,0.03847487001733102,1.3377622870655677
INTARIAN_PEPPER_ROOT,0,143700,0.0,0.0,0.03847487001733102,1.3377622870655677
INTARIAN_PEPPER_ROOT,0,144000,0.0,0.5,0.03847487001733102,1.3377622870655677
INTARIAN_PEPPER_ROOT,0,144400,0.0,1.5,0.03847487001733102,1.3377622870655677
INTARIAN_PEPPER_ROOT,0,144700,0.0,0.0,0.03847487001733102,1.3377622870655677
INTARIAN_PEPPER_ROOT,0,144800,0.0,0.0,0.03847487001733102,1.3377622870655677
INTARIAN_PEPPER_ROOT,0,145200,0.0,1.5,0.03847487001733102,1.3377622870655677
INTARIAN_PEPPER_ROOT,0,145600,0.0,-1.5,0.03847487001733102,1.3377622870655677
INTARIAN_PEPPER_ROOT,0,146000,0.0,-1.5,0.03847487001733102,1.3377622870655677
INTARIAN_PEPPER_ROOT,0,146400,0.0,0.0,0.03847487001733102,1.3377622870655677
INTARIAN_PEPPER_ROOT,0,146500,0.0,0.0,0.03847487001733102,1.3377622870655677
INTARIAN_PEPPER_ROOT,0,146600,0.0,1.5,0.03847487001733102,1.3377622870655677
INTARIAN_PEPPER_ROOT,0,146800,0.0,-1.5,0.03847487001733102,1.3377622870655677
INTARIAN_PEPPER_ROOT,0,147400,0.0,0.0,0.03847487001733102,1.3377622870655677
INTARIAN_PEPPER_ROOT,0,147500,0.0,0.0,0.03847487001733102,1.3377622870655677
INTARIAN_PEPPER_ROOT,0,148800,0.0,2.0,0.03847487001733102,1.3377622870655677
INTARIAN_PEPPER_ROOT,0,149200,0.0,0.0,0.03847487001733102,1.3377622870655677
INTARIAN_PEPPER_ROOT,0,149300,0.0,0.0,0.03847487001733102,1.3377622870655677
INTARIAN_PEPPER_ROOT,0,149400,0.0,1.5,0.03847487001733102,1.3377622870655677
INTARIAN_PEPPER_ROOT,0,150000,0.0,0.5,0.03847487001733102,1.3377622870655677
INTARIAN_PEPPER_ROOT,0,150500,0.0,0.0,0.03847487001733102,1.3377622870655677
INTARIAN_PEPPER_ROOT,0,150600,0.0,0.0,0.03847487001733102,1.3377622870655677
INTARIAN_PEPPER_ROOT,0,151000,0.0,0.5,0.03847487001733102,1.3377622870655677
INTARIAN_PEPPER_ROOT,0,151300,0.0,0.0,0.03847487001733102,1.3377622870655677
INTARIAN_PEPPER_ROOT,0,151500,0.0,0.0,0.03847487001733102,1.3377622870655677
INTARIAN_PEPPER_ROOT,0,151600,0.0,0.0,0.03847487001733102,1.3377622870655677
INTARIAN_PEPPER_ROOT,0,151700,0.0,0.0,0.03847487001733102,1.3377622870655677
INTARIAN_PEPPER_ROOT,0,151800,0.0,0.0,0.03847487001733102,1.3377622870655677
INTARIAN_PEPPER_ROOT,0,152000,0.0,0.5,0.03847487001733102,1.3377622870655677
INTARIAN_PEPPER_ROOT,0,152500,0.0,0.0,0.03847487001733102,1.3377622870655677
INTARIAN_PEPPER_ROOT,0,152600,0.0,0.0,0.03847487001733102,1.3377622870655677
INTARIAN_PEPPER_ROOT,0,152700,0.0,0.0,0.03847487001733102,1.3377622870655677
INTARIAN_PEPPER_ROOT,0,152800,0.0,-2.0,0.03847487001733102,1.3377622870655677
INTARIAN_PEPPER_ROOT,0,153300,0.0,1.5,0.03847487001733102,1.3377622870655677
INTARIAN_PEPPER_ROOT,0,154200,0.0,0.0,0.03847487001733102,1.3377622870655677
INTARIAN_PEPPER_ROOT,0,154300,0.0,-1.5,0.03847487001733102,1.3377622870655677
INTARIAN_PEPPER_ROOT,0,154500,0.0,-1.5,0.03847487001733102,1.3377622870655677
INTARIAN_PEPPER_ROOT,0,155200,0.0,0.0,0.03847487001733102,1.3377622870655677
INTARIAN_PEPPER_ROOT,0,155300,0.0,0.0,0.03847487001733102,1.3377622870655677
INTARIAN_PEPPER_ROOT,0,155400,0.0,-1.5,0.03847487001733102,1.3377622870655677
INTARIAN_PEPPER_ROOT,0,155700,0.0,1.5,0.03847487001733102,1.3377622870655677
INTARIAN_PEPPER_ROOT,0,156000,0.0,0.5,0.03847487001733102,1.3377622870655677
INTARIAN_PEPPER_ROOT,0,156200,0.0,1.5,0.03847487001733102,1.3377622870655677
INTARIAN_PEPPER_ROOT,0,156700,0.0,0.0,0.03847487001733102,1.3377622870655677
INTARIAN_PEPPER_ROOT,0,157400,0.0,0.0,0.03847487001733102,1.3377622870655677
INTARIAN_PEPPER_ROOT,0,157500,0.0,0.0,0.03847487001733102,1.3377622870655677
INTARIAN_PEPPER_ROOT,0,157700,0.0,-1.5,0.03847487001733102,1.3377622870655677
INTARIAN_PEPPER_ROOT,0,158300,0.0,0.0,0.03847487001733102,1.3377622870655677
INTARIAN_PEPPER_ROOT,0,158500,0.0,-1.5,0.03847487001733102,1.3377622870655677
INTARIAN_PEPPER_ROOT,0,159000,0.0,0.5,0.03847487001733102,1.3377622870655677
INTARIAN_PEPPER_ROOT,0,159200,0.0,0.0,0.03847487001733102,1.3377622870655677
INTARIAN_PEPPER_ROOT,0,159300,0.0,0.0,0.03847487001733102,1.3377622870655677
INTARIAN_PEPPER_ROOT,0,159500,0.0,0.0,0.03847487001733102,1.3377622870655677
INTARIAN_PEPPER_ROOT,0,159700,0.0,0.0,0.03847487001733102,1.3377622870655677
INTARIAN_PEPPER_ROOT,0,160200,0.0,-1.5,0.03847487001733102,1.3377622870655677
INTARIAN_PEPPER_ROOT,0,160400,0.0,-1.5,0.03847487001733102,1.3377622870655677
INTARIAN_PEPPER_ROOT,0,160700,0.0,1.5,0.03847487001733102,1.3377622870655677
INTARIAN_PEPPER_ROOT,0,161200,0.0,1.5,0.03847487001733102,1.3377622870655677
INTARIAN_PEPPER_ROOT,0,161400,0.0,0.0,0.03847487001733102,1.3377622870655677
INTARIAN_PEPPER_ROOT,0,161500,0.0,0.0,0.03847487001733102,1.3377622870655677
INTARIAN_PEPPER_ROOT,0,161600,0.0,0.0,0.03847487001733102,1.3377622870655677
INTARIAN_PEPPER_ROOT,0,161700,0.0,0.0,0.03847487001733102,1.3377622870655677
INTARIAN_PEPPER_ROOT,0,162000,0.0,0.5,0.03847487001733102,1.3377622870655677
INTARIAN_PEPPER_ROOT,0,162800,0.0,-1.5,0.03847487001733102,1.3377622870655677
INTARIAN_PEPPER_ROOT,0,163300,0.0,0.0,0.03847487001733102,1.3377622870655677
INTARIAN_PEPPER_ROOT,0,163400,0.0,0.0,0.03847487001733102,1.3377622870655677
INTARIAN_PEPPER_ROOT,0,163500,0.0,0.0,0.03847487001733102,1.3377622870655677
INTARIAN_PEPPER_ROOT,0,163600,0.0,0.0,0.03847487001733102,1.3377622870655677
INTARIAN_PEPPER_ROOT,0,164000,0.0,0.5,0.03847487001733102,1.3377622870655677
INTARIAN_PEPPER_ROOT,0,164600,0.0,0.0,0.03847487001733102,1.3377622870655677
INTARIAN_PEPPER_ROOT,0,164700,0.0,0.0,0.03847487001733102,1.3377622870655677
INTARIAN_PEPPER_ROOT,0,166200,0.0,1.5,0.03847487001733102,1.3377622870655677
INTARIAN_PEPPER_ROOT,0,166300,0.0,-1.5,0.03847487001733102,1.3377622870655677
INTARIAN_PEPPER_ROOT,0,166500,0.0,0.0,0.03847487001733102,1.3377622870655677
INTARIAN_PEPPER_ROOT,0,167400,0.0,1.5,0.03847487001733102,1.3377622870655677
INTARIAN_PEPPER_ROOT,0,167600,0.0,0.0,0.03847487001733102,1.3377622870655677
INTARIAN_PEPPER_ROOT,0,167700,0.0,1.5,0.03847487001733102,1.3377622870655677
INTARIAN_PEPPER_ROOT,0,168000,0.0,-1.5,0.03847487001733102,1.3377622870655677
INTARIAN_PEPPER_ROOT,0,168300,0.0,-1.5,0.03847487001733102,1.3377622870655677
INTARIAN_PEPPER_ROOT,0,168600,0.0,-1.5,0.03847487001733102,1.3377622870655677
INTARIAN_PEPPER_ROOT,0,169700,0.0,0.0,0.03847487001733102,1.3377622870655677
INTARIAN_PEPPER_ROOT,0,169800,0.0,2.0,0.03847487001733102,1.3377622870655677
INTARIAN_PEPPER_ROOT,0,170000,0.0,0.5,0.03847487001733102,1.3377622870655677
INTARIAN_PEPPER_ROOT,0,170200,0.0,0.0,0.03847487001733102,1.3377622870655677
INTARIAN_PEPPER_ROOT,0,170500,0.0,0.0,0.03847487001733102,1.3377622870655677
INTARIAN_PEPPER_ROOT,0,170700,0.0,1.5,0.03847487001733102,1.3377622870655677
INTARIAN_PEPPER_ROOT,0,171200,0.0,0.0,0.03847487001733102,1.3377622870655677
INTARIAN_PEPPER_ROOT,0,171300,0.0,0.0,0.03847487001733102,1.3377622870655677
INTARIAN_PEPPER_ROOT,0,171700,0.0,0.0,0.03847487001733102,1.3377622870655677
INTARIAN_PEPPER_ROOT,0,172200,0.0,0.0,0.03847487001733102,1.3377622870655677
INTARIAN_PEPPER_ROOT,0,172300,0.0,0.0,0.03847487001733102,1.3377622870655677
INTARIAN_PEPPER_ROOT,0,172600,0.0,1.5,0.03847487001733102,1.3377622870655677
INTARIAN_PEPPER_ROOT,0,173300,0.0,0.0,0.03847487001733102,1.3377622870655677
INTARIAN_PEPPER_ROOT,0,173400,0.0,-1.5,0.03847487001733102,1.3377622870655677
INTARIAN_PEPPER_ROOT,0,174000,0.0,0.5,0.03847487001733102,1.3377622870655677
INTARIAN_PEPPER_ROOT,0,174200,0.0,0.0,0.03847487001733102,1.3377622870655677
INTARIAN_PEPPER_ROOT,0,174300,0.0,0.0,0.03847487001733102,1.3377622870655677
INTARIAN_PEPPER_ROOT,0,174400,0.0,2.0,0.03847487001733102,1.3377622870655677
INTARIAN_PEPPER_ROOT,0,174700,0.0,0.0,0.03847487001733102,1.3377622870655677
INTARIAN_PEPPER_ROOT,0,175500,0.0,0.0,0.03847487001733102,1.3377622870655677
INTARIAN_PEPPER_ROOT,0,175800,0.0,0.0,0.03847487001733102,1.3377622870655677
INTARIAN_PEPPER_ROOT,0,176300,0.0,1.5,0.03847487001733102,1.3377622870655677
INTARIAN_PEPPER_ROOT,0,177300,0.0,0.0,0.03847487001733102,1.3377622870655677
INTARIAN_PEPPER_ROOT,0,177400,0.0,1.5,0.03847487001733102,1.3377622870655677
INTARIAN_PEPPER_ROOT,0,177800,0.0,0.0,0.03847487001733102,1.3377622870655677
INTARIAN_PEPPER_ROOT,0,178200,0.0,4.5,0.03847487001733102,1.3377622870655677
INTARIAN_PEPPER_ROOT,0,178400,0.0,0.0,0.03847487001733102,1.3377622870655677
INTARIAN_PEPPER_ROOT,0,179000,0.0,0.5,0.03847487001733102,1.3377622870655677
INTARIAN_PEPPER_ROOT,0,179400,0.0,-5.5,0.03847487001733102,1.3377622870655677
INTARIAN_PEPPER_ROOT,0,180000,0.0,-1.5,0.03847487001733102,1.3377622870655677
INTARIAN_PEPPER_ROOT,0,180200,0.0,1.5,0.03847487001733102,1.3377622870655677
INTARIAN_PEPPER_ROOT,0,180500,0.0,0.0,0.03847487001733102,1.3377622870655677
INTARIAN_PEPPER_ROOT,0,180600,0.0,1.5,0.03847487001733102,1.3377622870655677
INTARIAN_PEPPER_ROOT,0,181400,0.0,0.0,0.03847487001733102,1.3377622870655677
INTARIAN_PEPPER_ROOT,0,181600,0.0,0.0,0.03847487001733102,1.3377622870655677
INTARIAN_PEPPER_ROOT,0,181700,0.0,1.5,0.03847487001733102,1.3377622870655677
INTARIAN_PEPPER_ROOT,0,182200,0.0,0.0,0.03847487001733102,1.3377622870655677
INTARIAN_PEPPER_ROOT,0,182300,0.0,-1.5,0.03847487001733102,1.3377622870655677
INTARIAN_PEPPER_ROOT,0,182600,0.0,-1.5,0.03847487001733102,1.3377622870655677
INTARIAN_PEPPER_ROOT,0,182800,0.0,0.0,0.03847487001733102,1.3377622870655677
INTARIAN_PEPPER_ROOT,0,183000,0.0,0.5,0.03847487001733102,1.3377622870655677
INTARIAN_PEPPER_ROOT,0,183300,0.0,0.0,0.03847487001733102,1.3377622870655677
INTARIAN_PEPPER_ROOT,0,183400,0.0,0.0,0.03847487001733102,1.3377622870655677
INTARIAN_PEPPER_ROOT,0,183500,0.0,0.0,0.03847487001733102,1.3377622870655677
INTARIAN_PEPPER_ROOT,0,183600,0.0,0.0,0.03847487001733102,1.3377622870655677
INTARIAN_PEPPER_ROOT,0,183700,0.0,0.0,0.03847487001733102,1.3377622870655677
INTARIAN_PEPPER_ROOT,0,183800,0.0,0.0,0.03847487001733102,1.3377622870655677
INTARIAN_PEPPER_ROOT,0,184200,0.0,-1.5,0.03847487001733102,1.3377622870655677
INTARIAN_PEPPER_ROOT,0,185000,0.0,0.5,0.03847487001733102,1.3377622870655677
INTARIAN_PEPPER_ROOT,0,185300,0.0,0.0,0.03847487001733102,1.3377622870655677
INTARIAN_PEPPER_ROOT,0,185400,0.0,0.0,0.03847487001733102,1.3377622870655677
INTARIAN_PEPPER_ROOT,0,185800,0.0,0.0,0.03847487001733102,1.3377622870655677
INTARIAN_PEPPER_ROOT,0,186600,0.0,0.0,0.03847487001733102,1.3377622870655677
INTARIAN_PEPPER_ROOT,0,186800,0.0,0.0,0.03847487001733102,1.3377622870655677
INTARIAN_PEPPER_ROOT,0,187200,0.0,0.0,0.03847487001733102,1.3377622870655677
INTARIAN_PEPPER_ROOT,0,187400,0.0,0.0,0.03847487001733102,1.3377622870655677
INTARIAN_PEPPER_ROOT,0,187500,0.0,-2.0,0.03847487001733102,1.3377622870655677
INTARIAN_PEPPER_ROOT,0,188000,0.0,0.5,0.03847487001733102,1.3377622870655677
INTARIAN_PEPPER_ROOT,0,188500,0.0,0.0,0.03847487001733102,1.3377622870655677
INTARIAN_PEPPER_ROOT,0,188600,0.0,0.0,0.03847487001733102,1.3377622870655677
INTARIAN_PEPPER_ROOT,0,188700,0.0,0.0,0.03847487001733102,1.3377622870655677
INTARIAN_PEPPER_ROOT,0,189000,0.0,0.5,0.03847487001733102,1.3377622870655677
INTARIAN_PEPPER_ROOT,0,189400,0.0,0.0,0.03847487001733102,1.3377622870655677
INTARIAN_PEPPER_ROOT,0,189800,0.0,0.0,0.03847487001733102,1.3377622870655677
INTARIAN_PEPPER_ROOT,0,190300,0.0,0.0,0.03847487001733102,1.3377622870655677
INTARIAN_PEPPER_ROOT,0,190400,0.0,0.0,0.03847487001733102,1.3377622870655677
INTARIAN_PEPPER_ROOT,0,190500,0.0,0.0,0.03847487001733102,1.3377622870655677
INTARIAN_PEPPER_ROOT,0,190600,0.0,-1.5,0.03847487001733102,1.3377622870655677
INTARIAN_PEPPER_ROOT,0,191400,0.0,-1.5,0.03847487001733102,1.3377622870655677
INTARIAN_PEPPER_ROOT,0,191600,0.0,-1.5,0.03847487001733102,1.3377622870655677
INTARIAN_PEPPER_ROOT,0,192000,0.0,0.5,0.03847487001733102,1.3377622870655677
INTARIAN_PEPPER_ROOT,0,192400,0.0,0.0,0.03847487001733102,1.3377622870655677
INTARIAN_PEPPER_ROOT,0,192600,0.0,0.0,0.03847487001733102,1.3377622870655677
INTARIAN_PEPPER_ROOT,0,192800,0.0,2.0,0.03847487001733102,1.3377622870655677
INTARIAN_PEPPER_ROOT,0,193000,0.0,0.5,0.03847487001733102,1.3377622870655677
INTARIAN_PEPPER_ROOT,0,193300,0.0,1.5,0.03847487001733102,1.3377622870655677
INTARIAN_PEPPER_ROOT,0,194200,0.0,0.0,0.03847487001733102,1.3377622870655677
INTARIAN_PEPPER_ROOT,0,194300,0.0,-1.5,0.03847487001733102,1.3377622870655677
INTARIAN_PEPPER_ROOT,0,194700,0.0,0.0,0.03847487001733102,1.3377622870655677
INTARIAN_PEPPER_ROOT,0,195000,0.0,0.5,0.03847487001733102,1.3377622870655677
INTARIAN_PEPPER_ROOT,0,195200,0.0,0.0,0.03847487001733102,1.3377622870655677
INTARIAN_PEPPER_ROOT,0,195500,0.0,-1.5,0.03847487001733102,1.3377622870655677
INTARIAN_PEPPER_ROOT,0,196700,0.0,0.0,0.03847487001733102,1.3377622870655677
INTARIAN_PEPPER_ROOT,0,196800,0.0,0.0,0.03847487001733102,1.3377622870655677
INTARIAN_PEPPER_ROOT,0,197000,0.0,0.5,0.03847487001733102,1.3377622870655677
INTARIAN_PEPPER_ROOT,0,197200,0.0,0.0,0.03847487001733102,1.3377622870655677
INTARIAN_PEPPER_ROOT,0,197300,0.0,0.0,0.03847487001733102,1.3377622870655677
INTARIAN_PEPPER_ROOT,0,197400,0.0,1.5,0.03847487001733102,1.3377622870655677
INTARIAN_PEPPER_ROOT,0,197800,0.0,0.0,0.03847487001733102,1.3377622870655677
INTARIAN_PEPPER_ROOT,0,198300,0.0,0.0,0.03847487001733102,1.3377622870655677
INTARIAN_PEPPER_ROOT,0,198400,0.0,0.0,0.03847487001733102,1.3377622870655677
INTARIAN_PEPPER_ROOT,0,199000,0.0,0.5,0.03847487001733102,1.3377622870655677
INTARIAN_PEPPER_ROOT,0,199400,0.0,-1.5,0.03847487001733102,1.3377622870655677
INTARIAN_PEPPER_ROOT,0,200000,0.0,0.0,0.03847487001733102,1.3377622870655677
INTARIAN_PEPPER_ROOT,0,200200,0.0,0.0,0.03847487001733102,1.3377622870655677
INTARIAN_PEPPER_ROOT,0,200300,0.0,0.0,0.03847487001733102,1.3377622870655677
INTARIAN_PEPPER_ROOT,0,200400,0.0,1.5,0.03847487001733102,1.3377622870655677
INTARIAN_PEPPER_ROOT,0,200800,0.0,-1.5,0.03847487001733102,1.3377622870655677
INTARIAN_PEPPER_ROOT,0,201000,0.0,1.5,0.03847487001733102,1.3377622870655677
INTARIAN_PEPPER_ROOT,0,201200,0.0,0.0,0.03847487001733102,1.3377622870655677
INTARIAN_PEPPER_ROOT,0,201400,0.0,1.5,0.03847487001733102,1.3377622870655677
INTARIAN_PEPPER_ROOT,0,202300,0.0,0.0,0.03847487001733102,1.3377622870655677
INTARIAN_PEPPER_ROOT,0,202400,0.0,5.0,0.03847487001733102,1.3377622870655677
INTARIAN_PEPPER_ROOT,0,202600,0.0,0.0,0.03847487001733102,1.3377622870655677
INTARIAN_PEPPER_ROOT,0,202900,0.0,0.0,0.03847487001733102,1.3377622870655677
INTARIAN_PEPPER_ROOT,0,203000,0.0,0.0,0.03847487001733102,1.3377622870655677
INTARIAN_PEPPER_ROOT,0,203100,0.0,0.5,0.03847487001733102,1.3377622870655677
INTARIAN_PEPPER_ROOT,0,203200,0.0,0.0,0.03847487001733102,1.3377622870655677
INTARIAN_PEPPER_ROOT,0,203300,0.0,0.0,0.03847487001733102,1.3377622870655677
INTARIAN_PEPPER_ROOT,0,203500,0.0,1.5,0.03847487001733102,1.3377622870655677
INTARIAN_PEPPER_ROOT,0,203900,0.0,0.0,0.03847487001733102,1.3377622870655677
INTARIAN_PEPPER_ROOT,0,204000,0.0,0.0,0.03847487001733102,1.3377622870655677
INTARIAN_PEPPER_ROOT,0,204100,0.0,-1.0,0.03847487001733102,1.3377622870655677
INTARIAN_PEPPER_ROOT,0,204400,0.0,1.5,0.03847487001733102,1.3377622870655677
INTARIAN_PEPPER_ROOT,0,204700,0.0,-1.5,0.03847487001733102,1.3377622870655677
INTARIAN_PEPPER_ROOT,0,204900,0.0,0.0,0.03847487001733102,1.3377622870655677
INTARIAN_PEPPER_ROOT,0,205000,0.0,0.0,0.03847487001733102,1.3377622870655677
INTARIAN_PEPPER_ROOT,0,205400,0.0,0.0,0.03847487001733102,1.3377622870655677
INTARIAN_PEPPER_ROOT,0,205500,0.0,0.0,0.03847487001733102,1.3377622870655677
INTARIAN_PEPPER_ROOT,0,205600,0.0,-1.5,0.03847487001733102,1.3377622870655677
INTARIAN_PEPPER_ROOT,0,205800,0.0,0.5,0.03847487001733102,1.3377622870655677
INTARIAN_PEPPER_ROOT,0,205900,0.0,0.0,0.03847487001733102,1.3377622870655677
INTARIAN_PEPPER_ROOT,0,206000,0.0,0.0,0.03847487001733102,1.3377622870655677
INTARIAN_PEPPER_ROOT,0,206100,0.0,0.5,0.03847487001733102,1.3377622870655677
INTARIAN_PEPPER_ROOT,0,206700,0.0,0.0,0.03847487001733102,1.3377622870655677
INTARIAN_PEPPER_ROOT,0,207400,0.0,0.0,0.03847487001733102,1.3377622870655677
INTARIAN_PEPPER_ROOT,0,207500,0.0,0.0,0.03847487001733102,1.3377622870655677
INTARIAN_PEPPER_ROOT,0,207600,0.0,-1.5,0.03847487001733102,1.3377622870655677
INTARIAN_PEPPER_ROOT,0,208100,0.0,-1.0,0.03847487001733102,1.3377622870655677
INTARIAN_PEPPER_ROOT,0,208800,0.0,0.5,0.03847487001733102,1.3377622870655677
INTARIAN_PEPPER_ROOT,0,209100,0.0,0.5,0.03847487001733102,1.3377622870655677
INTARIAN_PEPPER_ROOT,0,209500,0.0,0.0,0.03847487001733102,1.3377622870655677
INTARIAN_PEPPER_ROOT,0,209600,0.0,0.0,0.03847487001733102,1.3377622870655677
INTARIAN_PEPPER_ROOT,0,209700,0.0,0.0,0.03847487001733102,1.3377622870655677
INTARIAN_PEPPER_ROOT,0,210100,0.0,0.5,0.03847487001733102,1.3377622870655677
INTARIAN_PEPPER_ROOT,0,210400,0.0,1.5,0.03847487001733102,1.3377622870655677
INTARIAN_PEPPER_ROOT,0,210600,0.0,0.0,0.03847487001733102,1.3377622870655677
INTARIAN_PEPPER_ROOT,0,210700,0.0,0.0,0.03847487001733102,1.3377622870655677
INTARIAN_PEPPER_ROOT,0,210800,0.0,0.5,0.03847487001733102,1.3377622870655677
INTARIAN_PEPPER_ROOT,0,211000,0.0,0.0,0.03847487001733102,1.3377622870655677
INTARIAN_PEPPER_ROOT,0,211100,0.0,0.5,0.03847487001733102,1.3377622870655677
INTARIAN_PEPPER_ROOT,0,211200,0.0,0.0,0.03847487001733102,1.3377622870655677
INTARIAN_PEPPER_ROOT,0,211300,0.0,1.5,0.03847487001733102,1.3377622870655677
INTARIAN_PEPPER_ROOT,0,211700,0.0,0.0,0.03847487001733102,1.3377622870655677
INTARIAN_PEPPER_ROOT,0,211800,0.0,-1.0,0.03847487001733102,1.3377622870655677
INTARIAN_PEPPER_ROOT,0,212100,0.0,0.5,0.03847487001733102,1.3377622870655677
INTARIAN_PEPPER_ROOT,0,212600,0.0,0.0,0.03847487001733102,1.3377622870655677
INTARIAN_PEPPER_ROOT,0,212700,0.0,0.0,0.03847487001733102,1.3377622870655677
INTARIAN_PEPPER_ROOT,0,213600,0.0,1.5,0.03847487001733102,1.3377622870655677
INTARIAN_PEPPER_ROOT,0,214100,0.0,0.5,0.03847487001733102,1.3377622870655677
INTARIAN_PEPPER_ROOT,0,214200,0.0,0.0,0.03847487001733102,1.3377622870655677
INTARIAN_PEPPER_ROOT,0,214300,0.0,0.0,0.03847487001733102,1.3377622870655677
INTARIAN_PEPPER_ROOT,0,214400,0.0,0.0,0.03847487001733102,1.3377622870655677
INTARIAN_PEPPER_ROOT,0,214600,0.0,-1.5,0.03847487001733102,1.3377622870655677
INTARIAN_PEPPER_ROOT,0,214800,0.0,0.5,0.03847487001733102,1.3377622870655677
INTARIAN_PEPPER_ROOT,0,215800,0.0,0.5,0.03847487001733102,1.3377622870655677
INTARIAN_PEPPER_ROOT,0,216200,0.0,0.0,0.03847487001733102,1.3377622870655677
INTARIAN_PEPPER_ROOT,0,216400,0.0,0.0,0.03847487001733102,1.3377622870655677
INTARIAN_PEPPER_ROOT,0,216500,0.0,-5.5,0.03847487001733102,1.3377622870655677
INTARIAN_PEPPER_ROOT,0,216700,0.0,0.0,0.03847487001733102,1.3377622870655677
INTARIAN_PEPPER_ROOT,0,216800,0.0,0.5,0.03847487001733102,1.3377622870655677
INTARIAN_PEPPER_ROOT,0,217100,0.0,5.0,0.03847487001733102,1.3377622870655677
INTARIAN_PEPPER_ROOT,0,217400,0.0,0.0,0.03847487001733102,1.3377622870655677
INTARIAN_PEPPER_ROOT,0,217500,0.0,0.0,0.03847487001733102,1.3377622870655677
INTARIAN_PEPPER_ROOT,0,217800,0.0,0.5,0.03847487001733102,1.3377622870655677
INTARIAN_PEPPER_ROOT,0,218200,0.0,0.0,0.03847487001733102,1.3377622870655677
INTARIAN_PEPPER_ROOT,0,218300,0.0,0.0,0.03847487001733102,1.3377622870655677
INTARIAN_PEPPER_ROOT,0,219000,0.0,0.0,0.03847487001733102,1.3377622870655677
INTARIAN_PEPPER_ROOT,0,219100,0.0,0.5,0.03847487001733102,1.3377622870655677
INTARIAN_PEPPER_ROOT,0,219200,0.0,0.0,0.03847487001733102,1.3377622870655677
INTARIAN_PEPPER_ROOT,0,219300,0.0,0.0,0.03847487001733102,1.3377622870655677
INTARIAN_PEPPER_ROOT,0,219400,0.0,0.0,0.03847487001733102,1.3377622870655677
INTARIAN_PEPPER_ROOT,0,219500,0.0,0.0,0.03847487001733102,1.3377622870655677
INTARIAN_PEPPER_ROOT,0,219600,0.0,0.0,0.03847487001733102,1.3377622870655677
INTARIAN_PEPPER_ROOT,0,220000,0.0,-1.5,0.03847487001733102,1.3377622870655677
INTARIAN_PEPPER_ROOT,0,220300,0.0,0.0,0.03847487001733102,1.3377622870655677
INTARIAN_PEPPER_ROOT,0,220800,0.0,2.0,0.03847487001733102,1.3377622870655677
INTARIAN_PEPPER_ROOT,0,221500,0.0,0.0,0.03847487001733102,1.3377622870655677
INTARIAN_PEPPER_ROOT,0,221600,0.0,-1.5,0.03847487001733102,1.3377622870655677
INTARIAN_PEPPER_ROOT,0,221900,0.0,0.0,0.03847487001733102,1.3377622870655677
INTARIAN_PEPPER_ROOT,0,222000,0.0,0.0,0.03847487001733102,1.3377622870655677
INTARIAN_PEPPER_ROOT,0,222100,0.0,0.5,0.03847487001733102,1.3377622870655677
INTARIAN_PEPPER_ROOT,0,222200,0.0,0.0,0.03847487001733102,1.3377622870655677
INTARIAN_PEPPER_ROOT,0,222700,0.0,0.0,0.03847487001733102,1.3377622870655677
INTARIAN_PEPPER_ROOT,0,222900,0.0,-1.5,0.03847487001733102,1.3377622870655677
INTARIAN_PEPPER_ROOT,0,223100,0.0,0.5,0.03847487001733102,1.3377622870655677
INTARIAN_PEPPER_ROOT,0,223200,0.0,0.0,0.03847487001733102,1.3377622870655677
INTARIAN_PEPPER_ROOT,0,223300,0.0,0.0,0.03847487001733102,1.3377622870655677
INTARIAN_PEPPER_ROOT,0,223400,0.0,1.5,0.03847487001733102,1.3377622870655677
INTARIAN_PEPPER_ROOT,0,223900,0.0,0.0,0.03847487001733102,1.3377622870655677
INTARIAN_PEPPER_ROOT,0,224000,0.0,0.0,0.03847487001733102,1.3377622870655677
INTARIAN_PEPPER_ROOT,0,224200,0.0,0.0,0.03847487001733102,1.3377622870655677
INTARIAN_PEPPER_ROOT,0,224300,0.0,0.0,0.03847487001733102,1.3377622870655677
INTARIAN_PEPPER_ROOT,0,224400,0.0,-1.5,0.03847487001733102,1.3377622870655677
INTARIAN_PEPPER_ROOT,0,225100,0.0,0.5,0.03847487001733102,1.3377622870655677
INTARIAN_PEPPER_ROOT,0,226400,0.0,0.0,0.03847487001733102,1.3377622870655677
INTARIAN_PEPPER_ROOT,0,226700,0.0,0.0,0.03847487001733102,1.3377622870655677
INTARIAN_PEPPER_ROOT,0,227000,0.0,0.0,0.03847487001733102,1.3377622870655677
INTARIAN_PEPPER_ROOT,0,227100,0.0,0.5,0.03847487001733102,1.3377622870655677
INTARIAN_PEPPER_ROOT,0,227500,0.0,0.0,0.03847487001733102,1.3377622870655677
INTARIAN_PEPPER_ROOT,0,227600,0.0,1.5,0.03847487001733102,1.3377622870655677
INTARIAN_PEPPER_ROOT,0,228600,0.0,0.0,0.03847487001733102,1.3377622870655677
INTARIAN_PEPPER_ROOT,0,228700,0.0,0.0,0.03847487001733102,1.3377622870655677
INTARIAN_PEPPER_ROOT,0,228800,0.0,0.5,0.03847487001733102,1.3377622870655677
INTARIAN_PEPPER_ROOT,0,229100,0.0,0.5,0.03847487001733102,1.3377622870655677
INTARIAN_PEPPER_ROOT,0,229200,0.0,0.0,0.03847487001733102,1.3377622870655677
INTARIAN_PEPPER_ROOT,0,229300,0.0,0.0,0.03847487001733102,1.3377622870655677
INTARIAN_PEPPER_ROOT,0,229900,0.0,0.0,0.03847487001733102,1.3377622870655677
INTARIAN_PEPPER_ROOT,0,230000,0.0,-1.5,0.03847487001733102,1.3377622870655677
INTARIAN_PEPPER_ROOT,0,230500,0.0,0.0,0.03847487001733102,1.3377622870655677
INTARIAN_PEPPER_ROOT,0,230900,0.0,0.0,0.03847487001733102,1.3377622870655677
INTARIAN_PEPPER_ROOT,0,231000,0.0,1.5,0.03847487001733102,1.3377622870655677
INTARIAN_PEPPER_ROOT,0,231200,0.0,0.0,0.03847487001733102,1.3377622870655677
INTARIAN_PEPPER_ROOT,0,231300,0.0,1.5,0.03847487001733102,1.3377622870655677
INTARIAN_PEPPER_ROOT,0,232000,0.0,0.0,0.03847487001733102,1.3377622870655677
INTARIAN_PEPPER_ROOT,0,232100,0.0,0.5,0.03847487001733102,1.3377622870655677
INTARIAN_PEPPER_ROOT,0,232400,0.0,-1.5,0.03847487001733102,1.3377622870655677
INTARIAN_PEPPER_ROOT,0,232800,0.0,2.0,0.03847487001733102,1.3377622870655677
INTARIAN_PEPPER_ROOT,0,233200,0.0,1.5,0.03847487001733102,1.3377622870655677
INTARIAN_PEPPER_ROOT,0,233500,0.0,0.0,0.03847487001733102,1.3377622870655677
INTARIAN_PEPPER_ROOT,0,233700,0.0,0.0,0.03847487001733102,1.3377622870655677
INTARIAN_PEPPER_ROOT,0,234100,0.0,3.5,0.03847487001733102,1.3377622870655677
INTARIAN_PEPPER_ROOT,0,234300,0.0,0.0,0.03847487001733102,1.3377622870655677
INTARIAN_PEPPER_ROOT,0,234600,0.0,0.0,0.03847487001733102,1.3377622870655677
INTARIAN_PEPPER_ROOT,0,234800,0.0,-1.0,0.03847487001733102,1.3377622870655677
INTARIAN_PEPPER_ROOT,0,235000,0.0,0.0,0.03847487001733102,1.3377622870655677
INTARIAN_PEPPER_ROOT,0,235100,0.0,-1.0,0.03847487001733102,1.3377622870655677
INTARIAN_PEPPER_ROOT,0,235700,0.0,-1.5,0.03847487001733102,1.3377622870655677
INTARIAN_PEPPER_ROOT,0,236100,0.0,0.5,0.03847487001733102,1.3377622870655677
INTARIAN_PEPPER_ROOT,0,236200,0.0,1.5,0.03847487001733102,1.3377622870655677
INTARIAN_PEPPER_ROOT,0,236700,0.0,0.0,0.03847487001733102,1.3377622870655677
INTARIAN_PEPPER_ROOT,0,236800,0.0,0.5,0.03847487001733102,1.3377622870655677
INTARIAN_PEPPER_ROOT,0,236900,0.0,0.0,0.03847487001733102,1.3377622870655677
INTARIAN_PEPPER_ROOT,0,237000,0.0,1.5,0.03847487001733102,1.3377622870655677
INTARIAN_PEPPER_ROOT,0,237600,0.0,0.0,0.03847487001733102,1.3377622870655677
INTARIAN_PEPPER_ROOT,0,238000,0.0,0.0,0.03847487001733102,1.3377622870655677
INTARIAN_PEPPER_ROOT,0,238100,0.0,2.0,0.03847487001733102,1.3377622870655677
INTARIAN_PEPPER_ROOT,0,238300,0.0,0.0,0.03847487001733102,1.3377622870655677
INTARIAN_PEPPER_ROOT,0,238400,0.0,0.0,0.03847487001733102,1.3377622870655677
INTARIAN_PEPPER_ROOT,0,238800,0.0,0.5,0.03847487001733102,1.3377622870655677
INTARIAN_PEPPER_ROOT,0,238900,0.0,0.0,0.03847487001733102,1.3377622870655677
INTARIAN_PEPPER_ROOT,0,239000,0.0,1.5,0.03847487001733102,1.3377622870655677
INTARIAN_PEPPER_ROOT,0,239300,0.0,-1.5,0.03847487001733102,1.3377622870655677
INTARIAN_PEPPER_ROOT,0,239800,0.0,0.5,0.03847487001733102,1.3377622870655677
INTARIAN_PEPPER_ROOT,0,239900,0.0,0.0,0.03847487001733102,1.3377622870655677
INTARIAN_PEPPER_ROOT,0,240000,0.0,0.0,0.03847487001733102,1.3377622870655677
INTARIAN_PEPPER_ROOT,0,240200,0.0,1.5,0.03847487001733102,1.3377622870655677
INTARIAN_PEPPER_ROOT,0,240800,0.0,2.0,0.03847487001733102,1.3377622870655677
INTARIAN_PEPPER_ROOT,0,241200,0.0,0.0,0.03847487001733102,1.3377622870655677
INTARIAN_PEPPER_ROOT,0,241600,0.0,0.0,0.03847487001733102,1.3377622870655677
INTARIAN_PEPPER_ROOT,0,241700,0.0,0.0,0.03847487001733102,1.3377622870655677
INTARIAN_PEPPER_ROOT,0,241900,0.0,0.0,0.03847487001733102,1.3377622870655677
INTARIAN_PEPPER_ROOT,0,242000,0.0,6.5,0.03847487001733102,1.3377622870655677
INTARIAN_PEPPER_ROOT,0,242400,0.0,-1.5,0.03847487001733102,1.3377622870655677
INTARIAN_PEPPER_ROOT,0,242700,0.0,0.0,0.03847487001733102,1.3377622870655677
INTARIAN_PEPPER_ROOT,0,242800,0.0,-1.0,0.03847487001733102,1.3377622870655677
INTARIAN_PEPPER_ROOT,0,243100,0.0,2.0,0.03847487001733102,1.3377622870655677
INTARIAN_PEPPER_ROOT,0,243300,0.0,0.0,0.03847487001733102,1.3377622870655677
INTARIAN_PEPPER_ROOT,0,243400,0.0,0.0,0.03847487001733102,1.3377622870655677
INTARIAN_PEPPER_ROOT,0,243500,0.0,0.0,0.03847487001733102,1.3377622870655677
INTARIAN_PEPPER_ROOT,0,243600,0.0,0.0,0.03847487001733102,1.3377622870655677
INTARIAN_PEPPER_ROOT,0,243900,0.0,1.5,0.03847487001733102,1.3377622870655677
INTARIAN_PEPPER_ROOT,0,244100,0.0,0.5,0.03847487001733102,1.3377622870655677
INTARIAN_PEPPER_ROOT,0,244500,0.0,0.0,0.03847487001733102,1.3377622870655677
INTARIAN_PEPPER_ROOT,0,244600,0.0,1.5,0.03847487001733102,1.3377622870655677
INTARIAN_PEPPER_ROOT,0,245100,0.0,2.0,0.03847487001733102,1.3377622870655677
INTARIAN_PEPPER_ROOT,0,245300,0.0,0.0,0.03847487001733102,1.3377622870655677
INTARIAN_PEPPER_ROOT,0,246400,0.0,0.0,0.03847487001733102,1.3377622870655677
INTARIAN_PEPPER_ROOT,0,246700,0.0,2.0,0.03847487001733102,1.3377622870655677
INTARIAN_PEPPER_ROOT,0,247000,0.0,0.0,0.03847487001733102,1.3377622870655677
INTARIAN_PEPPER_ROOT,0,247100,0.0,0.5,0.03847487001733102,1.3377622870655677
INTARIAN_PEPPER_ROOT,0,247200,0.0,-1.5,0.03847487001733102,1.3377622870655677
INTARIAN_PEPPER_ROOT,0,248000,0.0,-1.5,0.03847487001733102,1.3377622870655677
INTARIAN_PEPPER_ROOT,0,248200,0.0,-1.5,0.03847487001733102,1.3377622870655677
INTARIAN_PEPPER_ROOT,0,248600,0.0,0.0,0.03847487001733102,1.3377622870655677
INTARIAN_PEPPER_ROOT,0,248700,0.0,0.0,0.03847487001733102,1.3377622870655677
INTARIAN_PEPPER_ROOT,0,248800,0.0,0.5,0.03847487001733102,1.3377622870655677
INTARIAN_PEPPER_ROOT,0,248900,0.0,0.0,0.03847487001733102,1.3377622870655677
INTARIAN_PEPPER_ROOT,0,249600,0.0,-1.5,0.03847487001733102,1.3377622870655677
INTARIAN_PEPPER_ROOT,0,249800,0.0,0.5,0.03847487001733102,1.3377622870655677
INTARIAN_PEPPER_ROOT,0,249900,0.0,-1.5,0.03847487001733102,1.3377622870655677
INTARIAN_PEPPER_ROOT,0,250100,0.0,2.0,0.03847487001733102,1.3377622870655677
INTARIAN_PEPPER_ROOT,0,251100,0.0,2.0,0.03847487001733102,1.3377622870655677
INTARIAN_PEPPER_ROOT,0,251300,0.0,0.0,0.03847487001733102,1.3377622870655677
INTARIAN_PEPPER_ROOT,0,251400,0.0,0.0,0.03847487001733102,1.3377622870655677
INTARIAN_PEPPER_ROOT,0,251700,0.0,5.0,0.03847487001733102,1.3377622870655677
INTARIAN_PEPPER_ROOT,0,251900,0.0,0.0,0.03847487001733102,1.3377622870655677
INTARIAN_PEPPER_ROOT,0,252200,0.0,-1.5,0.03847487001733102,1.3377622870655677
INTARIAN_PEPPER_ROOT,0,252400,0.0,0.0,0.03847487001733102,1.3377622870655677
INTARIAN_PEPPER_ROOT,0,252800,0.0,0.5,0.03847487001733102,1.3377622870655677
INTARIAN_PEPPER_ROOT,0,253300,0.0,0.0,0.03847487001733102,1.3377622870655677
INTARIAN_PEPPER_ROOT,0,253500,0.0,0.0,0.03847487001733102,1.3377622870655677
INTARIAN_PEPPER_ROOT,0,254100,0.0,0.5,0.03847487001733102,1.3377622870655677
INTARIAN_PEPPER_ROOT,0,254400,0.0,0.0,0.03847487001733102,1.3377622870655677
INTARIAN_PEPPER_ROOT,0,254700,0.0,0.0,0.03847487001733102,1.3377622870655677
INTARIAN_PEPPER_ROOT,0,255500,0.0,1.5,0.03847487001733102,1.3377622870655677
INTARIAN_PEPPER_ROOT,0,256600,0.0,0.0,0.03847487001733102,1.3377622870655677
INTARIAN_PEPPER_ROOT,0,256700,0.0,1.5,0.03847487001733102,1.3377622870655677
INTARIAN_PEPPER_ROOT,0,257000,0.0,5.0,0.03847487001733102,1.3377622870655677
INTARIAN_PEPPER_ROOT,0,257200,0.0,0.0,0.03847487001733102,1.3377622870655677
INTARIAN_PEPPER_ROOT,0,257400,0.0,0.0,0.03847487001733102,1.3377622870655677
INTARIAN_PEPPER_ROOT,0,258000,0.0,-1.5,0.03847487001733102,1.3377622870655677
INTARIAN_PEPPER_ROOT,0,258200,0.0,0.0,0.03847487001733102,1.3377622870655677
INTARIAN_PEPPER_ROOT,0,259000,0.0,0.0,0.03847487001733102,1.3377622870655677
INTARIAN_PEPPER_ROOT,0,259100,0.0,0.5,0.03847487001733102,1.3377622870655677
INTARIAN_PEPPER_ROOT,0,259200,0.0,0.0,0.03847487001733102,1.3377622870655677
INTARIAN_PEPPER_ROOT,0,259300,0.0,0.0,0.03847487001733102,1.3377622870655677
INTARIAN_PEPPER_ROOT,0,259400,0.0,1.5,0.03847487001733102,1.3377622870655677
INTARIAN_PEPPER_ROOT,0,259600,0.0,0.0,0.03847487001733102,1.3377622870655677
INTARIAN_PEPPER_ROOT,0,259800,0.0,0.5,0.03847487001733102,1.3377622870655677
INTARIAN_PEPPER_ROOT,0,260000,0.0,1.5,0.03847487001733102,1.3377622870655677
INTARIAN_PEPPER_ROOT,0,260500,0.0,0.0,0.03847487001733102,1.3377622870655677
INTARIAN_PEPPER_ROOT,0,260800,0.0,-1.0,0.03847487001733102,1.3377622870655677
INTARIAN_PEPPER_ROOT,0,261000,0.0,1.5,0.03847487001733102,1.3377622870655677
INTARIAN_PEPPER_ROOT,0,261200,0.0,0.0,0.03847487001733102,1.3377622870655677
INTARIAN_PEPPER_ROOT,0,261900,0.0,0.0,0.03847487001733102,1.3377622870655677
INTARIAN_PEPPER_ROOT,0,262200,0.0,0.0,0.03847487001733102,1.3377622870655677
INTARIAN_PEPPER_ROOT,0,262400,0.0,1.5,0.03847487001733102,1.3377622870655677
INTARIAN_PEPPER_ROOT,0,262600,0.0,0.0,0.03847487001733102,1.3377622870655677
INTARIAN_PEPPER_ROOT,0,262700,0.0,0.0,0.03847487001733102,1.3377622870655677
INTARIAN_PEPPER_ROOT,0,263100,0.0,2.0,0.03847487001733102,1.3377622870655677
INTARIAN_PEPPER_ROOT,0,263300,0.0,0.0,0.03847487001733102,1.3377622870655677
INTARIAN_PEPPER_ROOT,0,263400,0.0,0.0,0.03847487001733102,1.3377622870655677
INTARIAN_PEPPER_ROOT,0,263700,0.0,0.0,0.03847487001733102,1.3377622870655677
INTARIAN_PEPPER_ROOT,0,263800,0.0,0.5,0.03847487001733102,1.3377622870655677
INTARIAN_PEPPER_ROOT,0,263900,0.0,0.0,0.03847487001733102,1.3377622870655677
INTARIAN_PEPPER_ROOT,0,264000,0.0,0.0,0.03847487001733102,1.3377622870655677
INTARIAN_PEPPER_ROOT,0,264100,0.0,0.5,0.03847487001733102,1.3377622870655677
INTARIAN_PEPPER_ROOT,0,264200,0.0,0.0,0.03847487001733102,1.3377622870655677
INTARIAN_PEPPER_ROOT,0,265000,0.0,0.0,0.03847487001733102,1.3377622870655677
INTARIAN_PEPPER_ROOT,0,265300,0.0,1.5,0.03847487001733102,1.3377622870655677
INTARIAN_PEPPER_ROOT,0,265800,0.0,-5.0,0.03847487001733102,1.3377622870655677
INTARIAN_PEPPER_ROOT,0,266300,0.0,1.5,0.03847487001733102,1.3377622870655677
INTARIAN_PEPPER_ROOT,0,266900,0.0,-1.5,0.03847487001733102,1.3377622870655677
INTARIAN_PEPPER_ROOT,0,267100,0.0,0.5,0.03847487001733102,1.3377622870655677
INTARIAN_PEPPER_ROOT,0,267200,0.0,1.5,0.03847487001733102,1.3377622870655677
INTARIAN_PEPPER_ROOT,0,267700,0.0,0.0,0.03847487001733102,1.3377622870655677
INTARIAN_PEPPER_ROOT,0,267800,0.0,0.5,0.03847487001733102,1.3377622870655677
INTARIAN_PEPPER_ROOT,0,267900,0.0,1.5,0.03847487001733102,1.3377622870655677
INTARIAN_PEPPER_ROOT,0,268300,0.0,1.5,0.03847487001733102,1.3377622870655677
INTARIAN_PEPPER_ROOT,0,268700,0.0,0.0,0.03847487001733102,1.3377622870655677
INTARIAN_PEPPER_ROOT,0,268900,0.0,0.0,0.03847487001733102,1.3377622870655677
INTARIAN_PEPPER_ROOT,0,269000,0.0,0.0,0.03847487001733102,1.3377622870655677
INTARIAN_PEPPER_ROOT,0,269100,0.0,-1.5,0.03847487001733102,1.3377622870655677
INTARIAN_PEPPER_ROOT,0,269400,0.0,0.0,0.03847487001733102,1.3377622870655677
INTARIAN_PEPPER_ROOT,0,269600,0.0,0.0,0.03847487001733102,1.3377622870655677
INTARIAN_PEPPER_ROOT,0,270300,0.0,0.0,0.03847487001733102,1.3377622870655677
INTARIAN_PEPPER_ROOT,0,270400,0.0,0.0,0.03847487001733102,1.3377622870655677
INTARIAN_PEPPER_ROOT,0,270500,0.0,1.5,0.03847487001733102,1.3377622870655677
INTARIAN_PEPPER_ROOT,0,271000,0.0,0.0,0.03847487001733102,1.3377622870655677
INTARIAN_PEPPER_ROOT,0,271400,0.0,0.0,0.03847487001733102,1.3377622870655677
INTARIAN_PEPPER_ROOT,0,271500,0.0,-1.5,0.03847487001733102,1.3377622870655677
INTARIAN_PEPPER_ROOT,0,272100,0.0,2.0,0.03847487001733102,1.3377622870655677
INTARIAN_PEPPER_ROOT,0,272600,0.0,0.0,0.03847487001733102,1.3377622870655677
INTARIAN_PEPPER_ROOT,0,272700,0.0,-1.5,0.03847487001733102,1.3377622870655677
INTARIAN_PEPPER_ROOT,0,273300,0.0,1.5,0.03847487001733102,1.3377622870655677
INTARIAN_PEPPER_ROOT,0,273400,0.0,-1.5,0.03847487001733102,1.3377622870655677
INTARIAN_PEPPER_ROOT,0,274500,0.0,1.5,0.03847487001733102,1.3377622870655677
INTARIAN_PEPPER_ROOT,0,274700,0.0,0.0,0.03847487001733102,1.3377622870655677
INTARIAN_PEPPER_ROOT,0,274900,0.0,0.0,0.03847487001733102,1.3377622870655677
INTARIAN_PEPPER_ROOT,0,276000,0.0,0.0,0.03847487001733102,1.3377622870655677
INTARIAN_PEPPER_ROOT,0,277000,0.0,1.5,0.03847487001733102,1.3377622870655677
INTARIAN_PEPPER_ROOT,0,277500,0.0,0.0,0.03847487001733102,1.3377622870655677
INTARIAN_PEPPER_ROOT,0,277900,0.0,0.0,0.03847487001733102,1.3377622870655677
INTARIAN_PEPPER_ROOT,0,278000,0.0,-1.5,0.03847487001733102,1.3377622870655677
INTARIAN_PEPPER_ROOT,0,278400,0.0,0.0,0.03847487001733102,1.3377622870655677
INTARIAN_PEPPER_ROOT,0,278500,0.0,0.0,0.03847487001733102,1.3377622870655677
INTARIAN_PEPPER_ROOT,0,278600,0.0,0.0,0.03847487001733102,1.3377622870655677
INTARIAN_PEPPER_ROOT,0,278700,0.0,0.0,0.03847487001733102,1.3377622870655677
INTARIAN_PEPPER_ROOT,0,278900,0.0,0.0,0.03847487001733102,1.3377622870655677
INTARIAN_PEPPER_ROOT,0,279000,0.0,0.0,0.03847487001733102,1.3377622870655677
INTARIAN_PEPPER_ROOT,0,279700,0.0,2.0,0.03847487001733102,1.3377622870655677
INTARIAN_PEPPER_ROOT,0,280000,0.0,0.0,0.03847487001733102,1.3377622870655677
INTARIAN_PEPPER_ROOT,0,280300,0.0,0.0,0.03847487001733102,1.3377622870655677
INTARIAN_PEPPER_ROOT,0,280500,0.0,-5.5,0.03847487001733102,1.3377622870655677
INTARIAN_PEPPER_ROOT,0,280700,0.0,-1.5,0.03847487001733102,1.3377622870655677
INTARIAN_PEPPER_ROOT,0,281400,0.0,1.5,0.03847487001733102,1.3377622870655677
INTARIAN_PEPPER_ROOT,0,281600,0.0,-1.5,0.03847487001733102,1.3377622870655677
INTARIAN_PEPPER_ROOT,0,282300,0.0,0.0,0.03847487001733102,1.3377622870655677
INTARIAN_PEPPER_ROOT,0,282400,0.0,0.0,0.03847487001733102,1.3377622870655677
INTARIAN_PEPPER_ROOT,0,282500,0.0,6.5,0.03847487001733102,1.3377622870655677
INTARIAN_PEPPER_ROOT,0,283000,0.0,0.0,0.03847487001733102,1.3377622870655677
INTARIAN_PEPPER_ROOT,0,283500,0.0,0.0,0.03847487001733102,1.3377622870655677
INTARIAN_PEPPER_ROOT,0,283700,0.0,0.0,0.03847487001733102,1.3377622870655677
INTARIAN_PEPPER_ROOT,0,284300,0.0,0.0,0.03847487001733102,1.3377622870655677
INTARIAN_PEPPER_ROOT,0,284400,0.0,0.0,0.03847487001733102,1.3377622870655677
INTARIAN_PEPPER_ROOT,0,284500,0.0,0.0,0.03847487001733102,1.3377622870655677
INTARIAN_PEPPER_ROOT,0,284600,0.0,0.0,0.03847487001733102,1.3377622870655677
INTARIAN_PEPPER_ROOT,0,285100,0.0,0.5,0.03847487001733102,1.3377622870655677
INTARIAN_PEPPER_ROOT,0,285300,0.0,1.5,0.03847487001733102,1.3377622870655677
INTARIAN_PEPPER_ROOT,0,285500,0.0,0.0,0.03847487001733102,1.3377622870655677
INTARIAN_PEPPER_ROOT,0,285600,0.0,0.0,0.03847487001733102,1.3377622870655677
INTARIAN_PEPPER_ROOT,0,285700,0.0,2.0,0.03847487001733102,1.3377622870655677
INTARIAN_PEPPER_ROOT,0,286300,0.0,1.5,0.03847487001733102,1.3377622870655677
INTARIAN_PEPPER_ROOT,0,286500,0.0,0.0,0.03847487001733102,1.3377622870655677
INTARIAN_PEPPER_ROOT,0,286600,0.0,1.5,0.03847487001733102,1.3377622870655677
INTARIAN_PEPPER_ROOT,0,286900,0.0,-1.5,0.03847487001733102,1.3377622870655677
INTARIAN_PEPPER_ROOT,0,287100,0.0,0.5,0.03847487001733102,1.3377622870655677
INTARIAN_PEPPER_ROOT,0,287300,0.0,-1.5,0.03847487001733102,1.3377622870655677
INTARIAN_PEPPER_ROOT,0,287700,0.0,2.0,0.03847487001733102,1.3377622870655677
INTARIAN_PEPPER_ROOT,0,287900,0.0,-1.5,0.03847487001733102,1.3377622870655677
INTARIAN_PEPPER_ROOT,0,288300,0.0,0.0,0.03847487001733102,1.3377622870655677
INTARIAN_PEPPER_ROOT,0,288400,0.0,0.0,0.03847487001733102,1.3377622870655677
INTARIAN_PEPPER_ROOT,0,288600,0.0,-1.5,0.03847487001733102,1.3377622870655677
INTARIAN_PEPPER_ROOT,0,288900,0.0,1.5,0.03847487001733102,1.3377622870655677
INTARIAN_PEPPER_ROOT,0,289100,0.0,0.5,0.03847487001733102,1.3377622870655677
INTARIAN_PEPPER_ROOT,0,289600,0.0,0.0,0.03847487001733102,1.3377622870655677
INTARIAN_PEPPER_ROOT,0,289700,0.0,-1.5,0.03847487001733102,1.3377622870655677
INTARIAN_PEPPER_ROOT,0,290400,0.0,1.5,0.03847487001733102,1.3377622870655677
INTARIAN_PEPPER_ROOT,0,290600,0.0,0.0,0.03847487001733102,1.3377622870655677
INTARIAN_PEPPER_ROOT,0,290700,0.0,0.5,0.03847487001733102,1.3377622870655677
INTARIAN_PEPPER_ROOT,0,291100,0.0,0.5,0.03847487001733102,1.3377622870655677
INTARIAN_PEPPER_ROOT,0,291300,0.0,0.0,0.03847487001733102,1.3377622870655677
INTARIAN_PEPPER_ROOT,0,291600,0.0,0.0,0.03847487001733102,1.3377622870655677
INTARIAN_PEPPER_ROOT,0,291700,0.0,2.0,0.03847487001733102,1.3377622870655677
INTARIAN_PEPPER_ROOT,0,292000,0.0,0.0,0.03847487001733102,1.3377622870655677
INTARIAN_PEPPER_ROOT,0,292300,0.0,5.0,0.03847487001733102,1.3377622870655677
INTARIAN_PEPPER_ROOT,0,292500,0.0,0.0,0.03847487001733102,1.3377622870655677
INTARIAN_PEPPER_ROOT,0,292700,0.0,0.0,0.03847487001733102,1.3377622870655677
INTARIAN_PEPPER_ROOT,0,293300,0.0,1.5,0.03847487001733102,1.3377622870655677
INTARIAN_PEPPER_ROOT,0,294300,0.0,0.0,0.03847487001733102,1.3377622870655677
INTARIAN_PEPPER_ROOT,0,294400,0.0,0.0,0.03847487001733102,1.3377622870655677
INTARIAN_PEPPER_ROOT,0,294500,0.0,0.0,0.03847487001733102,1.3377622870655677
INTARIAN_PEPPER_ROOT,0,294600,0.0,-1.5,0.03847487001733102,1.3377622870655677
INTARIAN_PEPPER_ROOT,0,295100,0.0,0.5,0.03847487001733102,1.3377622870655677
INTARIAN_PEPPER_ROOT,0,295300,0.0,-1.5,0.03847487001733102,1.3377622870655677
INTARIAN_PEPPER_ROOT,0,296400,0.0,0.0,0.03847487001733102,1.3377622870655677
INTARIAN_PEPPER_ROOT,0,296500,0.0,0.0,0.03847487001733102,1.3377622870655677
INTARIAN_PEPPER_ROOT,0,297400,0.0,0.0,0.03847487001733102,1.3377622870655677
INTARIAN_PEPPER_ROOT,0,298100,0.0,0.5,0.03847487001733102,1.3377622870655677
INTARIAN_PEPPER_ROOT,0,298300,0.0,-1.5,0.03847487001733102,1.3377622870655677
INTARIAN_PEPPER_ROOT,0,298500,0.0,0.0,0.03847487001733102,1.3377622870655677
INTARIAN_PEPPER_ROOT,0,298600,0.0,0.0,0.03847487001733102,1.3377622870655677
INTARIAN_PEPPER_ROOT,0,298700,0.0,0.0,0.03847487001733102,1.3377622870655677
INTARIAN_PEPPER_ROOT,0,299000,0.0,0.0,0.03847487001733102,1.3377622870655677
INTARIAN_PEPPER_ROOT,0,299100,0.0,0.5,0.03847487001733102,1.3377622870655677
INTARIAN_PEPPER_ROOT,0,300100,0.0,0.5,0.03847487001733102,1.3377622870655677
INTARIAN_PEPPER_ROOT,0,300600,0.0,0.0,0.03847487001733102,1.3377622870655677
INTARIAN_PEPPER_ROOT,0,300700,0.0,0.0,0.03847487001733102,1.3377622870655677
INTARIAN_PEPPER_ROOT,0,300900,0.0,0.0,0.03847487001733102,1.3377622870655677
INTARIAN_PEPPER_ROOT,0,301300,0.0,0.0,0.03847487001733102,1.3377622870655677
INTARIAN_PEPPER_ROOT,0,301400,0.0,0.0,0.03847487001733102,1.3377622870655677
INTARIAN_PEPPER_ROOT,0,301700,0.0,0.0,0.03847487001733102,1.3377622870655677
INTARIAN_PEPPER_ROOT,0,302500,0.0,0.0,0.03847487001733102,1.3377622870655677
INTARIAN_PEPPER_ROOT,0,302600,0.0,0.0,0.03847487001733102,1.3377622870655677
INTARIAN_PEPPER_ROOT,0,302900,0.0,-1.5,0.03847487001733102,1.3377622870655677
INTARIAN_PEPPER_ROOT,0,303100,0.0,0.5,0.03847487001733102,1.3377622870655677
INTARIAN_PEPPER_ROOT,0,303300,0.0,0.0,0.03847487001733102,1.3377622870655677
INTARIAN_PEPPER_ROOT,0,303400,0.0,0.0,0.03847487001733102,1.3377622870655677
INTARIAN_PEPPER_ROOT,0,303500,0.0,1.5,0.03847487001733102,1.3377622870655677
INTARIAN_PEPPER_ROOT,0,303700,0.0,2.0,0.03847487001733102,1.3377622870655677
INTARIAN_PEPPER_ROOT,0,303900,0.0,0.0,0.03847487001733102,1.3377622870655677
INTARIAN_PEPPER_ROOT,0,304000,0.0,0.0,0.03847487001733102,1.3377622870655677
INTARIAN_PEPPER_ROOT,0,304300,0.0,1.5,0.03847487001733102,1.3377622870655677
INTARIAN_PEPPER_ROOT,0,304900,0.0,1.5,0.03847487001733102,1.3377622870655677
INTARIAN_PEPPER_ROOT,0,305100,0.0,0.5,0.03847487001733102,1.3377622870655677
INTARIAN_PEPPER_ROOT,0,305400,0.0,1.5,0.03847487001733102,1.3377622870655677
INTARIAN_PEPPER_ROOT,0,305600,0.0,0.0,0.03847487001733102,1.3377622870655677
INTARIAN_PEPPER_ROOT,0,306100,0.0,0.5,0.03847487001733102,1.3377622870655677
INTARIAN_PEPPER_ROOT,0,306300,0.0,0.0,0.03847487001733102,1.3377622870655677
INTARIAN_PEPPER_ROOT,0,306600,0.0,0.0,0.03847487001733102,1.3377622870655677
INTARIAN_PEPPER_ROOT,0,306900,0.0,-1.5,0.03847487001733102,1.3377622870655677
INTARIAN_PEPPER_ROOT,0,307400,0.0,-1.5,0.03847487001733102,1.3377622870655677
INTARIAN_PEPPER_ROOT,0,307600,0.0,1.5,0.03847487001733102,1.3377622870655677
INTARIAN_PEPPER_ROOT,0,308000,0.0,0.0,0.03847487001733102,1.3377622870655677
INTARIAN_PEPPER_ROOT,0,308300,0.0,0.0,0.03847487001733102,1.3377622870655677
INTARIAN_PEPPER_ROOT,0,308400,0.0,-1.5,0.03847487001733102,1.3377622870655677
INTARIAN_PEPPER_ROOT,0,308600,0.0,1.5,0.03847487001733102,1.3377622870655677
INTARIAN_PEPPER_ROOT,0,309500,0.0,0.0,0.03847487001733102,1.3377622870655677
INTARIAN_PEPPER_ROOT,0,309600,0.0,0.0,0.03847487001733102,1.3377622870655677
INTARIAN_PEPPER_ROOT,0,309700,0.0,0.0,0.03847487001733102,1.3377622870655677
INTARIAN_PEPPER_ROOT,0,310100,0.0,-1.5,0.03847487001733102,1.3377622870655677
INTARIAN_PEPPER_ROOT,0,310300,0.0,0.0,0.03847487001733102,1.3377622870655677
INTARIAN_PEPPER_ROOT,0,310400,0.0,-1.5,0.03847487001733102,1.3377622870655677
INTARIAN_PEPPER_ROOT,0,310700,0.0,0.0,0.03847487001733102,1.3377622870655677
INTARIAN_PEPPER_ROOT,0,311000,0.0,0.0,0.03847487001733102,1.3377622870655677
INTARIAN_PEPPER_ROOT,0,311100,0.0,0.5,0.03847487001733102,1.3377622870655677
INTARIAN_PEPPER_ROOT,0,311400,0.0,0.0,0.03847487001733102,1.3377622870655677
INTARIAN_PEPPER_ROOT,0,311500,0.0,0.0,0.03847487001733102,1.3377622870655677
INTARIAN_PEPPER_ROOT,0,311600,0.0,0.0,0.03847487001733102,1.3377622870655677
INTARIAN_PEPPER_ROOT,0,312300,0.0,0.0,0.03847487001733102,1.3377622870655677
INTARIAN_PEPPER_ROOT,0,312400,0.0,0.0,0.03847487001733102,1.3377622870655677
INTARIAN_PEPPER_ROOT,0,312500,0.0,0.0,0.03847487001733102,1.3377622870655677
INTARIAN_PEPPER_ROOT,0,312600,0.0,0.0,0.03847487001733102,1.3377622870655677
INTARIAN_PEPPER_ROOT,0,313300,0.0,0.0,0.03847487001733102,1.3377622870655677
INTARIAN_PEPPER_ROOT,0,313400,0.0,0.0,0.03847487001733102,1.3377622870655677
INTARIAN_PEPPER_ROOT,0,313500,0.0,0.0,0.03847487001733102,1.3377622870655677
INTARIAN_PEPPER_ROOT,0,314100,0.0,0.5,0.03847487001733102,1.3377622870655677
INTARIAN_PEPPER_ROOT,0,314300,0.0,-2.5,0.03847487001733102,1.3377622870655677
INTARIAN_PEPPER_ROOT,0,314600,0.0,-1.5,0.03847487001733102,1.3377622870655677
INTARIAN_PEPPER_ROOT,0,314900,0.0,0.0,0.03847487001733102,1.3377622870655677
INTARIAN_PEPPER_ROOT,0,315000,0.0,1.5,0.03847487001733102,1.3377622870655677
INTARIAN_PEPPER_ROOT,0,315600,0.0,1.5,0.03847487001733102,1.3377622870655677
INTARIAN_PEPPER_ROOT,0,316000,0.0,1.5,0.03847487001733102,1.3377622870655677
INTARIAN_PEPPER_ROOT,0,316300,0.0,-1.5,0.03847487001733102,1.3377622870655677
INTARIAN_PEPPER_ROOT,0,316600,0.0,-1.5,0.03847487001733102,1.3377622870655677
INTARIAN_PEPPER_ROOT,0,316900,0.0,0.0,0.03847487001733102,1.3377622870655677
INTARIAN_PEPPER_ROOT,0,318100,0.0,0.5,0.03847487001733102,1.3377622870655677
INTARIAN_PEPPER_ROOT,0,318300,0.0,0.0,0.03847487001733102,1.3377622870655677
INTARIAN_PEPPER_ROOT,0,318400,0.0,0.0,0.03847487001733102,1.3377622870655677
INTARIAN_PEPPER_ROOT,0,318500,0.0,-1.5,0.03847487001733102,1.3377622870655677
INTARIAN_PEPPER_ROOT,0,319300,0.0,0.0,0.03847487001733102,1.3377622870655677
INTARIAN_PEPPER_ROOT,0,319400,0.0,0.0,0.03847487001733102,1.3377622870655677
INTARIAN_PEPPER_ROOT,0,319500,0.0,0.0,0.03847487001733102,1.3377622870655677
INTARIAN_PEPPER_ROOT,0,319700,0.0,0.0,0.03847487001733102,1.3377622870655677
INTARIAN_PEPPER_ROOT,0,320700,0.0,0.0,0.03847487001733102,1.3377622870655677
INTARIAN_PEPPER_ROOT,0,321000,0.0,-1.5,0.03847487001733102,1.3377622870655677
INTARIAN_PEPPER_ROOT,0,321300,0.0,0.0,0.03847487001733102,1.3377622870655677
INTARIAN_PEPPER_ROOT,0,321400,0.0,0.0,0.03847487001733102,1.3377622870655677
INTARIAN_PEPPER_ROOT,0,321500,0.0,0.0,0.03847487001733102,1.3377622870655677
INTARIAN_PEPPER_ROOT,0,321600,0.0,-1.5,0.03847487001733102,1.3377622870655677
INTARIAN_PEPPER_ROOT,0,322000,0.0,0.0,0.03847487001733102,1.3377622870655677
INTARIAN_PEPPER_ROOT,0,322400,0.0,0.0,0.03847487001733102,1.3377622870655677
INTARIAN_PEPPER_ROOT,0,322500,0.0,1.5,0.03847487001733102,1.3377622870655677
INTARIAN_PEPPER_ROOT,0,322900,0.0,0.0,0.03847487001733102,1.3377622870655677
INTARIAN_PEPPER_ROOT,0,323000,0.0,0.0,0.03847487001733102,1.3377622870655677
INTARIAN_PEPPER_ROOT,0,323100,0.0,0.5,0.03847487001733102,1.3377622870655677
INTARIAN_PEPPER_ROOT,0,323300,0.0,0.0,0.03847487001733102,1.3377622870655677
INTARIAN_PEPPER_ROOT,0,323500,0.0,1.5,0.03847487001733102,1.3377622870655677
INTARIAN_PEPPER_ROOT,0,323700,0.0,0.0,0.03847487001733102,1.3377622870655677
INTARIAN_PEPPER_ROOT,0,324000,0.0,-1.5,0.03847487001733102,1.3377622870655677
INTARIAN_PEPPER_ROOT,0,324700,0.0,0.0,0.03847487001733102,1.3377622870655677
INTARIAN_PEPPER_ROOT,0,324900,0.0,0.0,0.03847487001733102,1.3377622870655677
INTARIAN_PEPPER_ROOT,0,325100,0.0,0.5,0.03847487001733102,1.3377622870655677
INTARIAN_PEPPER_ROOT,0,325300,0.0,1.5,0.03847487001733102,1.3377622870655677
INTARIAN_PEPPER_ROOT,0,325900,0.0,-1.5,0.03847487001733102,1.3377622870655677
INTARIAN_PEPPER_ROOT,0,326700,0.0,0.0,0.03847487001733102,1.3377622870655677
INTARIAN_PEPPER_ROOT,0,328300,0.0,0.0,0.03847487001733102,1.3377622870655677
INTARIAN_PEPPER_ROOT,0,328400,0.0,0.0,0.03847487001733102,1.3377622870655677
INTARIAN_PEPPER_ROOT,0,328700,0.0,-1.5,0.03847487001733102,1.3377622870655677
INTARIAN_PEPPER_ROOT,0,329000,0.0,0.0,0.03847487001733102,1.3377622870655677
INTARIAN_PEPPER_ROOT,0,329600,0.0,-5.0,0.03847487001733102,1.3377622870655677
INTARIAN_PEPPER_ROOT,0,330400,0.0,0.0,0.03847487001733102,1.3377622870655677
INTARIAN_PEPPER_ROOT,0,331100,0.0,2.0,0.03847487001733102,1.3377622870655677
INTARIAN_PEPPER_ROOT,0,331300,0.0,0.0,0.03847487001733102,1.3377622870655677
INTARIAN_PEPPER_ROOT,0,331400,0.0,0.0,0.03847487001733102,1.3377622870655677
INTARIAN_PEPPER_ROOT,0,331500,0.0,0.0,0.03847487001733102,1.3377622870655677
INTARIAN_PEPPER_ROOT,0,331700,0.0,0.0,0.03847487001733102,1.3377622870655677
INTARIAN_PEPPER_ROOT,0,331900,0.0,0.0,0.03847487001733102,1.3377622870655677
INTARIAN_PEPPER_ROOT,0,332000,0.0,0.0,0.03847487001733102,1.3377622870655677
INTARIAN_PEPPER_ROOT,0,332100,0.0,2.0,0.03847487001733102,1.3377622870655677
INTARIAN_PEPPER_ROOT,0,332400,0.0,0.0,0.03847487001733102,1.3377622870655677
INTARIAN_PEPPER_ROOT,0,334000,0.0,0.0,0.03847487001733102,1.3377622870655677
INTARIAN_PEPPER_ROOT,0,334100,0.0,0.5,0.03847487001733102,1.3377622870655677
INTARIAN_PEPPER_ROOT,0,334600,0.0,0.0,0.03847487001733102,1.3377622870655677
INTARIAN_PEPPER_ROOT,0,334700,0.0,0.0,0.03847487001733102,1.3377622870655677
INTARIAN_PEPPER_ROOT,0,335700,0.0,0.0,0.03847487001733102,1.3377622870655677
INTARIAN_PEPPER_ROOT,0,335900,0.0,1.5,0.03847487001733102,1.3377622870655677
INTARIAN_PEPPER_ROOT,0,336100,0.0,0.5,0.03847487001733102,1.3377622870655677
INTARIAN_PEPPER_ROOT,0,336300,0.0,0.0,0.03847487001733102,1.3377622870655677
INTARIAN_PEPPER_ROOT,0,336900,0.0,0.0,0.03847487001733102,1.3377622870655677
INTARIAN_PEPPER_ROOT,0,337500,0.0,0.0,0.03847487001733102,1.3377622870655677
INTARIAN_PEPPER_ROOT,0,337600,0.0,0.0,0.03847487001733102,1.3377622870655677
INTARIAN_PEPPER_ROOT,0,337700,0.0,-1.5,0.03847487001733102,1.3377622870655677
INTARIAN_PEPPER_ROOT,0,338400,0.0,-1.5,0.03847487001733102,1.3377622870655677
INTARIAN_PEPPER_ROOT,0,338600,0.0,0.0,0.03847487001733102,1.3377622870655677
INTARIAN_PEPPER_ROOT,0,339000,0.0,0.0,0.03847487001733102,1.3377622870655677
INTARIAN_PEPPER_ROOT,0,339100,0.0,0.5,0.03847487001733102,1.3377622870655677
INTARIAN_PEPPER_ROOT,0,339400,0.0,0.0,0.03847487001733102,1.3377622870655677
INTARIAN_PEPPER_ROOT,0,339600,0.0,-1.5,0.03847487001733102,1.3377622870655677
INTARIAN_PEPPER_ROOT,0,339900,0.0,0.0,0.03847487001733102,1.3377622870655677
INTARIAN_PEPPER_ROOT,0,340300,0.0,0.0,0.03847487001733102,1.3377622870655677
INTARIAN_PEPPER_ROOT,0,341300,0.0,0.0,0.03847487001733102,1.3377622870655677
INTARIAN_PEPPER_ROOT,0,342000,0.0,0.0,0.03847487001733102,1.3377622870655677
INTARIAN_PEPPER_ROOT,0,342500,0.0,0.0,0.03847487001733102,1.3377622870655677
INTARIAN_PEPPER_ROOT,0,342600,0.0,0.0,0.03847487001733102,1.3377622870655677
INTARIAN_PEPPER_ROOT,0,342700,0.0,0.0,0.03847487001733102,1.3377622870655677
INTARIAN_PEPPER_ROOT,0,343100,0.0,-1.5,0.03847487001733102,1.3377622870655677
INTARIAN_PEPPER_ROOT,0,343400,0.0,0.0,0.03847487001733102,1.3377622870655677
INTARIAN_PEPPER_ROOT,0,343700,0.0,0.5,0.03847487001733102,1.3377622870655677
INTARIAN_PEPPER_ROOT,0,343900,0.0,1.5,0.03847487001733102,1.3377622870655677
INTARIAN_PEPPER_ROOT,0,344100,0.0,0.5,0.03847487001733102,1.3377622870655677
INTARIAN_PEPPER_ROOT,0,344600,0.0,0.0,0.03847487001733102,1.3377622870655677
INTARIAN_PEPPER_ROOT,0,344700,0.0,0.0,0.03847487001733102,1.3377622870655677
INTARIAN_PEPPER_ROOT,0,345000,0.0,0.0,0.03847487001733102,1.3377622870655677
INTARIAN_PEPPER_ROOT,0,345100,0.0,0.5,0.03847487001733102,1.3377622870655677
INTARIAN_PEPPER_ROOT,0,345300,0.0,-1.5,0.03847487001733102,1.3377622870655677
INTARIAN_PEPPER_ROOT,0,345500,0.0,0.0,0.03847487001733102,1.3377622870655677
INTARIAN_PEPPER_ROOT,0,345600,0.0,0.0,0.03847487001733102,1.3377622870655677
INTARIAN_PEPPER_ROOT,0,346000,0.0,0.0,0.03847487001733102,1.3377622870655677
INTARIAN_PEPPER_ROOT,0,346100,0.0,-1.5,0.03847487001733102,1.3377622870655677
INTARIAN_PEPPER_ROOT,0,346500,0.0,1.5,0.03847487001733102,1.3377622870655677
INTARIAN_PEPPER_ROOT,0,346700,0.0,-1.5,0.03847487001733102,1.3377622870655677
INTARIAN_PEPPER_ROOT,0,347300,0.0,0.0,0.03847487001733102,1.3377622870655677
INTARIAN_PEPPER_ROOT,0,347400,0.0,0.0,0.03847487001733102,1.3377622870655677
INTARIAN_PEPPER_ROOT,0,347700,0.0,0.0,0.03847487001733102,1.3377622870655677
INTARIAN_PEPPER_ROOT,0,348100,0.0,0.0,0.03847487001733102,1.3377622870655677
INTARIAN_PEPPER_ROOT,0,348300,0.0,0.0,0.03847487001733102,1.3377622870655677
INTARIAN_PEPPER_ROOT,0,348400,0.0,0.0,0.03847487001733102,1.3377622870655677
INTARIAN_PEPPER_ROOT,0,348600,0.0,0.0,0.03847487001733102,1.3377622870655677
INTARIAN_PEPPER_ROOT,0,348900,0.0,0.0,0.03847487001733102,1.3377622870655677
INTARIAN_PEPPER_ROOT,0,349000,0.0,0.0,0.03847487001733102,1.3377622870655677
INTARIAN_PEPPER_ROOT,0,349700,0.0,0.0,0.03847487001733102,1.3377622870655677
INTARIAN_PEPPER_ROOT,0,349900,0.0,-1.5,0.03847487001733102,1.3377622870655677
INTARIAN_PEPPER_ROOT,0,350400,0.0,0.0,0.03847487001733102,1.3377622870655677
INTARIAN_PEPPER_ROOT,0,350500,0.0,0.0,0.03847487001733102,1.3377622870655677
INTARIAN_PEPPER_ROOT,0,350600,0.0,6.5,0.03847487001733102,1.3377622870655677
INTARIAN_PEPPER_ROOT,0,351000,0.0,-5.5,0.03847487001733102,1.3377622870655677
INTARIAN_PEPPER_ROOT,0,351400,0.0,-1.5,0.03847487001733102,1.3377622870655677
INTARIAN_PEPPER_ROOT,0,352000,0.0,1.5,0.03847487001733102,1.3377622870655677
INTARIAN_PEPPER_ROOT,0,352400,0.0,0.0,0.03847487001733102,1.3377622870655677
INTARIAN_PEPPER_ROOT,0,352500,0.0,0.0,0.03847487001733102,1.3377622870655677
INTARIAN_PEPPER_ROOT,0,353100,0.0,0.5,0.03847487001733102,1.3377622870655677
INTARIAN_PEPPER_ROOT,0,353900,0.0,-5.5,0.03847487001733102,1.3377622870655677
INTARIAN_PEPPER_ROOT,0,354900,0.0,3.5,0.03847487001733102,1.3377622870655677
INTARIAN_PEPPER_ROOT,0,355900,0.0,0.0,0.03847487001733102,1.3377622870655677
INTARIAN_PEPPER_ROOT,0,356000,0.0,0.0,0.03847487001733102,1.3377622870655677
INTARIAN_PEPPER_ROOT,0,356100,0.0,0.5,0.03847487001733102,1.3377622870655677
INTARIAN_PEPPER_ROOT,0,356300,0.0,0.0,0.03847487001733102,1.3377622870655677
INTARIAN_PEPPER_ROOT,0,356400,0.0,-1.5,0.03847487001733102,1.3377622870655677
INTARIAN_PEPPER_ROOT,0,356600,0.0,0.0,0.03847487001733102,1.3377622870655677
INTARIAN_PEPPER_ROOT,0,356700,0.0,0.0,0.03847487001733102,1.3377622870655677
INTARIAN_PEPPER_ROOT,0,357300,0.0,-1.5,0.03847487001733102,1.3377622870655677
INTARIAN_PEPPER_ROOT,0,357600,0.0,1.5,0.03847487001733102,1.3377622870655677
INTARIAN_PEPPER_ROOT,0,359900,0.0,-1.5,0.03847487001733102,1.3377622870655677
INTARIAN_PEPPER_ROOT,0,360100,0.0,0.5,0.03847487001733102,1.3377622870655677
INTARIAN_PEPPER_ROOT,0,360500,0.0,0.0,0.03847487001733102,1.3377622870655677
INTARIAN_PEPPER_ROOT,0,361000,0.0,-1.5,0.03847487001733102,1.3377622870655677
INTARIAN_PEPPER_ROOT,0,361300,0.0,0.0,0.03847487001733102,1.3377622870655677
INTARIAN_PEPPER_ROOT,0,362000,0.0,-1.5,0.03847487001733102,1.3377622870655677
INTARIAN_PEPPER_ROOT,0,362300,0.0,0.0,0.03847487001733102,1.3377622870655677
INTARIAN_PEPPER_ROOT,0,362600,0.0,0.0,0.03847487001733102,1.3377622870655677
INTARIAN_PEPPER_ROOT,0,363000,0.0,0.0,0.03847487001733102,1.3377622870655677
INTARIAN_PEPPER_ROOT,0,363300,0.0,0.0,0.03847487001733102,1.3377622870655677
INTARIAN_PEPPER_ROOT,0,363400,0.0,0.0,0.03847487001733102,1.3377622870655677
INTARIAN_PEPPER_ROOT,0,363700,0.0,0.0,0.03847487001733102,1.3377622870655677
INTARIAN_PEPPER_ROOT,0,364100,0.0,0.5,0.03847487001733102,1.3377622870655677
INTARIAN_PEPPER_ROOT,0,364500,0.0,-1.5,0.03847487001733102,1.3377622870655677
INTARIAN_PEPPER_ROOT,0,365400,0.0,0.0,0.03847487001733102,1.3377622870655677
INTARIAN_PEPPER_ROOT,0,365700,0.0,0.5,0.03847487001733102,1.3377622870655677
INTARIAN_PEPPER_ROOT,0,365900,0.0,0.0,0.03847487001733102,1.3377622870655677
INTARIAN_PEPPER_ROOT,0,366400,0.0,0.0,0.03847487001733102,1.3377622870655677
INTARIAN_PEPPER_ROOT,0,366600,0.0,0.0,0.03847487001733102,1.3377622870655677
INTARIAN_PEPPER_ROOT,0,367000,0.0,0.0,0.03847487001733102,1.3377622870655677
INTARIAN_PEPPER_ROOT,0,367100,0.0,0.0,0.03847487001733102,1.3377622870655677
INTARIAN_PEPPER_ROOT,0,367600,0.0,0.0,0.03847487001733102,1.3377622870655677
INTARIAN_PEPPER_ROOT,0,367700,0.0,2.0,0.03847487001733102,1.3377622870655677
INTARIAN_PEPPER_ROOT,0,367900,0.0,0.0,0.03847487001733102,1.3377622870655677
INTARIAN_PEPPER_ROOT,0,368400,0.0,0.0,0.03847487001733102,1.3377622870655677
INTARIAN_PEPPER_ROOT,0,368500,0.0,1.5,0.03847487001733102,1.3377622870655677
INTARIAN_PEPPER_ROOT,0,368900,0.0,0.0,0.03847487001733102,1.3377622870655677
INTARIAN_PEPPER_ROOT,0,369000,0.0,0.0,0.03847487001733102,1.3377622870655677
INTARIAN_PEPPER_ROOT,0,369100,0.0,0.5,0.03847487001733102,1.3377622870655677
INTARIAN_PEPPER_ROOT,0,369900,0.0,0.0,0.03847487001733102,1.3377622870655677
INTARIAN_PEPPER_ROOT,0,370300,0.0,0.0,0.03847487001733102,1.3377622870655677
INTARIAN_PEPPER_ROOT,0,370500,0.0,0.0,0.03847487001733102,1.3377622870655677
INTARIAN_PEPPER_ROOT,0,370600,0.0,-1.5,0.03847487001733102,1.3377622870655677
INTARIAN_PEPPER_ROOT,0,370900,0.0,1.5,0.03847487001733102,1.3377622870655677
INTARIAN_PEPPER_ROOT,0,372400,0.0,0.0,0.03847487001733102,1.3377622870655677
INTARIAN_PEPPER_ROOT,0,373100,0.0,0.5,0.03847487001733102,1.3377622870655677
INTARIAN_PEPPER_ROOT,0,374000,0.0,-1.5,0.03847487001733102,1.3377622870655677
INTARIAN_PEPPER_ROOT,0,374200,0.0,-1.5,0.03847487001733102,1.3377622870655677
INTARIAN_PEPPER_ROOT,0,374300,0.0,0.0,0.03847487001733102,1.3377622870655677
INTARIAN_PEPPER_ROOT,0,374400,0.0,0.0,0.03847487001733102,1.3377622870655677
INTARIAN_PEPPER_ROOT,0,374500,0.0,1.5,0.03847487001733102,1.3377622870655677
INTARIAN_PEPPER_ROOT,0,374700,0.0,0.0,0.03847487001733102,1.3377622870655677
INTARIAN_PEPPER_ROOT,0,375400,0.0,1.5,0.03847487001733102,1.3377622870655677
INTARIAN_PEPPER_ROOT,0,375700,0.0,0.0,0.03847487001733102,1.3377622870655677
INTARIAN_PEPPER_ROOT,0,375900,0.0,0.0,0.03847487001733102,1.3377622870655677
INTARIAN_PEPPER_ROOT,0,376000,0.0,1.5,0.03847487001733102,1.3377622870655677
INTARIAN_PEPPER_ROOT,0,376500,0.0,1.5,0.03847487001733102,1.3377622870655677
INTARIAN_PEPPER_ROOT,0,376900,0.0,0.0,0.03847487001733102,1.3377622870655677
INTARIAN_PEPPER_ROOT,0,377000,0.0,-1.5,0.03847487001733102,1.3377622870655677
INTARIAN_PEPPER_ROOT,0,377400,0.0,-1.5,0.03847487001733102,1.3377622870655677
INTARIAN_PEPPER_ROOT,0,377700,0.0,0.0,0.03847487001733102,1.3377622870655677
INTARIAN_PEPPER_ROOT,0,378600,0.0,-1.5,0.03847487001733102,1.3377622870655677
INTARIAN_PEPPER_ROOT,0,378900,0.0,1.5,0.03847487001733102,1.3377622870655677
INTARIAN_PEPPER_ROOT,0,379300,0.0,-1.5,0.03847487001733102,1.3377622870655677
INTARIAN_PEPPER_ROOT,0,380100,0.0,-1.5,0.03847487001733102,1.3377622870655677
INTARIAN_PEPPER_ROOT,0,380500,0.0,-1.5,0.03847487001733102,1.3377622870655677
INTARIAN_PEPPER_ROOT,0,381100,0.0,-5.0,0.03847487001733102,1.3377622870655677
INTARIAN_PEPPER_ROOT,0,382600,0.0,0.0,0.03847487001733102,1.3377622870655677
INTARIAN_PEPPER_ROOT,0,383000,0.0,-1.5,0.03847487001733102,1.3377622870655677
INTARIAN_PEPPER_ROOT,0,383700,0.0,2.0,0.03847487001733102,1.3377622870655677
INTARIAN_PEPPER_ROOT,0,384100,0.0,2.0,0.03847487001733102,1.3377622870655677
INTARIAN_PEPPER_ROOT,0,384300,0.0,0.0,0.03847487001733102,1.3377622870655677
INTARIAN_PEPPER_ROOT,0,384700,0.0,2.0,0.03847487001733102,1.3377622870655677
INTARIAN_PEPPER_ROOT,0,385900,0.0,0.0,0.03847487001733102,1.3377622870655677
INTARIAN_PEPPER_ROOT,0,386000,0.0,0.0,0.03847487001733102,1.3377622870655677
INTARIAN_PEPPER_ROOT,0,386300,0.0,0.0,0.03847487001733102,1.3377622870655677
INTARIAN_PEPPER_ROOT,0,386400,0.0,6.5,0.03847487001733102,1.3377622870655677
INTARIAN_PEPPER_ROOT,0,386600,0.0,-1.5,0.03847487001733102,1.3377622870655677
INTARIAN_PEPPER_ROOT,0,387100,0.0,0.5,0.03847487001733102,1.3377622870655677
INTARIAN_PEPPER_ROOT,0,388100,0.0,0.5,0.03847487001733102,1.3377622870655677
INTARIAN_PEPPER_ROOT,0,389100,0.0,-1.5,0.03847487001733102,1.3377622870655677
INTARIAN_PEPPER_ROOT,0,389900,0.0,-2.5,0.03847487001733102,1.3377622870655677
INTARIAN_PEPPER_ROOT,0,390300,0.0,-1.5,0.03847487001733102,1.3377622870655677
INTARIAN_PEPPER_ROOT,0,390500,0.0,0.0,0.03847487001733102,1.3377622870655677
INTARIAN_PEPPER_ROOT,0,390700,0.0,0.0,0.03847487001733102,1.3377622870655677
INTARIAN_PEPPER_ROOT,0,390900,0.0,0.0,0.03847487001733102,1.3377622870655677
INTARIAN_PEPPER_ROOT,0,391000,0.0,0.0,0.03847487001733102,1.3377622870655677
INTARIAN_PEPPER_ROOT,0,391100,0.0,0.5,0.03847487001733102,1.3377622870655677
INTARIAN_PEPPER_ROOT,0,391400,0.0,0.0,0.03847487001733102,1.3377622870655677
INTARIAN_PEPPER_ROOT,0,391600,0.0,0.0,0.03847487001733102,1.3377622870655677
INTARIAN_PEPPER_ROOT,0,391700,0.0,0.0,0.03847487001733102,1.3377622870655677
INTARIAN_PEPPER_ROOT,0,392000,0.0,1.5,0.03847487001733102,1.3377622870655677
INTARIAN_PEPPER_ROOT,0,392400,0.0,0.0,0.03847487001733102,1.3377622870655677
INTARIAN_PEPPER_ROOT,0,392500,0.0,2.0,0.03847487001733102,1.3377622870655677
INTARIAN_PEPPER_ROOT,0,393100,0.0,-1.5,0.03847487001733102,1.3377622870655677
INTARIAN_PEPPER_ROOT,0,393300,0.0,0.0,0.03847487001733102,1.3377622870655677
INTARIAN_PEPPER_ROOT,0,393400,0.0,0.0,0.03847487001733102,1.3377622870655677
INTARIAN_PEPPER_ROOT,0,393900,0.0,1.5,0.03847487001733102,1.3377622870655677
INTARIAN_PEPPER_ROOT,0,394500,0.0,-2.0,0.03847487001733102,1.3377622870655677
INTARIAN_PEPPER_ROOT,0,394700,0.0,0.0,0.03847487001733102,1.3377622870655677
INTARIAN_PEPPER_ROOT,0,395600,0.0,0.0,0.03847487001733102,1.3377622870655677
INTARIAN_PEPPER_ROOT,0,396300,0.0,0.0,0.03847487001733102,1.3377622870655677
INTARIAN_PEPPER_ROOT,0,396700,0.0,0.0,0.03847487001733102,1.3377622870655677
INTARIAN_PEPPER_ROOT,0,397000,0.0,0.0,0.03847487001733102,1.3377622870655677
INTARIAN_PEPPER_ROOT,0,397100,0.0,0.5,0.03847487001733102,1.3377622870655677
INTARIAN_PEPPER_ROOT,0,398100,0.0,2.0,0.03847487001733102,1.3377622870655677
INTARIAN_PEPPER_ROOT,0,398900,0.0,0.0,0.03847487001733102,1.3377622870655677
INTARIAN_PEPPER_ROOT,0,399000,0.0,0.0,0.03847487001733102,1.3377622870655677
INTARIAN_PEPPER_ROOT,0,399100,0.0,2.0,0.03847487001733102,1.3377622870655677
INTARIAN_PEPPER_ROOT,0,400100,0.0,0.5,0.03847487001733102,1.3377622870655677
INTARIAN_PEPPER_ROOT,0,400400,0.0,0.0,0.03847487001733102,1.3377622870655677
INTARIAN_PEPPER_ROOT,0,400500,0.0,0.0,0.03847487001733102,1.3377622870655677
INTARIAN_PEPPER_ROOT,0,401000,0.0,0.0,0.03847487001733102,1.3377622870655677
INTARIAN_PEPPER_ROOT,0,401100,0.0,0.0,0.03847487001733102,1.3377622870655677
INTARIAN_PEPPER_ROOT,0,401200,0.0,0.5,0.03847487001733102,1.3377622870655677
INTARIAN_PEPPER_ROOT,0,403000,0.0,0.0,0.03847487001733102,1.3377622870655677
INTARIAN_PEPPER_ROOT,0,403100,0.0,1.5,0.03847487001733102,1.3377622870655677
INTARIAN_PEPPER_ROOT,0,403500,0.0,0.0,0.03847487001733102,1.3377622870655677
INTARIAN_PEPPER_ROOT,0,403600,0.0,0.0,0.03847487001733102,1.3377622870655677
INTARIAN_PEPPER_ROOT,0,404200,0.0,0.5,0.03847487001733102,1.3377622870655677
INTARIAN_PEPPER_ROOT,0,404400,0.0,0.0,0.03847487001733102,1.3377622870655677
INTARIAN_PEPPER_ROOT,0,404900,0.0,0.0,0.03847487001733102,1.3377622870655677
INTARIAN_PEPPER_ROOT,0,405000,0.0,-1.5,0.03847487001733102,1.3377622870655677
INTARIAN_PEPPER_ROOT,0,405600,0.0,0.0,0.03847487001733102,1.3377622870655677
INTARIAN_PEPPER_ROOT,0,406400,0.0,0.0,0.03847487001733102,1.3377622870655677
INTARIAN_PEPPER_ROOT,0,406800,0.0,0.0,0.03847487001733102,1.3377622870655677
INTARIAN_PEPPER_ROOT,0,406900,0.0,-1.5,0.03847487001733102,1.3377622870655677
INTARIAN_PEPPER_ROOT,0,407800,0.0,-2.5,0.03847487001733102,1.3377622870655677
INTARIAN_PEPPER_ROOT,0,408400,0.0,1.5,0.03847487001733102,1.3377622870655677
INTARIAN_PEPPER_ROOT,0,408900,0.0,0.0,0.03847487001733102,1.3377622870655677
INTARIAN_PEPPER_ROOT,0,409000,0.0,0.0,0.03847487001733102,1.3377622870655677
INTARIAN_PEPPER_ROOT,0,409200,0.0,-1.5,0.03847487001733102,1.3377622870655677
INTARIAN_PEPPER_ROOT,0,409500,0.0,-7.0,0.03847487001733102,1.3377622870655677
INTARIAN_PEPPER_ROOT,0,409800,0.0,0.0,0.03847487001733102,1.3377622870655677
INTARIAN_PEPPER_ROOT,0,409900,0.0,0.0,0.03847487001733102,1.3377622870655677
INTARIAN_PEPPER_ROOT,0,410100,0.0,0.0,0.03847487001733102,1.3377622870655677
INTARIAN_PEPPER_ROOT,0,411100,0.0,-1.5,0.03847487001733102,1.3377622870655677
INTARIAN_PEPPER_ROOT,0,412200,0.0,-1.5,0.03847487001733102,1.3377622870655677
INTARIAN_PEPPER_ROOT,0,412500,0.0,0.0,0.03847487001733102,1.3377622870655677
INTARIAN_PEPPER_ROOT,0,412600,0.0,0.0,0.03847487001733102,1.3377622870655677
INTARIAN_PEPPER_ROOT,0,413000,0.0,0.0,0.03847487001733102,1.3377622870655677
INTARIAN_PEPPER_ROOT,0,413500,0.0,0.0,0.03847487001733102,1.3377622870655677
INTARIAN_PEPPER_ROOT,0,413600,0.0,2.0,0.03847487001733102,1.3377622870655677
INTARIAN_PEPPER_ROOT,0,414200,0.0,-1.5,0.03847487001733102,1.3377622870655677
INTARIAN_PEPPER_ROOT,0,415100,0.0,1.5,0.03847487001733102,1.3377622870655677
INTARIAN_PEPPER_ROOT,0,415600,0.0,-1.5,0.03847487001733102,1.3377622870655677
INTARIAN_PEPPER_ROOT,0,416100,0.0,-1.5,0.03847487001733102,1.3377622870655677
INTARIAN_PEPPER_ROOT,0,416400,0.0,0.0,0.03847487001733102,1.3377622870655677
INTARIAN_PEPPER_ROOT,0,416500,0.0,0.0,0.03847487001733102,1.3377622870655677
INTARIAN_PEPPER_ROOT,0,416800,0.0,0.0,0.03847487001733102,1.3377622870655677
INTARIAN_PEPPER_ROOT,0,416900,0.0,0.0,0.03847487001733102,1.3377622870655677
INTARIAN_PEPPER_ROOT,0,417000,0.0,0.0,0.03847487001733102,1.3377622870655677
INTARIAN_PEPPER_ROOT,0,417800,0.0,0.0,0.03847487001733102,1.3377622870655677
INTARIAN_PEPPER_ROOT,0,417900,0.0,0.0,0.03847487001733102,1.3377622870655677
INTARIAN_PEPPER_ROOT,0,418100,0.0,0.0,0.03847487001733102,1.3377622870655677
INTARIAN_PEPPER_ROOT,0,418200,0.0,0.5,0.03847487001733102,1.3377622870655677
INTARIAN_PEPPER_ROOT,0,418500,0.0,1.5,0.03847487001733102,1.3377622870655677
INTARIAN_PEPPER_ROOT,0,419900,0.0,-1.5,0.03847487001733102,1.3377622870655677
INTARIAN_PEPPER_ROOT,0,420500,0.0,0.0,0.03847487001733102,1.3377622870655677
INTARIAN_PEPPER_ROOT,0,420900,0.0,0.0,0.03847487001733102,1.3377622870655677
INTARIAN_PEPPER_ROOT,0,421000,0.0,0.0,0.03847487001733102,1.3377622870655677
INTARIAN_PEPPER_ROOT,0,421100,0.0,5.0,0.03847487001733102,1.3377622870655677
INTARIAN_PEPPER_ROOT,0,421500,0.0,1.5,0.03847487001733102,1.3377622870655677
INTARIAN_PEPPER_ROOT,0,422000,0.0,0.0,0.03847487001733102,1.3377622870655677
INTARIAN_PEPPER_ROOT,0,422100,0.0,0.0,0.03847487001733102,1.3377622870655677
INTARIAN_PEPPER_ROOT,0,422400,0.0,0.0,0.03847487001733102,1.3377622870655677
INTARIAN_PEPPER_ROOT,0,422800,0.0,0.0,0.03847487001733102,1.3377622870655677
INTARIAN_PEPPER_ROOT,0,422900,0.0,0.0,0.03847487001733102,1.3377622870655677
INTARIAN_PEPPER_ROOT,0,423000,0.0,0.0,0.03847487001733102,1.3377622870655677
INTARIAN_PEPPER_ROOT,0,423100,0.0,0.0,0.03847487001733102,1.3377622870655677
INTARIAN_PEPPER_ROOT,0,423500,0.0,0.0,0.03847487001733102,1.3377622870655677
INTARIAN_PEPPER_ROOT,0,423600,0.0,0.0,0.03847487001733102,1.3377622870655677
INTARIAN_PEPPER_ROOT,0,424400,0.0,0.0,0.03847487001733102,1.3377622870655677
INTARIAN_PEPPER_ROOT,0,424500,0.0,0.0,0.03847487001733102,1.3377622870655677
INTARIAN_PEPPER_ROOT,0,425100,0.0,0.0,0.03847487001733102,1.3377622870655677
INTARIAN_PEPPER_ROOT,0,425200,0.0,0.5,0.03847487001733102,1.3377622870655677
INTARIAN_PEPPER_ROOT,0,426400,0.0,1.5,0.03847487001733102,1.3377622870655677
INTARIAN_PEPPER_ROOT,0,426800,0.0,0.0,0.03847487001733102,1.3377622870655677
INTARIAN_PEPPER_ROOT,0,426900,0.0,0.0,0.03847487001733102,1.3377622870655677
INTARIAN_PEPPER_ROOT,0,427100,0.0,-1.5,0.03847487001733102,1.3377622870655677
INTARIAN_PEPPER_ROOT,0,428100,0.0,-7.0,0.03847487001733102,1.3377622870655677
INTARIAN_PEPPER_ROOT,0,428400,0.0,0.0,0.03847487001733102,1.3377622870655677
INTARIAN_PEPPER_ROOT,0,428800,0.0,0.0,0.03847487001733102,1.3377622870655677
INTARIAN_PEPPER_ROOT,0,429200,0.0,2.0,0.03847487001733102,1.3377622870655677
INTARIAN_PEPPER_ROOT,0,429400,0.0,-1.5,0.03847487001733102,1.3377622870655677
INTARIAN_PEPPER_ROOT,0,429600,0.0,0.0,0.03847487001733102,1.3377622870655677
INTARIAN_PEPPER_ROOT,0,429800,0.0,-1.5,0.03847487001733102,1.3377622870655677
INTARIAN_PEPPER_ROOT,0,430100,0.0,0.0,0.03847487001733102,1.3377622870655677
INTARIAN_PEPPER_ROOT,0,430200,0.0,-1.5,0.03847487001733102,1.3377622870655677
INTARIAN_PEPPER_ROOT,0,430500,0.0,0.0,0.03847487001733102,1.3377622870655677
INTARIAN_PEPPER_ROOT,0,430900,0.0,0.0,0.03847487001733102,1.3377622870655677
INTARIAN_PEPPER_ROOT,0,431100,0.0,0.0,0.03847487001733102,1.3377622870655677
INTARIAN_PEPPER_ROOT,0,431400,0.0,0.0,0.03847487001733102,1.3377622870655677
INTARIAN_PEPPER_ROOT,0,431600,0.0,2.0,0.03847487001733102,1.3377622870655677
INTARIAN_PEPPER_ROOT,0,431800,0.0,0.0,0.03847487001733102,1.3377622870655677
INTARIAN_PEPPER_ROOT,0,432200,0.0,0.5,0.03847487001733102,1.3377622870655677
INTARIAN_PEPPER_ROOT,0,432500,0.0,0.0,0.03847487001733102,1.3377622870655677
INTARIAN_PEPPER_ROOT,0,432600,0.0,-1.5,0.03847487001733102,1.3377622870655677
INTARIAN_PEPPER_ROOT,0,433100,0.0,0.0,0.03847487001733102,1.3377622870655677
INTARIAN_PEPPER_ROOT,0,433600,0.0,-1.5,0.03847487001733102,1.3377622870655677
INTARIAN_PEPPER_ROOT,0,433800,0.0,0.0,0.03847487001733102,1.3377622870655677
INTARIAN_PEPPER_ROOT,0,434200,0.0,0.5,0.03847487001733102,1.3377622870655677
INTARIAN_PEPPER_ROOT,0,434400,0.0,0.0,0.03847487001733102,1.3377622870655677
INTARIAN_PEPPER_ROOT,0,434500,0.0,0.0,0.03847487001733102,1.3377622870655677
INTARIAN_PEPPER_ROOT,0,434600,0.0,0.0,0.03847487001733102,1.3377622870655677
INTARIAN_PEPPER_ROOT,0,435100,0.0,1.5,0.03847487001733102,1.3377622870655677
INTARIAN_PEPPER_ROOT,0,435600,0.0,0.0,0.03847487001733102,1.3377622870655677
INTARIAN_PEPPER_ROOT,0,435800,0.0,-1.5,0.03847487001733102,1.3377622870655677
INTARIAN_PEPPER_ROOT,0,436100,0.0,-1.5,0.03847487001733102,1.3377622870655677
INTARIAN_PEPPER_ROOT,0,436400,0.0,1.5,0.03847487001733102,1.3377622870655677
INTARIAN_PEPPER_ROOT,0,437200,0.0,0.5,0.03847487001733102,1.3377622870655677
INTARIAN_PEPPER_ROOT,0,437400,0.0,0.0,0.03847487001733102,1.3377622870655677
INTARIAN_PEPPER_ROOT,0,437500,0.0,-1.5,0.03847487001733102,1.3377622870655677
INTARIAN_PEPPER_ROOT,0,437900,0.0,0.0,0.03847487001733102,1.3377622870655677
INTARIAN_PEPPER_ROOT,0,438400,0.0,0.0,0.03847487001733102,1.3377622870655677
INTARIAN_PEPPER_ROOT,0,438800,0.0,0.0,0.03847487001733102,1.3377622870655677
INTARIAN_PEPPER_ROOT,0,438900,0.0,0.0,0.03847487001733102,1.3377622870655677
INTARIAN_PEPPER_ROOT,0,439100,0.0,1.5,0.03847487001733102,1.3377622870655677
INTARIAN_PEPPER_ROOT,0,439400,0.0,0.0,0.03847487001733102,1.3377622870655677
INTARIAN_PEPPER_ROOT,0,439500,0.0,1.5,0.03847487001733102,1.3377622870655677
INTARIAN_PEPPER_ROOT,0,439900,0.0,0.0,0.03847487001733102,1.3377622870655677
INTARIAN_PEPPER_ROOT,0,440400,0.0,0.0,0.03847487001733102,1.3377622870655677
INTARIAN_PEPPER_ROOT,0,440500,0.0,0.0,0.03847487001733102,1.3377622870655677
INTARIAN_PEPPER_ROOT,0,440600,0.0,0.0,0.03847487001733102,1.3377622870655677
INTARIAN_PEPPER_ROOT,0,440900,0.0,0.0,0.03847487001733102,1.3377622870655677
INTARIAN_PEPPER_ROOT,0,441100,0.0,-1.5,0.03847487001733102,1.3377622870655677
INTARIAN_PEPPER_ROOT,0,441600,0.0,0.0,0.03847487001733102,1.3377622870655677
INTARIAN_PEPPER_ROOT,0,441900,0.0,0.0,0.03847487001733102,1.3377622870655677
INTARIAN_PEPPER_ROOT,0,442200,0.0,-5.0,0.03847487001733102,1.3377622870655677
INTARIAN_PEPPER_ROOT,0,442500,0.0,-1.5,0.03847487001733102,1.3377622870655677
INTARIAN_PEPPER_ROOT,0,442900,0.0,0.0,0.03847487001733102,1.3377622870655677
INTARIAN_PEPPER_ROOT,0,443200,0.0,-1.5,0.03847487001733102,1.3377622870655677
INTARIAN_PEPPER_ROOT,0,443400,0.0,1.5,0.03847487001733102,1.3377622870655677
INTARIAN_PEPPER_ROOT,0,444200,0.0,0.5,0.03847487001733102,1.3377622870655677
INTARIAN_PEPPER_ROOT,0,444400,0.0,1.5,0.03847487001733102,1.3377622870655677
INTARIAN_PEPPER_ROOT,0,444600,0.0,0.0,0.03847487001733102,1.3377622870655677
INTARIAN_PEPPER_ROOT,0,444900,0.0,0.0,0.03847487001733102,1.3377622870655677
INTARIAN_PEPPER_ROOT,0,445000,0.0,0.0,0.03847487001733102,1.3377622870655677
INTARIAN_PEPPER_ROOT,0,445200,0.0,-1.5,0.03847487001733102,1.3377622870655677
INTARIAN_PEPPER_ROOT,0,445500,0.0,0.0,0.03847487001733102,1.3377622870655677
INTARIAN_PEPPER_ROOT,0,445900,0.0,-1.5,0.03847487001733102,1.3377622870655677
INTARIAN_PEPPER_ROOT,0,446500,0.0,0.0,0.03847487001733102,1.3377622870655677
INTARIAN_PEPPER_ROOT,0,447100,0.0,1.5,0.03847487001733102,1.3377622870655677
INTARIAN_PEPPER_ROOT,0,447500,0.0,0.0,0.03847487001733102,1.3377622870655677
INTARIAN_PEPPER_ROOT,0,448600,0.0,0.0,0.03847487001733102,1.3377622870655677
INTARIAN_PEPPER_ROOT,0,448800,0.0,0.0,0.03847487001733102,1.3377622870655677
INTARIAN_PEPPER_ROOT,0,448900,0.0,0.0,0.03847487001733102,1.3377622870655677
INTARIAN_PEPPER_ROOT,0,449000,0.0,0.0,0.03847487001733102,1.3377622870655677
INTARIAN_PEPPER_ROOT,0,449400,0.0,0.0,0.03847487001733102,1.3377622870655677
INTARIAN_PEPPER_ROOT,0,449800,0.0,0.0,0.03847487001733102,1.3377622870655677
INTARIAN_PEPPER_ROOT,0,449900,0.0,0.0,0.03847487001733102,1.3377622870655677
INTARIAN_PEPPER_ROOT,0,450000,0.0,-5.5,0.03847487001733102,1.3377622870655677
INTARIAN_PEPPER_ROOT,0,450600,0.0,0.0,0.03847487001733102,1.3377622870655677
INTARIAN_PEPPER_ROOT,0,450900,0.0,0.0,0.03847487001733102,1.3377622870655677
INTARIAN_PEPPER_ROOT,0,451000,0.0,1.5,0.03847487001733102,1.3377622870655677
INTARIAN_PEPPER_ROOT,0,451200,0.0,0.5,0.03847487001733102,1.3377622870655677
INTARIAN_PEPPER_ROOT,0,451400,0.0,1.5,0.03847487001733102,1.3377622870655677
INTARIAN_PEPPER_ROOT,0,451800,0.0,0.0,0.03847487001733102,1.3377622870655677
INTARIAN_PEPPER_ROOT,0,452000,0.0,-1.5,0.03847487001733102,1.3377622870655677
INTARIAN_PEPPER_ROOT,0,452400,0.0,5.0,0.03847487001733102,1.3377622870655677
INTARIAN_PEPPER_ROOT,0,453100,0.0,0.0,0.03847487001733102,1.3377622870655677
INTARIAN_PEPPER_ROOT,0,453200,0.0,0.0,0.03847487001733102,1.3377622870655677
INTARIAN_PEPPER_ROOT,0,454100,0.0,0.0,0.03847487001733102,1.3377622870655677
INTARIAN_PEPPER_ROOT,0,454600,0.0,2.0,0.03847487001733102,1.3377622870655677
INTARIAN_PEPPER_ROOT,0,455200,0.0,-1.5,0.03847487001733102,1.3377622870655677
INTARIAN_PEPPER_ROOT,0,455600,0.0,-1.5,0.03847487001733102,1.3377622870655677
INTARIAN_PEPPER_ROOT,0,455900,0.0,0.0,0.03847487001733102,1.3377622870655677
INTARIAN_PEPPER_ROOT,0,456000,0.0,0.0,0.03847487001733102,1.3377622870655677
INTARIAN_PEPPER_ROOT,0,456100,0.0,0.0,0.03847487001733102,1.3377622870655677
INTARIAN_PEPPER_ROOT,0,456200,0.0,0.5,0.03847487001733102,1.3377622870655677
INTARIAN_PEPPER_ROOT,0,456800,0.0,0.0,0.03847487001733102,1.3377622870655677
INTARIAN_PEPPER_ROOT,0,456900,0.0,1.5,0.03847487001733102,1.3377622870655677
INTARIAN_PEPPER_ROOT,0,457200,0.0,0.5,0.03847487001733102,1.3377622870655677
INTARIAN_PEPPER_ROOT,0,457600,0.0,0.0,0.03847487001733102,1.3377622870655677
INTARIAN_PEPPER_ROOT,0,457800,0.0,0.0,0.03847487001733102,1.3377622870655677
INTARIAN_PEPPER_ROOT,0,458300,0.0,-3.0,0.03847487001733102,1.3377622870655677
INTARIAN_PEPPER_ROOT,0,458600,0.0,-1.5,0.03847487001733102,1.3377622870655677
INTARIAN_PEPPER_ROOT,0,459600,0.0,0.0,0.03847487001733102,1.3377622870655677
INTARIAN_PEPPER_ROOT,0,459800,0.0,0.0,0.03847487001733102,1.3377622870655677
INTARIAN_PEPPER_ROOT,0,459900,0.0,0.0,0.03847487001733102,1.3377622870655677
INTARIAN_PEPPER_ROOT,0,460000,0.0,1.5,0.03847487001733102,1.3377622870655677
INTARIAN_PEPPER_ROOT,0,460500,0.0,0.0,0.03847487001733102,1.3377622870655677
INTARIAN_PEPPER_ROOT,0,460900,0.0,-1.5,0.03847487001733102,1.3377622870655677
INTARIAN_PEPPER_ROOT,0,461100,0.0,1.5,0.03847487001733102,1.3377622870655677
INTARIAN_PEPPER_ROOT,0,461800,0.0,0.0,0.03847487001733102,1.3377622870655677
INTARIAN_PEPPER_ROOT,0,461900,0.0,0.0,0.03847487001733102,1.3377622870655677
INTARIAN_PEPPER_ROOT,0,462000,0.0,1.5,0.03847487001733102,1.3377622870655677
INTARIAN_PEPPER_ROOT,0,462400,0.0,0.0,0.03847487001733102,1.3377622870655677
INTARIAN_PEPPER_ROOT,0,462500,0.0,-1.5,0.03847487001733102,1.3377622870655677
INTARIAN_PEPPER_ROOT,0,463000,0.0,0.0,0.03847487001733102,1.3377622870655677
INTARIAN_PEPPER_ROOT,0,464000,0.0,1.5,0.03847487001733102,1.3377622870655677
INTARIAN_PEPPER_ROOT,0,464200,0.0,0.5,0.03847487001733102,1.3377622870655677
INTARIAN_PEPPER_ROOT,0,464900,0.0,0.0,0.03847487001733102,1.3377622870655677
INTARIAN_PEPPER_ROOT,0,465500,0.0,0.0,0.03847487001733102,1.3377622870655677
INTARIAN_PEPPER_ROOT,0,465600,0.0,0.0,0.03847487001733102,1.3377622870655677
INTARIAN_PEPPER_ROOT,0,466400,0.0,0.0,0.03847487001733102,1.3377622870655677
INTARIAN_PEPPER_ROOT,0,467000,0.0,1.5,0.03847487001733102,1.3377622870655677
INTARIAN_PEPPER_ROOT,0,467200,0.0,0.5,0.03847487001733102,1.3377622870655677
INTARIAN_PEPPER_ROOT,0,467400,0.0,0.0,0.03847487001733102,1.3377622870655677
INTARIAN_PEPPER_ROOT,0,468200,0.0,0.5,0.03847487001733102,1.3377622870655677
INTARIAN_PEPPER_ROOT,0,468400,0.0,1.5,0.03847487001733102,1.3377622870655677
INTARIAN_PEPPER_ROOT,0,468600,0.0,0.0,0.03847487001733102,1.3377622870655677
INTARIAN_PEPPER_ROOT,0,469000,0.0,0.0,0.03847487001733102,1.3377622870655677
INTARIAN_PEPPER_ROOT,0,469100,0.0,-1.5,0.03847487001733102,1.3377622870655677
INTARIAN_PEPPER_ROOT,0,469500,0.0,1.5,0.03847487001733102,1.3377622870655677
INTARIAN_PEPPER_ROOT,0,469800,0.0,0.0,0.03847487001733102,1.3377622870655677
INTARIAN_PEPPER_ROOT,0,470000,0.0,0.0,0.03847487001733102,1.3377622870655677
INTARIAN_PEPPER_ROOT,0,470800,0.0,0.0,0.03847487001733102,1.3377622870655677
INTARIAN_PEPPER_ROOT,0,470900,0.0,0.0,0.03847487001733102,1.3377622870655677
INTARIAN_PEPPER_ROOT,0,471000,0.0,5.0,0.03847487001733102,1.3377622870655677
INTARIAN_PEPPER_ROOT,0,471200,0.0,0.5,0.03847487001733102,1.3377622870655677
INTARIAN_PEPPER_ROOT,0,471800,0.0,-1.5,0.03847487001733102,1.3377622870655677
INTARIAN_PEPPER_ROOT,0,472600,0.0,-5.5,0.03847487001733102,1.3377622870655677
INTARIAN_PEPPER_ROOT,0,472800,0.0,-1.5,0.03847487001733102,1.3377622870655677
INTARIAN_PEPPER_ROOT,0,473000,0.0,0.0,0.03847487001733102,1.3377622870655677
INTARIAN_PEPPER_ROOT,0,473200,0.0,0.5,0.03847487001733102,1.3377622870655677
INTARIAN_PEPPER_ROOT,0,473400,0.0,0.0,0.03847487001733102,1.3377622870655677
INTARIAN_PEPPER_ROOT,0,473800,0.0,0.0,0.03847487001733102,1.3377622870655677
INTARIAN_PEPPER_ROOT,0,474100,0.0,0.0,0.03847487001733102,1.3377622870655677
INTARIAN_PEPPER_ROOT,0,474200,0.0,0.5,0.03847487001733102,1.3377622870655677
INTARIAN_PEPPER_ROOT,0,474500,0.0,0.0,0.03847487001733102,1.3377622870655677
INTARIAN_PEPPER_ROOT,0,474600,0.0,2.0,0.03847487001733102,1.3377622870655677
INTARIAN_PEPPER_ROOT,0,474800,0.0,0.0,0.03847487001733102,1.3377622870655677
INTARIAN_PEPPER_ROOT,0,474900,0.0,0.0,0.03847487001733102,1.3377622870655677
INTARIAN_PEPPER_ROOT,0,475000,0.0,-1.5,0.03847487001733102,1.3377622870655677
INTARIAN_PEPPER_ROOT,0,475900,0.0,0.0,0.03847487001733102,1.3377622870655677
INTARIAN_PEPPER_ROOT,0,476000,0.0,0.0,0.03847487001733102,1.3377622870655677
INTARIAN_PEPPER_ROOT,0,476100,0.0,0.0,0.03847487001733102,1.3377622870655677
INTARIAN_PEPPER_ROOT,0,476600,0.0,-1.5,0.03847487001733102,1.3377622870655677
INTARIAN_PEPPER_ROOT,0,476900,0.0,0.0,0.03847487001733102,1.3377622870655677
INTARIAN_PEPPER_ROOT,0,477000,0.0,0.0,0.03847487001733102,1.3377622870655677
INTARIAN_PEPPER_ROOT,0,477100,0.0,0.0,0.03847487001733102,1.3377622870655677
INTARIAN_PEPPER_ROOT,0,477200,0.0,0.5,0.03847487001733102,1.3377622870655677
INTARIAN_PEPPER_ROOT,0,477600,0.0,0.0,0.03847487001733102,1.3377622870655677
INTARIAN_PEPPER_ROOT,0,477900,0.0,1.5,0.03847487001733102,1.3377622870655677
INTARIAN_PEPPER_ROOT,0,478400,0.0,1.5,0.03847487001733102,1.3377622870655677
INTARIAN_PEPPER_ROOT,0,478900,0.0,1.5,0.03847487001733102,1.3377622870655677
INTARIAN_PEPPER_ROOT,0,479100,0.0,1.5,0.03847487001733102,1.3377622870655677
INTARIAN_PEPPER_ROOT,0,479500,0.0,0.0,0.03847487001733102,1.3377622870655677
INTARIAN_PEPPER_ROOT,0,479600,0.0,0.0,0.03847487001733102,1.3377622870655677
INTARIAN_PEPPER_ROOT,0,480100,0.0,0.0,0.03847487001733102,1.3377622870655677
INTARIAN_PEPPER_ROOT,0,481100,0.0,-1.5,0.03847487001733102,1.3377622870655677
INTARIAN_PEPPER_ROOT,0,481400,0.0,0.0,0.03847487001733102,1.3377622870655677
INTARIAN_PEPPER_ROOT,0,481500,0.0,0.0,0.03847487001733102,1.3377622870655677
INTARIAN_PEPPER_ROOT,0,481600,0.0,0.0,0.03847487001733102,1.3377622870655677
INTARIAN_PEPPER_ROOT,0,481900,0.0,0.0,0.03847487001733102,1.3377622870655677
INTARIAN_PEPPER_ROOT,0,482800,0.0,0.0,0.03847487001733102,1.3377622870655677
INTARIAN_PEPPER_ROOT,0,483000,0.0,-7.0,0.03847487001733102,1.3377622870655677
INTARIAN_PEPPER_ROOT,0,483200,0.0,0.5,0.03847487001733102,1.3377622870655677
INTARIAN_PEPPER_ROOT,0,483600,0.0,0.0,0.03847487001733102,1.3377622870655677
INTARIAN_PEPPER_ROOT,0,484400,0.0,1.5,0.03847487001733102,1.3377622870655677
INTARIAN_PEPPER_ROOT,0,485500,0.0,0.0,0.03847487001733102,1.3377622870655677
INTARIAN_PEPPER_ROOT,0,486500,0.0,0.0,0.03847487001733102,1.3377622870655677
INTARIAN_PEPPER_ROOT,0,486600,0.0,2.0,0.03847487001733102,1.3377622870655677
INTARIAN_PEPPER_ROOT,0,486800,0.0,0.0,0.03847487001733102,1.3377622870655677
INTARIAN_PEPPER_ROOT,0,486900,0.0,0.0,0.03847487001733102,1.3377622870655677
INTARIAN_PEPPER_ROOT,0,487200,0.0,0.0,0.03847487001733102,1.3377622870655677
INTARIAN_PEPPER_ROOT,0,487400,0.0,1.5,0.03847487001733102,1.3377622870655677
INTARIAN_PEPPER_ROOT,0,487800,0.0,0.0,0.03847487001733102,1.3377622870655677
INTARIAN_PEPPER_ROOT,0,489100,0.0,0.0,0.03847487001733102,1.3377622870655677
INTARIAN_PEPPER_ROOT,0,489400,0.0,0.0,0.03847487001733102,1.3377622870655677
INTARIAN_PEPPER_ROOT,0,489500,0.0,1.5,0.03847487001733102,1.3377622870655677
INTARIAN_PEPPER_ROOT,0,489800,0.0,0.0,0.03847487001733102,1.3377622870655677
INTARIAN_PEPPER_ROOT,0,490600,0.0,0.0,0.03847487001733102,1.3377622870655677
INTARIAN_PEPPER_ROOT,0,490900,0.0,0.0,0.03847487001733102,1.3377622870655677
INTARIAN_PEPPER_ROOT,0,491200,0.0,5.5,0.03847487001733102,1.3377622870655677
INTARIAN_PEPPER_ROOT,0,491400,0.0,0.0,0.03847487001733102,1.3377622870655677
INTARIAN_PEPPER_ROOT,0,491500,0.0,5.0,0.03847487001733102,1.3377622870655677
INTARIAN_PEPPER_ROOT,0,491900,0.0,-1.5,0.03847487001733102,1.3377622870655677
INTARIAN_PEPPER_ROOT,0,492900,0.0,0.0,0.03847487001733102,1.3377622870655677
INTARIAN_PEPPER_ROOT,0,493000,0.0,0.0,0.03847487001733102,1.3377622870655677
INTARIAN_PEPPER_ROOT,0,493200,0.0,0.5,0.03847487001733102,1.3377622870655677
INTARIAN_PEPPER_ROOT,0,494400,0.0,0.0,0.03847487001733102,1.3377622870655677
INTARIAN_PEPPER_ROOT,0,494500,0.0,0.0,0.03847487001733102,1.3377622870655677
INTARIAN_PEPPER_ROOT,0,494600,0.0,0.0,0.03847487001733102,1.3377622870655677
INTARIAN_PEPPER_ROOT,0,495500,0.0,0.0,0.03847487001733102,1.3377622870655677
INTARIAN_PEPPER_ROOT,0,495600,0.0,0.0,0.03847487001733102,1.3377622870655677
INTARIAN_PEPPER_ROOT,0,495900,0.0,0.0,0.03847487001733102,1.3377622870655677
INTARIAN_PEPPER_ROOT,0,496000,0.0,1.5,0.03847487001733102,1.3377622870655677
INTARIAN_PEPPER_ROOT,0,496400,0.0,-1.5,0.03847487001733102,1.3377622870655677
INTARIAN_PEPPER_ROOT,0,497400,0.0,0.0,0.03847487001733102,1.3377622870655677
INTARIAN_PEPPER_ROOT,0,497900,0.0,0.0,0.03847487001733102,1.3377622870655677
INTARIAN_PEPPER_ROOT,0,498000,0.0,1.5,0.03847487001733102,1.3377622870655677
INTARIAN_PEPPER_ROOT,0,498200,0.0,0.5,0.03847487001733102,1.3377622870655677
INTARIAN_PEPPER_ROOT,0,498600,0.0,0.5,0.03847487001733102,1.3377622870655677
INTARIAN_PEPPER_ROOT,0,498800,0.0,0.0,0.03847487001733102,1.3377622870655677
INTARIAN_PEPPER_ROOT,0,498900,0.0,0.0,0.03847487001733102,1.3377622870655677
INTARIAN_PEPPER_ROOT,0,499600,0.0,0.0,0.03847487001733102,1.3377622870655677
INTARIAN_PEPPER_ROOT,0,500100,0.0,1.5,0.03847487001733102,1.3377622870655677
INTARIAN_PEPPER_ROOT,0,500600,0.0,2.0,0.03847487001733102,1.3377622870655677
INTARIAN_PEPPER_ROOT,0,500900,0.0,0.0,0.03847487001733102,1.3377622870655677
INTARIAN_PEPPER_ROOT,0,501000,0.0,0.0,0.03847487001733102,1.3377622870655677
INTARIAN_PEPPER_ROOT,0,501100,0.0,0.0,0.03847487001733102,1.3377622870655677
INTARIAN_PEPPER_ROOT,0,501500,0.0,1.5,0.03847487001733102,1.3377622870655677
INTARIAN_PEPPER_ROOT,0,501800,0.0,-1.5,0.03847487001733102,1.3377622870655677
INTARIAN_PEPPER_ROOT,0,502600,0.0,5.0,0.03847487001733102,1.3377622870655677
INTARIAN_PEPPER_ROOT,0,502800,0.0,0.0,0.03847487001733102,1.3377622870655677
INTARIAN_PEPPER_ROOT,0,502900,0.0,0.0,0.03847487001733102,1.3377622870655677
INTARIAN_PEPPER_ROOT,0,503000,0.0,0.0,0.03847487001733102,1.3377622870655677
INTARIAN_PEPPER_ROOT,0,503400,0.0,0.0,0.03847487001733102,1.3377622870655677
INTARIAN_PEPPER_ROOT,0,503600,0.0,-1.5,0.03847487001733102,1.3377622870655677
INTARIAN_PEPPER_ROOT,0,504000,0.0,0.0,0.03847487001733102,1.3377622870655677
INTARIAN_PEPPER_ROOT,0,504100,0.0,-1.5,0.03847487001733102,1.3377622870655677
INTARIAN_PEPPER_ROOT,0,504400,0.0,1.5,0.03847487001733102,1.3377622870655677
INTARIAN_PEPPER_ROOT,0,505000,0.0,0.0,0.03847487001733102,1.3377622870655677
INTARIAN_PEPPER_ROOT,0,505500,0.0,0.0,0.03847487001733102,1.3377622870655677
INTARIAN_PEPPER_ROOT,0,506000,0.0,0.0,0.03847487001733102,1.3377622870655677
INTARIAN_PEPPER_ROOT,0,506100,0.0,0.0,0.03847487001733102,1.3377622870655677
INTARIAN_PEPPER_ROOT,0,506500,0.0,0.0,0.03847487001733102,1.3377622870655677
INTARIAN_PEPPER_ROOT,0,506900,0.0,-4.0,0.03847487001733102,1.3377622870655677
INTARIAN_PEPPER_ROOT,0,507800,0.0,-1.5,0.03847487001733102,1.3377622870655677
INTARIAN_PEPPER_ROOT,0,508500,0.0,0.0,0.03847487001733102,1.3377622870655677
INTARIAN_PEPPER_ROOT,0,508600,0.0,0.0,0.03847487001733102,1.3377622870655677
INTARIAN_PEPPER_ROOT,0,509000,0.0,0.0,0.03847487001733102,1.3377622870655677
INTARIAN_PEPPER_ROOT,0,509100,0.0,0.0,0.03847487001733102,1.3377622870655677
INTARIAN_PEPPER_ROOT,0,510100,0.0,0.0,0.03847487001733102,1.3377622870655677
INTARIAN_PEPPER_ROOT,0,510200,0.0,-1.5,0.03847487001733102,1.3377622870655677
INTARIAN_PEPPER_ROOT,0,511000,0.0,0.0,0.03847487001733102,1.3377622870655677
INTARIAN_PEPPER_ROOT,0,511600,0.0,0.0,0.03847487001733102,1.3377622870655677
INTARIAN_PEPPER_ROOT,0,511800,0.0,1.5,0.03847487001733102,1.3377622870655677
INTARIAN_PEPPER_ROOT,0,512400,0.0,0.0,0.03847487001733102,1.3377622870655677
INTARIAN_PEPPER_ROOT,0,512500,0.0,0.0,0.03847487001733102,1.3377622870655677
INTARIAN_PEPPER_ROOT,0,513000,0.0,0.0,0.03847487001733102,1.3377622870655677
INTARIAN_PEPPER_ROOT,0,513100,0.0,1.5,0.03847487001733102,1.3377622870655677
INTARIAN_PEPPER_ROOT,0,513800,0.0,5.0,0.03847487001733102,1.3377622870655677
INTARIAN_PEPPER_ROOT,0,514900,0.0,0.0,0.03847487001733102,1.3377622870655677
INTARIAN_PEPPER_ROOT,0,515000,0.0,0.0,0.03847487001733102,1.3377622870655677
INTARIAN_PEPPER_ROOT,0,515200,0.0,2.0,0.03847487001733102,1.3377622870655677
INTARIAN_PEPPER_ROOT,0,515400,0.0,0.0,0.03847487001733102,1.3377622870655677
INTARIAN_PEPPER_ROOT,0,515600,0.0,-1.5,0.03847487001733102,1.3377622870655677
INTARIAN_PEPPER_ROOT,0,516800,0.0,0.0,0.03847487001733102,1.3377622870655677
INTARIAN_PEPPER_ROOT,0,516900,0.0,-1.5,0.03847487001733102,1.3377622870655677
INTARIAN_PEPPER_ROOT,0,517500,0.0,-1.5,0.03847487001733102,1.3377622870655677
INTARIAN_PEPPER_ROOT,0,518100,0.0,0.0,0.03847487001733102,1.3377622870655677
INTARIAN_PEPPER_ROOT,0,518200,0.0,0.5,0.03847487001733102,1.3377622870655677
INTARIAN_PEPPER_ROOT,0,518500,0.0,0.0,0.03847487001733102,1.3377622870655677
INTARIAN_PEPPER_ROOT,0,518600,0.0,0.0,0.03847487001733102,1.3377622870655677
INTARIAN_PEPPER_ROOT,0,518800,0.0,0.0,0.03847487001733102,1.3377622870655677
INTARIAN_PEPPER_ROOT,0,518900,0.0,0.0,0.03847487001733102,1.3377622870655677
INTARIAN_PEPPER_ROOT,0,519100,0.0,-1.5,0.03847487001733102,1.3377622870655677
INTARIAN_PEPPER_ROOT,0,519800,0.0,-1.5,0.03847487001733102,1.3377622870655677
INTARIAN_PEPPER_ROOT,0,520200,0.0,-1.5,0.03847487001733102,1.3377622870655677
INTARIAN_PEPPER_ROOT,0,520900,0.0,-5.5,0.03847487001733102,1.3377622870655677
INTARIAN_PEPPER_ROOT,0,521100,0.0,0.0,0.03847487001733102,1.3377622870655677
INTARIAN_PEPPER_ROOT,0,521200,0.0,-1.5,0.03847487001733102,1.3377622870655677
INTARIAN_PEPPER_ROOT,0,521400,0.0,-5.5,0.03847487001733102,1.3377622870655677
INTARIAN_PEPPER_ROOT,0,521900,0.0,0.0,0.03847487001733102,1.3377622870655677
INTARIAN_PEPPER_ROOT,0,522600,0.0,0.0,0.03847487001733102,1.3377622870655677
INTARIAN_PEPPER_ROOT,0,522900,0.0,0.0,0.03847487001733102,1.3377622870655677
INTARIAN_PEPPER_ROOT,0,523100,0.0,5.0,0.03847487001733102,1.3377622870655677
INTARIAN_PEPPER_ROOT,0,523600,0.0,0.0,0.03847487001733102,1.3377622870655677
INTARIAN_PEPPER_ROOT,0,524100,0.0,3.5,0.03847487001733102,1.3377622870655677
INTARIAN_PEPPER_ROOT,0,524900,0.0,-1.5,0.03847487001733102,1.3377622870655677
INTARIAN_PEPPER_ROOT,0,525200,0.0,0.5,0.03847487001733102,1.3377622870655677
INTARIAN_PEPPER_ROOT,0,525800,0.0,0.0,0.03847487001733102,1.3377622870655677
INTARIAN_PEPPER_ROOT,0,526100,0.0,0.0,0.03847487001733102,1.3377622870655677
INTARIAN_PEPPER_ROOT,0,526200,0.0,0.5,0.03847487001733102,1.3377622870655677
INTARIAN_PEPPER_ROOT,0,527400,0.0,0.0,0.03847487001733102,1.3377622870655677
INTARIAN_PEPPER_ROOT,0,527500,0.0,0.0,0.03847487001733102,1.3377622870655677
INTARIAN_PEPPER_ROOT,0,527600,0.0,0.0,0.03847487001733102,1.3377622870655677
INTARIAN_PEPPER_ROOT,0,527800,0.0,0.0,0.03847487001733102,1.3377622870655677
INTARIAN_PEPPER_ROOT,0,528200,0.0,0.5,0.03847487001733102,1.3377622870655677
INTARIAN_PEPPER_ROOT,0,528400,0.0,0.0,0.03847487001733102,1.3377622870655677
INTARIAN_PEPPER_ROOT,0,528600,0.0,0.0,0.03847487001733102,1.3377622870655677
INTARIAN_PEPPER_ROOT,0,528800,0.0,0.0,0.03847487001733102,1.3377622870655677
INTARIAN_PEPPER_ROOT,0,528900,0.0,0.0,0.03847487001733102,1.3377622870655677
INTARIAN_PEPPER_ROOT,0,529400,0.0,0.0,0.03847487001733102,1.3377622870655677
INTARIAN_PEPPER_ROOT,0,529500,0.0,0.0,0.03847487001733102,1.3377622870655677
INTARIAN_PEPPER_ROOT,0,529800,0.0,0.0,0.03847487001733102,1.3377622870655677
INTARIAN_PEPPER_ROOT,0,529900,0.0,0.0,0.03847487001733102,1.3377622870655677
INTARIAN_PEPPER_ROOT,0,530000,0.0,0.0,0.03847487001733102,1.3377622870655677
INTARIAN_PEPPER_ROOT,0,530100,0.0,0.0,0.03847487001733102,1.3377622870655677
INTARIAN_PEPPER_ROOT,0,530200,0.0,0.5,0.03847487001733102,1.3377622870655677
INTARIAN_PEPPER_ROOT,0,530500,0.0,0.0,0.03847487001733102,1.3377622870655677
INTARIAN_PEPPER_ROOT,0,530800,0.0,0.0,0.03847487001733102,1.3377622870655677
INTARIAN_PEPPER_ROOT,0,530900,0.0,0.0,0.03847487001733102,1.3377622870655677
INTARIAN_PEPPER_ROOT,0,531400,0.0,0.0,0.03847487001733102,1.3377622870655677
INTARIAN_PEPPER_ROOT,0,532500,0.0,0.0,0.03847487001733102,1.3377622870655677
INTARIAN_PEPPER_ROOT,0,532600,0.0,0.0,0.03847487001733102,1.3377622870655677
INTARIAN_PEPPER_ROOT,0,532800,0.0,0.0,0.03847487001733102,1.3377622870655677
INTARIAN_PEPPER_ROOT,0,532900,0.0,0.0,0.03847487001733102,1.3377622870655677
INTARIAN_PEPPER_ROOT,0,533000,0.0,-1.5,0.03847487001733102,1.3377622870655677
INTARIAN_PEPPER_ROOT,0,533400,0.0,-1.5,0.03847487001733102,1.3377622870655677
INTARIAN_PEPPER_ROOT,0,533600,0.0,-1.5,0.03847487001733102,1.3377622870655677
INTARIAN_PEPPER_ROOT,0,534000,0.0,0.0,0.03847487001733102,1.3377622870655677
INTARIAN_PEPPER_ROOT,0,534100,0.0,0.0,0.03847487001733102,1.3377622870655677
INTARIAN_PEPPER_ROOT,0,534200,0.0,2.0,0.03847487001733102,1.3377622870655677
INTARIAN_PEPPER_ROOT,0,534900,0.0,-5.5,0.03847487001733102,1.3377622870655677
INTARIAN_PEPPER_ROOT,0,535200,0.0,0.5,0.03847487001733102,1.3377622870655677
INTARIAN_PEPPER_ROOT,0,535800,0.0,0.0,0.03847487001733102,1.3377622870655677
INTARIAN_PEPPER_ROOT,0,536100,0.0,0.0,0.03847487001733102,1.3377622870655677
INTARIAN_PEPPER_ROOT,0,536200,0.0,0.5,0.03847487001733102,1.3377622870655677
INTARIAN_PEPPER_ROOT,0,537000,0.0,1.5,0.03847487001733102,1.3377622870655677
INTARIAN_PEPPER_ROOT,0,537200,0.0,0.5,0.03847487001733102,1.3377622870655677
INTARIAN_PEPPER_ROOT,0,537900,0.0,0.0,0.03847487001733102,1.3377622870655677
INTARIAN_PEPPER_ROOT,0,538000,0.0,0.0,0.03847487001733102,1.3377622870655677
INTARIAN_PEPPER_ROOT,0,538100,0.0,1.5,0.03847487001733102,1.3377622870655677
INTARIAN_PEPPER_ROOT,0,538800,0.0,0.0,0.03847487001733102,1.3377622870655677
INTARIAN_PEPPER_ROOT,0,538900,0.0,0.0,0.03847487001733102,1.3377622870655677
INTARIAN_PEPPER_ROOT,0,539100,0.0,0.0,0.03847487001733102,1.3377622870655677
INTARIAN_PEPPER_ROOT,0,539200,0.0,0.5,0.03847487001733102,1.3377622870655677
INTARIAN_PEPPER_ROOT,0,539800,0.0,1.5,0.03847487001733102,1.3377622870655677
INTARIAN_PEPPER_ROOT,0,540200,0.0,2.0,0.03847487001733102,1.3377622870655677
INTARIAN_PEPPER_ROOT,0,540500,0.0,0.0,0.03847487001733102,1.3377622870655677
INTARIAN_PEPPER_ROOT,0,540800,0.0,0.0,0.03847487001733102,1.3377622870655677
INTARIAN_PEPPER_ROOT,0,541200,0.0,0.5,0.03847487001733102,1.3377622870655677
INTARIAN_PEPPER_ROOT,0,542900,0.0,0.0,0.03847487001733102,1.3377622870655677
INTARIAN_PEPPER_ROOT,0,543800,0.0,0.0,0.03847487001733102,1.3377622870655677
INTARIAN_PEPPER_ROOT,0,543900,0.0,0.0,0.03847487001733102,1.3377622870655677
INTARIAN_PEPPER_ROOT,0,544000,0.0,0.0,0.03847487001733102,1.3377622870655677
INTARIAN_PEPPER_ROOT,0,544800,0.0,1.5,0.03847487001733102,1.3377622870655677
INTARIAN_PEPPER_ROOT,0,545100,0.0,0.0,0.03847487001733102,1.3377622870655677
INTARIAN_PEPPER_ROOT,0,545200,0.0,0.5,0.03847487001733102,1.3377622870655677
INTARIAN_PEPPER_ROOT,0,545500,0.0,0.0,0.03847487001733102,1.3377622870655677
INTARIAN_PEPPER_ROOT,0,545800,0.0,0.0,0.03847487001733102,1.3377622870655677
INTARIAN_PEPPER_ROOT,0,545900,0.0,0.0,0.03847487001733102,1.3377622870655677
INTARIAN_PEPPER_ROOT,0,547200,0.0,0.5,0.03847487001733102,1.3377622870655677
INTARIAN_PEPPER_ROOT,0,547500,0.0,0.0,0.03847487001733102,1.3377622870655677
INTARIAN_PEPPER_ROOT,0,547800,0.0,0.0,0.03847487001733102,1.3377622870655677
INTARIAN_PEPPER_ROOT,0,547900,0.0,0.0,0.03847487001733102,1.3377622870655677
INTARIAN_PEPPER_ROOT,0,548000,0.0,0.0,0.03847487001733102,1.3377622870655677
INTARIAN_PEPPER_ROOT,0,548100,0.0,0.0,0.03847487001733102,1.3377622870655677
INTARIAN_PEPPER_ROOT,0,549500,0.0,-3.0,0.03847487001733102,1.3377622870655677
INTARIAN_PEPPER_ROOT,0,549800,0.0,-1.5,0.03847487001733102,1.3377622870655677
INTARIAN_PEPPER_ROOT,0,550500,0.0,0.0,0.03847487001733102,1.3377622870655677
INTARIAN_PEPPER_ROOT,0,551100,0.0,-1.5,0.03847487001733102,1.3377622870655677
INTARIAN_PEPPER_ROOT,0,551500,0.0,0.0,0.03847487001733102,1.3377622870655677
INTARIAN_PEPPER_ROOT,0,551800,0.0,0.0,0.03847487001733102,1.3377622870655677
INTARIAN_PEPPER_ROOT,0,553200,0.0,2.0,0.03847487001733102,1.3377622870655677
INTARIAN_PEPPER_ROOT,0,554200,0.0,-5.0,0.03847487001733102,1.3377622870655677
INTARIAN_PEPPER_ROOT,0,554500,0.0,0.0,0.03847487001733102,1.3377622870655677
INTARIAN_PEPPER_ROOT,0,554900,0.0,0.0,0.03847487001733102,1.3377622870655677
INTARIAN_PEPPER_ROOT,0,555000,0.0,-2.5,0.03847487001733102,1.3377622870655677
INTARIAN_PEPPER_ROOT,0,555200,0.0,0.5,0.03847487001733102,1.3377622870655677
INTARIAN_PEPPER_ROOT,0,555500,0.0,0.0,0.03847487001733102,1.3377622870655677
INTARIAN_PEPPER_ROOT,0,555900,0.0,1.5,0.03847487001733102,1.3377622870655677
INTARIAN_PEPPER_ROOT,0,556200,0.0,0.5,0.03847487001733102,1.3377622870655677
INTARIAN_PEPPER_ROOT,0,557800,0.0,1.5,0.03847487001733102,1.3377622870655677
INTARIAN_PEPPER_ROOT,0,558000,0.0,0.0,0.03847487001733102,1.3377622870655677
INTARIAN_PEPPER_ROOT,0,558200,0.0,-1.5,0.03847487001733102,1.3377622870655677
INTARIAN_PEPPER_ROOT,0,559500,0.0,-1.5,0.03847487001733102,1.3377622870655677
INTARIAN_PEPPER_ROOT,0,559800,0.0,0.0,0.03847487001733102,1.3377622870655677
INTARIAN_PEPPER_ROOT,0,560000,0.0,0.0,0.03847487001733102,1.3377622870655677
INTARIAN_PEPPER_ROOT,0,560100,0.0,0.0,0.03847487001733102,1.3377622870655677
INTARIAN_PEPPER_ROOT,0,562500,0.0,0.0,0.03847487001733102,1.3377622870655677
INTARIAN_PEPPER_ROOT,0,562900,0.0,1.5,0.03847487001733102,1.3377622870655677
INTARIAN_PEPPER_ROOT,0,563500,0.0,0.0,0.03847487001733102,1.3377622870655677
INTARIAN_PEPPER_ROOT,0,565200,0.0,0.5,0.03847487001733102,1.3377622870655677
INTARIAN_PEPPER_ROOT,0,565900,0.0,0.0,0.03847487001733102,1.3377622870655677
INTARIAN_PEPPER_ROOT,0,566000,0.0,-1.5,0.03847487001733102,1.3377622870655677
INTARIAN_PEPPER_ROOT,0,567200,0.0,0.5,0.03847487001733102,1.3377622870655677
INTARIAN_PEPPER_ROOT,0,568100,0.0,-5.5,0.03847487001733102,1.3377622870655677
INTARIAN_PEPPER_ROOT,0,568800,0.0,0.0,0.03847487001733102,1.3377622870655677
INTARIAN_PEPPER_ROOT,0,568900,0.0,5.0,0.03847487001733102,1.3377622870655677
INTARIAN_PEPPER_ROOT,0,569500,0.0,0.0,0.03847487001733102,1.3377622870655677
INTARIAN_PEPPER_ROOT,0,569800,0.0,0.0,0.03847487001733102,1.3377622870655677
INTARIAN_PEPPER_ROOT,0,570100,0.0,0.0,0.03847487001733102,1.3377622870655677
INTARIAN_PEPPER_ROOT,0,570200,0.0,0.5,0.03847487001733102,1.3377622870655677
INTARIAN_PEPPER_ROOT,0,570900,0.0,0.0,0.03847487001733102,1.3377622870655677
INTARIAN_PEPPER_ROOT,0,571000,0.0,0.0,0.03847487001733102,1.3377622870655677
INTARIAN_PEPPER_ROOT,0,571100,0.0,0.0,0.03847487001733102,1.3377622870655677
INTARIAN_PEPPER_ROOT,0,571500,0.0,0.0,0.03847487001733102,1.3377622870655677
INTARIAN_PEPPER_ROOT,0,572200,0.0,2.0,0.03847487001733102,1.3377622870655677
INTARIAN_PEPPER_ROOT,0,572500,0.0,0.0,0.03847487001733102,1.3377622870655677
INTARIAN_PEPPER_ROOT,0,572800,0.0,0.0,0.03847487001733102,1.3377622870655677
INTARIAN_PEPPER_ROOT,0,572900,0.0,0.0,0.03847487001733102,1.3377622870655677
INTARIAN_PEPPER_ROOT,0,573200,0.0,0.5,0.03847487001733102,1.3377622870655677
INTARIAN_PEPPER_ROOT,0,573500,0.0,0.0,0.03847487001733102,1.3377622870655677
INTARIAN_PEPPER_ROOT,0,573800,0.0,0.0,0.03847487001733102,1.3377622870655677
INTARIAN_PEPPER_ROOT,0,574000,0.0,0.0,0.03847487001733102,1.3377622870655677
INTARIAN_PEPPER_ROOT,0,574100,0.0,0.0,0.03847487001733102,1.3377622870655677
INTARIAN_PEPPER_ROOT,0,574200,0.0,0.5,0.03847487001733102,1.3377622870655677
INTARIAN_PEPPER_ROOT,0,575000,0.0,0.0,0.03847487001733102,1.3377622870655677
INTARIAN_PEPPER_ROOT,0,575100,0.0,0.0,0.03847487001733102,1.3377622870655677
INTARIAN_PEPPER_ROOT,0,575800,0.0,1.5,0.03847487001733102,1.3377622870655677
INTARIAN_PEPPER_ROOT,0,576900,0.0,0.0,0.03847487001733102,1.3377622870655677
INTARIAN_PEPPER_ROOT,0,577500,0.0,0.0,0.03847487001733102,1.3377622870655677
INTARIAN_PEPPER_ROOT,0,577800,0.0,0.0,0.03847487001733102,1.3377622870655677
INTARIAN_PEPPER_ROOT,0,577900,0.0,0.0,0.03847487001733102,1.3377622870655677
INTARIAN_PEPPER_ROOT,0,578000,0.0,0.0,0.03847487001733102,1.3377622870655677
INTARIAN_PEPPER_ROOT,0,578100,0.0,0.0,0.03847487001733102,1.3377622870655677
INTARIAN_PEPPER_ROOT,0,578200,0.0,-2.0,0.03847487001733102,1.3377622870655677
INTARIAN_PEPPER_ROOT,0,578800,0.0,0.0,0.03847487001733102,1.3377622870655677
INTARIAN_PEPPER_ROOT,0,579500,0.0,0.0,0.03847487001733102,1.3377622870655677
INTARIAN_PEPPER_ROOT,0,580100,0.0,0.0,0.03847487001733102,1.3377622870655677
INTARIAN_PEPPER_ROOT,0,580200,0.0,0.5,0.03847487001733102,1.3377622870655677
INTARIAN_PEPPER_ROOT,0,581100,0.0,0.0,0.03847487001733102,1.3377622870655677
INTARIAN_PEPPER_ROOT,0,581200,0.0,0.5,0.03847487001733102,1.3377622870655677
INTARIAN_PEPPER_ROOT,0,581500,0.0,0.0,0.03847487001733102,1.3377622870655677
INTARIAN_PEPPER_ROOT,0,582200,0.0,0.5,0.03847487001733102,1.3377622870655677
INTARIAN_PEPPER_ROOT,0,582800,0.0,0.0,0.03847487001733102,1.3377622870655677
INTARIAN_PEPPER_ROOT,0,583200,0.0,0.5,0.03847487001733102,1.3377622870655677
INTARIAN_PEPPER_ROOT,0,585000,0.0,-1.5,0.03847487001733102,1.3377622870655677
INTARIAN_PEPPER_ROOT,0,587100,0.0,0.0,0.03847487001733102,1.3377622870655677
INTARIAN_PEPPER_ROOT,0,587800,0.0,0.0,0.03847487001733102,1.3377622870655677
INTARIAN_PEPPER_ROOT,0,589800,0.0,0.0,0.03847487001733102,1.3377622870655677
INTARIAN_PEPPER_ROOT,0,589900,0.0,0.0,0.03847487001733102,1.3377622870655677
INTARIAN_PEPPER_ROOT,0,590800,0.0,1.5,0.03847487001733102,1.3377622870655677
INTARIAN_PEPPER_ROOT,0,591000,0.0,-1.5,0.03847487001733102,1.3377622870655677
INTARIAN_PEPPER_ROOT,0,592000,0.0,0.0,0.03847487001733102,1.3377622870655677
INTARIAN_PEPPER_ROOT,0,592100,0.0,0.0,0.03847487001733102,1.3377622870655677
INTARIAN_PEPPER_ROOT,0,592800,0.0,0.0,0.03847487001733102,1.3377622870655677
INTARIAN_PEPPER_ROOT,0,594000,0.0,0.0,0.03847487001733102,1.3377622870655677
INTARIAN_PEPPER_ROOT,0,594100,0.0,0.0,0.03847487001733102,1.3377622870655677
INTARIAN_PEPPER_ROOT,0,595100,0.0,0.0,0.03847487001733102,1.3377622870655677
INTARIAN_PEPPER_ROOT,0,595200,0.0,0.0,0.03847487001733102,1.3377622870655677
INTARIAN_PEPPER_ROOT,0,596100,0.0,0.0,0.03847487001733102,1.3377622870655677
INTARIAN_PEPPER_ROOT,0,597000,0.0,0.0,0.03847487001733102,1.3377622870655677
INTARIAN_PEPPER_ROOT,0,597800,0.0,1.5,0.03847487001733102,1.3377622870655677
INTARIAN_PEPPER_ROOT,0,598000,0.0,0.0,0.03847487001733102,1.3377622870655677
INTARIAN_PEPPER_ROOT,0,598100,0.0,0.0,0.03847487001733102,1.3377622870655677
INTARIAN_PEPPER_ROOT,0,598500,0.0,0.0,0.03847487001733102,1.3377622870655677
INTARIAN_PEPPER_ROOT,0,598900,0.0,5.0,0.03847487001733102,1.3377622870655677
INTARIAN_PEPPER_ROOT,0,599100,0.0,0.0,0.03847487001733102,1.3377622870655677
INTARIAN_PEPPER_ROOT,0,599800,0.0,1.5,0.03847487001733102,1.3377622870655677
INTARIAN_PEPPER_ROOT,0,600100,0.0,0.0,0.03847487001733102,1.3377622870655677
INTARIAN_PEPPER_ROOT,0,600300,0.0,0.5,0.03847487001733102,1.3377622870655677
INTARIAN_PEPPER_ROOT,0,600500,0.0,-1.5,0.03847487001733102,1.3377622870655677
INTARIAN_PEPPER_ROOT,0,600800,0.0,0.0,0.03847487001733102,1.3377622870655677
INTARIAN_PEPPER_ROOT,0,601200,0.0,0.0,0.03847487001733102,1.3377622870655677
INTARIAN_PEPPER_ROOT,0,601300,0.0,-1.5,0.03847487001733102,1.3377622870655677
INTARIAN_PEPPER_ROOT,0,602300,0.0,0.5,0.03847487001733102,1.3377622870655677
INTARIAN_PEPPER_ROOT,0,602700,0.0,0.0,0.03847487001733102,1.3377622870655677
INTARIAN_PEPPER_ROOT,0,603000,0.0,-1.5,0.03847487001733102,1.3377622870655677
INTARIAN_PEPPER_ROOT,0,603300,0.0,0.5,0.03847487001733102,1.3377622870655677
INTARIAN_PEPPER_ROOT,0,603500,0.0,0.0,0.03847487001733102,1.3377622870655677
INTARIAN_PEPPER_ROOT,0,603700,0.0,0.0,0.03847487001733102,1.3377622870655677
INTARIAN_PEPPER_ROOT,0,603900,0.0,0.0,0.03847487001733102,1.3377622870655677
INTARIAN_PEPPER_ROOT,0,604100,0.0,0.0,0.03847487001733102,1.3377622870655677
INTARIAN_PEPPER_ROOT,0,604200,0.0,0.0,0.03847487001733102,1.3377622870655677
INTARIAN_PEPPER_ROOT,0,604500,0.0,-1.5,0.03847487001733102,1.3377622870655677
INTARIAN_PEPPER_ROOT,0,604700,0.0,0.0,0.03847487001733102,1.3377622870655677
INTARIAN_PEPPER_ROOT,0,604800,0.0,-1.5,0.03847487001733102,1.3377622870655677
INTARIAN_PEPPER_ROOT,0,605200,0.0,-1.5,0.03847487001733102,1.3377622870655677
INTARIAN_PEPPER_ROOT,0,605900,0.0,0.0,0.03847487001733102,1.3377622870655677
INTARIAN_PEPPER_ROOT,0,606300,0.0,2.0,0.03847487001733102,1.3377622870655677
INTARIAN_PEPPER_ROOT,0,606500,0.0,0.5,0.03847487001733102,1.3377622870655677
INTARIAN_PEPPER_ROOT,0,607200,0.0,0.0,0.03847487001733102,1.3377622870655677
INTARIAN_PEPPER_ROOT,0,607300,0.0,0.5,0.03847487001733102,1.3377622870655677
INTARIAN_PEPPER_ROOT,0,607800,0.0,0.0,0.03847487001733102,1.3377622870655677
INTARIAN_PEPPER_ROOT,0,607900,0.0,-5.5,0.03847487001733102,1.3377622870655677
INTARIAN_PEPPER_ROOT,0,608100,0.0,0.0,0.03847487001733102,1.3377622870655677
INTARIAN_PEPPER_ROOT,0,608200,0.0,0.0,0.03847487001733102,1.3377622870655677
INTARIAN_PEPPER_ROOT,0,608300,0.0,0.5,0.03847487001733102,1.3377622870655677
INTARIAN_PEPPER_ROOT,0,609000,0.0,1.5,0.03847487001733102,1.3377622870655677
INTARIAN_PEPPER_ROOT,0,609200,0.0,0.0,0.03847487001733102,1.3377622870655677
INTARIAN_PEPPER_ROOT,0,609300,0.0,2.0,0.03847487001733102,1.3377622870655677
INTARIAN_PEPPER_ROOT,0,610000,0.0,1.5,0.03847487001733102,1.3377622870655677
INTARIAN_PEPPER_ROOT,0,610200,0.0,0.0,0.03847487001733102,1.3377622870655677
INTARIAN_PEPPER_ROOT,0,610300,0.0,0.5,0.03847487001733102,1.3377622870655677
INTARIAN_PEPPER_ROOT,0,610900,0.0,0.0,0.03847487001733102,1.3377622870655677
INTARIAN_PEPPER_ROOT,0,612000,0.0,0.0,0.03847487001733102,1.3377622870655677
INTARIAN_PEPPER_ROOT,0,612100,0.0,0.0,0.03847487001733102,1.3377622870655677
INTARIAN_PEPPER_ROOT,0,612200,0.0,0.0,0.03847487001733102,1.3377622870655677
INTARIAN_PEPPER_ROOT,0,612800,0.0,-1.5,0.03847487001733102,1.3377622870655677
INTARIAN_PEPPER_ROOT,0,613100,0.0,0.0,0.03847487001733102,1.3377622870655677
INTARIAN_PEPPER_ROOT,0,613200,0.0,0.0,0.03847487001733102,1.3377622870655677
INTARIAN_PEPPER_ROOT,0,613500,0.0,0.0,0.03847487001733102,1.3377622870655677
INTARIAN_PEPPER_ROOT,0,613700,0.0,2.0,0.03847487001733102,1.3377622870655677
INTARIAN_PEPPER_ROOT,0,613900,0.0,0.0,0.03847487001733102,1.3377622870655677
INTARIAN_PEPPER_ROOT,0,614100,0.0,0.0,0.03847487001733102,1.3377622870655677
INTARIAN_PEPPER_ROOT,0,614300,0.0,0.5,0.03847487001733102,1.3377622870655677
INTARIAN_PEPPER_ROOT,0,614500,0.0,0.0,0.03847487001733102,1.3377622870655677
INTARIAN_PEPPER_ROOT,0,614700,0.0,-1.5,0.03847487001733102,1.3377622870655677
INTARIAN_PEPPER_ROOT,0,614900,0.0,0.0,0.03847487001733102,1.3377622870655677
INTARIAN_PEPPER_ROOT,0,615500,0.0,0.0,0.03847487001733102,1.3377622870655677
INTARIAN_PEPPER_ROOT,0,616000,0.0,0.0,0.03847487001733102,1.3377622870655677
INTARIAN_PEPPER_ROOT,0,616200,0.0,0.0,0.03847487001733102,1.3377622870655677
INTARIAN_PEPPER_ROOT,0,616500,0.0,0.0,0.03847487001733102,1.3377622870655677
INTARIAN_PEPPER_ROOT,0,616800,0.0,-2.5,0.03847487001733102,1.3377622870655677
INTARIAN_PEPPER_ROOT,0,617300,0.0,0.5,0.03847487001733102,1.3377622870655677
INTARIAN_PEPPER_ROOT,0,617800,0.0,-1.5,0.03847487001733102,1.3377622870655677
INTARIAN_PEPPER_ROOT,0,618100,0.0,0.0,0.03847487001733102,1.3377622870655677
INTARIAN_PEPPER_ROOT,0,618500,0.0,2.0,0.03847487001733102,1.3377622870655677
INTARIAN_PEPPER_ROOT,0,619000,0.0,0.0,0.03847487001733102,1.3377622870655677
INTARIAN_PEPPER_ROOT,0,619100,0.0,0.0,0.03847487001733102,1.3377622870655677
INTARIAN_PEPPER_ROOT,0,619700,0.0,0.0,0.03847487001733102,1.3377622870655677
INTARIAN_PEPPER_ROOT,0,619800,0.0,0.0,0.03847487001733102,1.3377622870655677
INTARIAN_PEPPER_ROOT,0,619900,0.0,0.0,0.03847487001733102,1.3377622870655677
INTARIAN_PEPPER_ROOT,0,620000,0.0,1.5,0.03847487001733102,1.3377622870655677
INTARIAN_PEPPER_ROOT,0,620200,0.0,-1.5,0.03847487001733102,1.3377622870655677
INTARIAN_PEPPER_ROOT,0,620900,0.0,-1.5,0.03847487001733102,1.3377622870655677
INTARIAN_PEPPER_ROOT,0,621100,0.0,0.0,0.03847487001733102,1.3377622870655677
INTARIAN_PEPPER_ROOT,0,621200,0.0,0.0,0.03847487001733102,1.3377622870655677
INTARIAN_PEPPER_ROOT,0,621300,0.0,0.5,0.03847487001733102,1.3377622870655677
INTARIAN_PEPPER_ROOT,0,621800,0.0,5.0,0.03847487001733102,1.3377622870655677
INTARIAN_PEPPER_ROOT,0,622000,0.0,1.5,0.03847487001733102,1.3377622870655677
INTARIAN_PEPPER_ROOT,0,622200,0.0,0.0,0.03847487001733102,1.3377622870655677
INTARIAN_PEPPER_ROOT,0,622300,0.0,0.5,0.03847487001733102,1.3377622870655677
INTARIAN_PEPPER_ROOT,0,622800,0.0,0.0,0.03847487001733102,1.3377622870655677
INTARIAN_PEPPER_ROOT,0,624700,0.0,1.5,0.03847487001733102,1.3377622870655677
INTARIAN_PEPPER_ROOT,0,624900,0.0,0.0,0.03847487001733102,1.3377622870655677
INTARIAN_PEPPER_ROOT,0,625900,0.0,0.0,0.03847487001733102,1.3377622870655677
INTARIAN_PEPPER_ROOT,0,626000,0.0,0.0,0.03847487001733102,1.3377622870655677
INTARIAN_PEPPER_ROOT,0,626300,0.0,-1.5,0.03847487001733102,1.3377622870655677
INTARIAN_PEPPER_ROOT,0,626700,0.0,1.5,0.03847487001733102,1.3377622870655677
INTARIAN_PEPPER_ROOT,0,627000,0.0,0.0,0.03847487001733102,1.3377622870655677
INTARIAN_PEPPER_ROOT,0,627100,0.0,1.5,0.03847487001733102,1.3377622870655677
INTARIAN_PEPPER_ROOT,0,627500,0.0,0.0,0.03847487001733102,1.3377622870655677
INTARIAN_PEPPER_ROOT,0,628000,0.0,0.0,0.03847487001733102,1.3377622870655677
INTARIAN_PEPPER_ROOT,0,628100,0.0,-1.5,0.03847487001733102,1.3377622870655677
INTARIAN_PEPPER_ROOT,0,628300,0.0,0.5,0.03847487001733102,1.3377622870655677
INTARIAN_PEPPER_ROOT,0,628500,0.0,0.0,0.03847487001733102,1.3377622870655677
INTARIAN_PEPPER_ROOT,0,628700,0.0,0.0,0.03847487001733102,1.3377622870655677
INTARIAN_PEPPER_ROOT,0,629500,0.0,0.0,0.03847487001733102,1.3377622870655677
INTARIAN_PEPPER_ROOT,0,629700,0.0,0.0,0.03847487001733102,1.3377622870655677
INTARIAN_PEPPER_ROOT,0,629800,0.0,0.0,0.03847487001733102,1.3377622870655677
INTARIAN_PEPPER_ROOT,0,629900,0.0,0.0,0.03847487001733102,1.3377622870655677
INTARIAN_PEPPER_ROOT,0,630100,0.0,0.0,0.03847487001733102,1.3377622870655677
INTARIAN_PEPPER_ROOT,0,630200,0.0,0.0,0.03847487001733102,1.3377622870655677
INTARIAN_PEPPER_ROOT,0,630300,0.0,0.5,0.03847487001733102,1.3377622870655677
INTARIAN_PEPPER_ROOT,0,630700,0.0,0.0,0.03847487001733102,1.3377622870655677
INTARIAN_PEPPER_ROOT,0,631000,0.0,0.0,0.03847487001733102,1.3377622870655677
INTARIAN_PEPPER_ROOT,0,631100,0.0,-1.5,0.03847487001733102,1.3377622870655677
INTARIAN_PEPPER_ROOT,0,631900,0.0,1.5,0.03847487001733102,1.3377622870655677
INTARIAN_PEPPER_ROOT,0,632200,0.0,0.0,0.03847487001733102,1.3377622870655677
INTARIAN_PEPPER_ROOT,0,632300,0.0,2.0,0.03847487001733102,1.3377622870655677
INTARIAN_PEPPER_ROOT,0,632500,0.0,0.0,0.03847487001733102,1.3377622870655677
INTARIAN_PEPPER_ROOT,0,632800,0.0,1.5,0.03847487001733102,1.3377622870655677
INTARIAN_PEPPER_ROOT,0,633000,0.0,-4.0,0.03847487001733102,1.3377622870655677
INTARIAN_PEPPER_ROOT,0,633200,0.0,1.5,0.03847487001733102,1.3377622870655677
INTARIAN_PEPPER_ROOT,0,633900,0.0,-1.5,0.03847487001733102,1.3377622870655677
INTARIAN_PEPPER_ROOT,0,634200,0.0,-1.5,0.03847487001733102,1.3377622870655677
INTARIAN_PEPPER_ROOT,0,634800,0.0,0.0,0.03847487001733102,1.3377622870655677
INTARIAN_PEPPER_ROOT,0,634900,0.0,5.0,0.03847487001733102,1.3377622870655677
INTARIAN_PEPPER_ROOT,0,635700,0.0,-1.5,0.03847487001733102,1.3377622870655677
INTARIAN_PEPPER_ROOT,0,635900,0.0,1.5,0.03847487001733102,1.3377622870655677
INTARIAN_PEPPER_ROOT,0,636700,0.0,-1.5,0.03847487001733102,1.3377622870655677
INTARIAN_PEPPER_ROOT,0,636900,0.0,0.0,0.03847487001733102,1.3377622870655677
INTARIAN_PEPPER_ROOT,0,637300,0.0,0.5,0.03847487001733102,1.3377622870655677
INTARIAN_PEPPER_ROOT,0,637500,0.0,0.0,0.03847487001733102,1.3377622870655677
INTARIAN_PEPPER_ROOT,0,637900,0.0,0.0,0.03847487001733102,1.3377622870655677
INTARIAN_PEPPER_ROOT,0,638000,0.0,0.0,0.03847487001733102,1.3377622870655677
INTARIAN_PEPPER_ROOT,0,638100,0.0,0.0,0.03847487001733102,1.3377622870655677
INTARIAN_PEPPER_ROOT,0,638200,0.0,-1.5,0.03847487001733102,1.3377622870655677
INTARIAN_PEPPER_ROOT,0,638700,0.0,0.0,0.03847487001733102,1.3377622870655677
INTARIAN_PEPPER_ROOT,0,638800,0.0,0.0,0.03847487001733102,1.3377622870655677
INTARIAN_PEPPER_ROOT,0,638900,0.0,0.0,0.03847487001733102,1.3377622870655677
INTARIAN_PEPPER_ROOT,0,639100,0.0,0.0,0.03847487001733102,1.3377622870655677
INTARIAN_PEPPER_ROOT,0,639300,0.0,-1.5,0.03847487001733102,1.3377622870655677
INTARIAN_PEPPER_ROOT,0,639700,0.0,6.5,0.03847487001733102,1.3377622870655677
INTARIAN_PEPPER_ROOT,0,640000,0.0,0.0,0.03847487001733102,1.3377622870655677
INTARIAN_PEPPER_ROOT,0,640100,0.0,0.0,0.03847487001733102,1.3377622870655677
INTARIAN_PEPPER_ROOT,0,640200,0.0,-1.5,0.03847487001733102,1.3377622870655677
INTARIAN_PEPPER_ROOT,0,640700,0.0,0.0,0.03847487001733102,1.3377622870655677
INTARIAN_PEPPER_ROOT,0,640800,0.0,0.0,0.03847487001733102,1.3377622870655677
INTARIAN_PEPPER_ROOT,0,641000,0.0,0.0,0.03847487001733102,1.3377622870655677
INTARIAN_PEPPER_ROOT,0,641300,0.0,0.5,0.03847487001733102,1.3377622870655677
INTARIAN_PEPPER_ROOT,0,641700,0.0,5.0,0.03847487001733102,1.3377622870655677
INTARIAN_PEPPER_ROOT,0,642100,0.0,0.0,0.03847487001733102,1.3377622870655677
INTARIAN_PEPPER_ROOT,0,642200,0.0,0.0,0.03847487001733102,1.3377622870655677
INTARIAN_PEPPER_ROOT,0,642300,0.0,-5.0,0.03847487001733102,1.3377622870655677
INTARIAN_PEPPER_ROOT,0,642500,0.0,0.0,0.03847487001733102,1.3377622870655677
INTARIAN_PEPPER_ROOT,0,642800,0.0,1.5,0.03847487001733102,1.3377622870655677
INTARIAN_PEPPER_ROOT,0,643300,0.0,0.5,0.03847487001733102,1.3377622870655677
INTARIAN_PEPPER_ROOT,0,643700,0.0,0.0,0.03847487001733102,1.3377622870655677
INTARIAN_PEPPER_ROOT,0,644200,0.0,0.0,0.03847487001733102,1.3377622870655677
INTARIAN_PEPPER_ROOT,0,644300,0.0,0.5,0.03847487001733102,1.3377622870655677
INTARIAN_PEPPER_ROOT,0,644800,0.0,-1.5,0.03847487001733102,1.3377622870655677
INTARIAN_PEPPER_ROOT,0,645000,0.0,0.0,0.03847487001733102,1.3377622870655677
INTARIAN_PEPPER_ROOT,0,645100,0.0,-5.5,0.03847487001733102,1.3377622870655677
INTARIAN_PEPPER_ROOT,0,646100,0.0,0.0,0.03847487001733102,1.3377622870655677
INTARIAN_PEPPER_ROOT,0,646700,0.0,0.0,0.03847487001733102,1.3377622870655677
INTARIAN_PEPPER_ROOT,0,646800,0.0,1.5,0.03847487001733102,1.3377622870655677
INTARIAN_PEPPER_ROOT,0,647000,0.0,-1.5,0.03847487001733102,1.3377622870655677
INTARIAN_PEPPER_ROOT,0,647500,0.0,0.0,0.03847487001733102,1.3377622870655677
INTARIAN_PEPPER_ROOT,0,648200,0.0,1.5,0.03847487001733102,1.3377622870655677
INTARIAN_PEPPER_ROOT,0,648700,0.0,0.0,0.03847487001733102,1.3377622870655677
INTARIAN_PEPPER_ROOT,0,648800,0.0,0.0,0.03847487001733102,1.3377622870655677
INTARIAN_PEPPER_ROOT,0,649000,0.0,1.5,0.03847487001733102,1.3377622870655677
INTARIAN_PEPPER_ROOT,0,650000,0.0,-1.5,0.03847487001733102,1.3377622870655677
INTARIAN_PEPPER_ROOT,0,650200,0.0,0.0,0.03847487001733102,1.3377622870655677
INTARIAN_PEPPER_ROOT,0,650500,0.0,0.0,0.03847487001733102,1.3377622870655677
INTARIAN_PEPPER_ROOT,0,650800,0.0,-5.5,0.03847487001733102,1.3377622870655677
INTARIAN_PEPPER_ROOT,0,651100,0.0,0.0,0.03847487001733102,1.3377622870655677
INTARIAN_PEPPER_ROOT,0,651500,0.0,0.0,0.03847487001733102,1.3377622870655677
INTARIAN_PEPPER_ROOT,0,652000,0.0,0.0,0.03847487001733102,1.3377622870655677
INTARIAN_PEPPER_ROOT,0,652100,0.0,0.0,0.03847487001733102,1.3377622870655677
INTARIAN_PEPPER_ROOT,0,652700,0.0,0.0,0.03847487001733102,1.3377622870655677
INTARIAN_PEPPER_ROOT,0,652800,0.0,0.0,0.03847487001733102,1.3377622870655677
INTARIAN_PEPPER_ROOT,0,653000,0.0,0.0,0.03847487001733102,1.3377622870655677
INTARIAN_PEPPER_ROOT,0,653100,0.0,0.0,0.03847487001733102,1.3377622870655677
INTARIAN_PEPPER_ROOT,0,653200,0.0,0.0,0.03847487001733102,1.3377622870655677
INTARIAN_PEPPER_ROOT,0,653500,0.0,0.0,0.03847487001733102,1.3377622870655677
INTARIAN_PEPPER_ROOT,0,653700,0.0,0.0,0.03847487001733102,1.3377622870655677
INTARIAN_PEPPER_ROOT,0,654000,0.0,0.0,0.03847487001733102,1.3377622870655677
INTARIAN_PEPPER_ROOT,0,654100,0.0,0.0,0.03847487001733102,1.3377622870655677
INTARIAN_PEPPER_ROOT,0,654200,0.0,0.0,0.03847487001733102,1.3377622870655677
INTARIAN_PEPPER_ROOT,0,654300,0.0,0.5,0.03847487001733102,1.3377622870655677
INTARIAN_PEPPER_ROOT,0,654500,0.0,0.0,0.03847487001733102,1.3377622870655677
INTARIAN_PEPPER_ROOT,0,654800,0.0,0.0,0.03847487001733102,1.3377622870655677
INTARIAN_PEPPER_ROOT,0,655700,0.0,0.0,0.03847487001733102,1.3377622870655677
INTARIAN_PEPPER_ROOT,0,656900,0.0,0.0,0.03847487001733102,1.3377622870655677
INTARIAN_PEPPER_ROOT,0,657300,0.0,0.5,0.03847487001733102,1.3377622870655677
INTARIAN_PEPPER_ROOT,0,657700,0.0,-1.5,0.03847487001733102,1.3377622870655677
INTARIAN_PEPPER_ROOT,0,658000,0.0,0.0,0.03847487001733102,1.3377622870655677
INTARIAN_PEPPER_ROOT,0,658200,0.0,0.0,0.03847487001733102,1.3377622870655677
INTARIAN_PEPPER_ROOT,0,658700,0.0,1.5,0.03847487001733102,1.3377622870655677
INTARIAN_PEPPER_ROOT,0,659000,0.0,0.0,0.03847487001733102,1.3377622870655677
INTARIAN_PEPPER_ROOT,0,659300,0.0,0.5,0.03847487001733102,1.3377622870655677
INTARIAN_PEPPER_ROOT,0,660100,0.0,0.0,0.03847487001733102,1.3377622870655677
INTARIAN_PEPPER_ROOT,0,660700,0.0,0.0,0.03847487001733102,1.3377622870655677
INTARIAN_PEPPER_ROOT,0,660900,0.0,0.0,0.03847487001733102,1.3377622870655677
INTARIAN_PEPPER_ROOT,0,661100,0.0,0.0,0.03847487001733102,1.3377622870655677
INTARIAN_PEPPER_ROOT,0,661200,0.0,0.0,0.03847487001733102,1.3377622870655677
INTARIAN_PEPPER_ROOT,0,661300,0.0,0.5,0.03847487001733102,1.3377622870655677
INTARIAN_PEPPER_ROOT,0,661500,0.0,0.0,0.03847487001733102,1.3377622870655677
INTARIAN_PEPPER_ROOT,0,662000,0.0,0.0,0.03847487001733102,1.3377622870655677
INTARIAN_PEPPER_ROOT,0,662200,0.0,0.0,0.03847487001733102,1.3377622870655677
INTARIAN_PEPPER_ROOT,0,662300,0.0,0.5,0.03847487001733102,1.3377622870655677
INTARIAN_PEPPER_ROOT,0,662800,0.0,0.0,0.03847487001733102,1.3377622870655677
INTARIAN_PEPPER_ROOT,0,662900,0.0,0.0,0.03847487001733102,1.3377622870655677
INTARIAN_PEPPER_ROOT,0,663500,0.0,-7.0,0.03847487001733102,1.3377622870655677
INTARIAN_PEPPER_ROOT,0,663800,0.0,-1.5,0.03847487001733102,1.3377622870655677
INTARIAN_PEPPER_ROOT,0,664000,0.0,-1.5,0.03847487001733102,1.3377622870655677
INTARIAN_PEPPER_ROOT,0,664700,0.0,1.5,0.03847487001733102,1.3377622870655677
INTARIAN_PEPPER_ROOT,0,665200,0.0,1.5,0.03847487001733102,1.3377622870655677
INTARIAN_PEPPER_ROOT,0,665800,0.0,0.0,0.03847487001733102,1.3377622870655677
INTARIAN_PEPPER_ROOT,0,665900,0.0,0.0,0.03847487001733102,1.3377622870655677
INTARIAN_PEPPER_ROOT,0,666300,0.0,-1.5,0.03847487001733102,1.3377622870655677
INTARIAN_PEPPER_ROOT,0,666700,0.0,0.0,0.03847487001733102,1.3377622870655677
INTARIAN_PEPPER_ROOT,0,666800,0.0,1.5,0.03847487001733102,1.3377622870655677
INTARIAN_PEPPER_ROOT,0,667700,0.0,0.0,0.03847487001733102,1.3377622870655677
INTARIAN_PEPPER_ROOT,0,668000,0.0,0.0,0.03847487001733102,1.3377622870655677
INTARIAN_PEPPER_ROOT,0,668500,0.0,0.0,0.03847487001733102,1.3377622870655677
INTARIAN_PEPPER_ROOT,0,669100,0.0,1.5,0.03847487001733102,1.3377622870655677
INTARIAN_PEPPER_ROOT,0,669700,0.0,-1.5,0.03847487001733102,1.3377622870655677
INTARIAN_PEPPER_ROOT,0,669900,0.0,1.5,0.03847487001733102,1.3377622870655677
INTARIAN_PEPPER_ROOT,0,670100,0.0,0.0,0.03847487001733102,1.3377622870655677
INTARIAN_PEPPER_ROOT,0,671300,0.0,0.5,0.03847487001733102,1.3377622870655677
INTARIAN_PEPPER_ROOT,0,671500,0.0,0.0,0.03847487001733102,1.3377622870655677
INTARIAN_PEPPER_ROOT,0,671800,0.0,0.0,0.03847487001733102,1.3377622870655677
INTARIAN_PEPPER_ROOT,0,671900,0.0,0.0,0.03847487001733102,1.3377622870655677
INTARIAN_PEPPER_ROOT,0,672000,0.0,0.0,0.03847487001733102,1.3377622870655677
INTARIAN_PEPPER_ROOT,0,672100,0.0,0.0,0.03847487001733102,1.3377622870655677
INTARIAN_PEPPER_ROOT,0,672200,0.0,1.5,0.03847487001733102,1.3377622870655677
INTARIAN_PEPPER_ROOT,0,672900,0.0,0.0,0.03847487001733102,1.3377622870655677
INTARIAN_PEPPER_ROOT,0,673500,0.0,0.5,0.03847487001733102,1.3377622870655677
INTARIAN_PEPPER_ROOT,0,673700,0.0,0.0,0.03847487001733102,1.3377622870655677
INTARIAN_PEPPER_ROOT,0,673800,0.0,0.0,0.03847487001733102,1.3377622870655677
INTARIAN_PEPPER_ROOT,0,674100,0.0,0.0,0.03847487001733102,1.3377622870655677
INTARIAN_PEPPER_ROOT,0,674200,0.0,0.0,0.03847487001733102,1.3377622870655677
INTARIAN_PEPPER_ROOT,0,674300,0.0,0.5,0.03847487001733102,1.3377622870655677
INTARIAN_PEPPER_ROOT,0,674700,0.0,0.0,0.03847487001733102,1.3377622870655677
INTARIAN_PEPPER_ROOT,0,674800,0.0,0.0,0.03847487001733102,1.3377622870655677
INTARIAN_PEPPER_ROOT,0,674900,0.0,-1.5,0.03847487001733102,1.3377622870655677
INTARIAN_PEPPER_ROOT,0,675500,0.0,0.0,0.03847487001733102,1.3377622870655677
INTARIAN_PEPPER_ROOT,0,676300,0.0,-1.5,0.03847487001733102,1.3377622870655677
INTARIAN_PEPPER_ROOT,0,676500,0.0,5.0,0.03847487001733102,1.3377622870655677
INTARIAN_PEPPER_ROOT,0,676700,0.0,0.0,0.03847487001733102,1.3377622870655677
INTARIAN_PEPPER_ROOT,0,676800,0.0,0.0,0.03847487001733102,1.3377622870655677
INTARIAN_PEPPER_ROOT,0,676900,0.0,0.0,0.03847487001733102,1.3377622870655677
INTARIAN_PEPPER_ROOT,0,677000,0.0,0.0,0.03847487001733102,1.3377622870655677
INTARIAN_PEPPER_ROOT,0,677100,0.0,0.0,0.03847487001733102,1.3377622870655677
INTARIAN_PEPPER_ROOT,0,677200,0.0,0.0,0.03847487001733102,1.3377622870655677
INTARIAN_PEPPER_ROOT,0,677500,0.0,0.0,0.03847487001733102,1.3377622870655677
INTARIAN_PEPPER_ROOT,0,677700,0.0,0.0,0.03847487001733102,1.3377622870655677
INTARIAN_PEPPER_ROOT,0,677800,0.0,0.0,0.03847487001733102,1.3377622870655677
INTARIAN_PEPPER_ROOT,0,677900,0.0,-1.5,0.03847487001733102,1.3377622870655677
INTARIAN_PEPPER_ROOT,0,678200,0.0,1.5,0.03847487001733102,1.3377622870655677
INTARIAN_PEPPER_ROOT,0,679900,0.0,0.0,0.03847487001733102,1.3377622870655677
INTARIAN_PEPPER_ROOT,0,680000,0.0,0.0,0.03847487001733102,1.3377622870655677
INTARIAN_PEPPER_ROOT,0,680500,0.0,0.0,0.03847487001733102,1.3377622870655677
INTARIAN_PEPPER_ROOT,0,680900,0.0,0.0,0.03847487001733102,1.3377622870655677
INTARIAN_PEPPER_ROOT,0,681100,0.0,-1.5,0.03847487001733102,1.3377622870655677
INTARIAN_PEPPER_ROOT,0,681300,0.0,0.5,0.03847487001733102,1.3377622870655677
INTARIAN_PEPPER_ROOT,0,682300,0.0,-1.5,0.03847487001733102,1.3377622870655677
INTARIAN_PEPPER_ROOT,0,682700,0.0,-1.5,0.03847487001733102,1.3377622870655677
INTARIAN_PEPPER_ROOT,0,683200,0.0,-5.5,0.03847487001733102,1.3377622870655677
INTARIAN_PEPPER_ROOT,0,685000,0.0,0.0,0.03847487001733102,1.3377622870655677
INTARIAN_PEPPER_ROOT,0,685300,0.0,2.0,0.03847487001733102,1.3377622870655677
INTARIAN_PEPPER_ROOT,0,685500,0.0,0.0,0.03847487001733102,1.3377622870655677
INTARIAN_PEPPER_ROOT,0,686100,0.0,0.0,0.03847487001733102,1.3377622870655677
INTARIAN_PEPPER_ROOT,0,686200,0.0,0.0,0.03847487001733102,1.3377622870655677
INTARIAN_PEPPER_ROOT,0,686300,0.0,0.5,0.03847487001733102,1.3377622870655677
INTARIAN_PEPPER_ROOT,0,686700,0.0,0.0,0.03847487001733102,1.3377622870655677
INTARIAN_PEPPER_ROOT,0,686800,0.0,0.0,0.03847487001733102,1.3377622870655677
INTARIAN_PEPPER_ROOT,0,686900,0.0,0.0,0.03847487001733102,1.3377622870655677
INTARIAN_PEPPER_ROOT,0,687000,0.0,0.0,0.03847487001733102,1.3377622870655677
INTARIAN_PEPPER_ROOT,0,687500,0.0,0.0,0.03847487001733102,1.3377622870655677
INTARIAN_PEPPER_ROOT,0,688000,0.0,0.0,0.03847487001733102,1.3377622870655677
INTARIAN_PEPPER_ROOT,0,688100,0.0,-5.5,0.03847487001733102,1.3377622870655677
INTARIAN_PEPPER_ROOT,0,688700,0.0,0.0,0.03847487001733102,1.3377622870655677
INTARIAN_PEPPER_ROOT,0,688800,0.0,0.0,0.03847487001733102,1.3377622870655677
INTARIAN_PEPPER_ROOT,0,689100,0.0,1.5,0.03847487001733102,1.3377622870655677
INTARIAN_PEPPER_ROOT,0,689500,0.0,0.0,0.03847487001733102,1.3377622870655677
INTARIAN_PEPPER_ROOT,0,689800,0.0,0.0,0.03847487001733102,1.3377622870655677
INTARIAN_PEPPER_ROOT,0,689900,0.0,-1.5,0.03847487001733102,1.3377622870655677
INTARIAN_PEPPER_ROOT,0,690300,0.0,0.5,0.03847487001733102,1.3377622870655677
INTARIAN_PEPPER_ROOT,0,690900,0.0,0.0,0.03847487001733102,1.3377622870655677
INTARIAN_PEPPER_ROOT,0,691900,0.0,0.0,0.03847487001733102,1.3377622870655677
INTARIAN_PEPPER_ROOT,0,692900,0.0,0.0,0.03847487001733102,1.3377622870655677
INTARIAN_PEPPER_ROOT,0,694200,0.0,-1.5,0.03847487001733102,1.3377622870655677
INTARIAN_PEPPER_ROOT,0,694700,0.0,0.0,0.03847487001733102,1.3377622870655677
INTARIAN_PEPPER_ROOT,0,695200,0.0,0.0,0.03847487001733102,1.3377622870655677
INTARIAN_PEPPER_ROOT,0,695300,0.0,-1.5,0.03847487001733102,1.3377622870655677
INTARIAN_PEPPER_ROOT,0,695900,0.0,0.0,0.03847487001733102,1.3377622870655677
INTARIAN_PEPPER_ROOT,0,696000,0.0,1.5,0.03847487001733102,1.3377622870655677
INTARIAN_PEPPER_ROOT,0,696500,0.0,2.0,0.03847487001733102,1.3377622870655677
INTARIAN_PEPPER_ROOT,0,697300,0.0,0.5,0.03847487001733102,1.3377622870655677
INTARIAN_PEPPER_ROOT,0,697900,0.0,0.0,0.03847487001733102,1.3377622870655677
INTARIAN_PEPPER_ROOT,0,698100,0.0,0.0,0.03847487001733102,1.3377622870655677
INTARIAN_PEPPER_ROOT,0,698900,0.0,0.0,0.03847487001733102,1.3377622870655677
INTARIAN_PEPPER_ROOT,0,699000,0.0,0.0,0.03847487001733102,1.3377622870655677
INTARIAN_PEPPER_ROOT,0,699100,0.0,0.0,0.03847487001733102,1.3377622870655677
INTARIAN_PEPPER_ROOT,0,699200,0.0,0.0,0.03847487001733102,1.3377622870655677
INTARIAN_PEPPER_ROOT,0,699300,0.0,0.5,0.03847487001733102,1.3377622870655677
INTARIAN_PEPPER_ROOT,0,699500,0.0,0.0,0.03847487001733102,1.3377622870655677
INTARIAN_PEPPER_ROOT,0,699800,0.0,1.5,0.03847487001733102,1.3377622870655677
INTARIAN_PEPPER_ROOT,0,700100,0.0,0.0,0.03847487001733102,1.3377622870655677
INTARIAN_PEPPER_ROOT,0,700200,0.0,0.0,0.03847487001733102,1.3377622870655677
INTARIAN_PEPPER_ROOT,0,700300,0.0,0.5,0.03847487001733102,1.3377622870655677
INTARIAN_PEPPER_ROOT,0,700700,0.0,-1.5,0.03847487001733102,1.3377622870655677
INTARIAN_PEPPER_ROOT,0,700900,0.0,0.0,0.03847487001733102,1.3377622870655677
INTARIAN_PEPPER_ROOT,0,701000,0.0,1.5,0.03847487001733102,1.3377622870655677
INTARIAN_PEPPER_ROOT,0,701200,0.0,0.0,0.03847487001733102,1.3377622870655677
INTARIAN_PEPPER_ROOT,0,701300,0.0,0.5,0.03847487001733102,1.3377622870655677
INTARIAN_PEPPER_ROOT,0,701500,0.0,0.0,0.03847487001733102,1.3377622870655677
INTARIAN_PEPPER_ROOT,0,701900,0.0,0.0,0.03847487001733102,1.3377622870655677
INTARIAN_PEPPER_ROOT,0,702000,0.0,0.0,0.03847487001733102,1.3377622870655677
INTARIAN_PEPPER_ROOT,0,702200,0.0,0.0,0.03847487001733102,1.3377622870655677
INTARIAN_PEPPER_ROOT,0,702700,0.0,0.0,0.03847487001733102,1.3377622870655677
INTARIAN_PEPPER_ROOT,0,702800,0.0,0.0,0.03847487001733102,1.3377622870655677
INTARIAN_PEPPER_ROOT,0,702900,0.0,0.0,0.03847487001733102,1.3377622870655677
INTARIAN_PEPPER_ROOT,0,703000,0.0,0.0,0.03847487001733102,1.3377622870655677
INTARIAN_PEPPER_ROOT,0,703100,0.0,0.0,0.03847487001733102,1.3377622870655677
INTARIAN_PEPPER_ROOT,0,703200,0.0,0.0,0.03847487001733102,1.3377622870655677
INTARIAN_PEPPER_ROOT,0,703300,0.0,2.0,0.03847487001733102,1.3377622870655677
INTARIAN_PEPPER_ROOT,0,703500,0.0,0.5,0.03847487001733102,1.3377622870655677
INTARIAN_PEPPER_ROOT,0,704100,0.0,1.5,0.03847487001733102,1.3377622870655677
INTARIAN_PEPPER_ROOT,0,704300,0.0,0.5,0.03847487001733102,1.3377622870655677
INTARIAN_PEPPER_ROOT,0,705500,0.0,0.0,0.03847487001733102,1.3377622870655677
INTARIAN_PEPPER_ROOT,0,705800,0.0,0.0,0.03847487001733102,1.3377622870655677
INTARIAN_PEPPER_ROOT,0,706500,0.0,0.0,0.03847487001733102,1.3377622870655677
INTARIAN_PEPPER_ROOT,0,706900,0.0,-1.5,0.03847487001733102,1.3377622870655677
INTARIAN_PEPPER_ROOT,0,707500,0.0,5.0,0.03847487001733102,1.3377622870655677
INTARIAN_PEPPER_ROOT,0,707700,0.0,0.0,0.03847487001733102,1.3377622870655677
INTARIAN_PEPPER_ROOT,0,707800,0.0,1.5,0.03847487001733102,1.3377622870655677
INTARIAN_PEPPER_ROOT,0,708200,0.0,0.0,0.03847487001733102,1.3377622870655677
INTARIAN_PEPPER_ROOT,0,708700,0.0,0.0,0.03847487001733102,1.3377622870655677
INTARIAN_PEPPER_ROOT,0,709700,0.0,0.0,0.03847487001733102,1.3377622870655677
INTARIAN_PEPPER_ROOT,0,710000,0.0,0.0,0.03847487001733102,1.3377622870655677
INTARIAN_PEPPER_ROOT,0,710100,0.0,1.5,0.03847487001733102,1.3377622870655677
INTARIAN_PEPPER_ROOT,0,712000,0.0,0.0,0.03847487001733102,1.3377622870655677
INTARIAN_PEPPER_ROOT,0,712100,0.0,0.0,0.03847487001733102,1.3377622870655677
INTARIAN_PEPPER_ROOT,0,712200,0.0,0.0,0.03847487001733102,1.3377622870655677
INTARIAN_PEPPER_ROOT,0,712300,0.0,0.5,0.03847487001733102,1.3377622870655677
INTARIAN_PEPPER_ROOT,0,713000,0.0,0.0,0.03847487001733102,1.3377622870655677
INTARIAN_PEPPER_ROOT,0,713100,0.0,-1.5,0.03847487001733102,1.3377622870655677
INTARIAN_PEPPER_ROOT,0,713300,0.0,0.5,0.03847487001733102,1.3377622870655677
INTARIAN_PEPPER_ROOT,0,713500,0.0,0.0,0.03847487001733102,1.3377622870655677
INTARIAN_PEPPER_ROOT,0,714200,0.0,0.0,0.03847487001733102,1.3377622870655677
INTARIAN_PEPPER_ROOT,0,714300,0.0,2.0,0.03847487001733102,1.3377622870655677
INTARIAN_PEPPER_ROOT,0,714700,0.0,0.0,0.03847487001733102,1.3377622870655677
INTARIAN_PEPPER_ROOT,0,714800,0.0,0.0,0.03847487001733102,1.3377622870655677
INTARIAN_PEPPER_ROOT,0,714900,0.0,-1.5,0.03847487001733102,1.3377622870655677
INTARIAN_PEPPER_ROOT,0,715200,0.0,0.0,0.03847487001733102,1.3377622870655677
INTARIAN_PEPPER_ROOT,0,716200,0.0,1.5,0.03847487001733102,1.3377622870655677
INTARIAN_PEPPER_ROOT,0,717000,0.0,0.0,0.03847487001733102,1.3377622870655677
INTARIAN_PEPPER_ROOT,0,717800,0.0,0.0,0.03847487001733102,1.3377622870655677
INTARIAN_PEPPER_ROOT,0,718000,0.0,0.0,0.03847487001733102,1.3377622870655677
INTARIAN_PEPPER_ROOT,0,718100,0.0,0.0,0.03847487001733102,1.3377622870655677
INTARIAN_PEPPER_ROOT,0,718200,0.0,1.5,0.03847487001733102,1.3377622870655677
INTARIAN_PEPPER_ROOT,0,719000,0.0,-1.5,0.03847487001733102,1.3377622870655677
INTARIAN_PEPPER_ROOT,0,719200,0.0,0.0,0.03847487001733102,1.3377622870655677
INTARIAN_PEPPER_ROOT,0,719500,0.0,0.0,0.03847487001733102,1.3377622870655677
INTARIAN_PEPPER_ROOT,0,719700,0.0,0.0,0.03847487001733102,1.3377622870655677
INTARIAN_PEPPER_ROOT,0,719800,0.0,-5.5,0.03847487001733102,1.3377622870655677
INTARIAN_PEPPER_ROOT,0,720500,0.0,-1.5,0.03847487001733102,1.3377622870655677
INTARIAN_PEPPER_ROOT,0,720700,0.0,0.0,0.03847487001733102,1.3377622870655677
INTARIAN_PEPPER_ROOT,0,720800,0.0,0.0,0.03847487001733102,1.3377622870655677
INTARIAN_PEPPER_ROOT,0,720900,0.0,1.5,0.03847487001733102,1.3377622870655677
INTARIAN_PEPPER_ROOT,0,721700,0.0,0.0,0.03847487001733102,1.3377622870655677
INTARIAN_PEPPER_ROOT,0,722100,0.0,0.0,0.03847487001733102,1.3377622870655677
INTARIAN_PEPPER_ROOT,0,722300,0.0,2.0,0.03847487001733102,1.3377622870655677
INTARIAN_PEPPER_ROOT,0,723100,0.0,0.0,0.03847487001733102,1.3377622870655677
INTARIAN_PEPPER_ROOT,0,723300,0.0,0.5,0.03847487001733102,1.3377622870655677
INTARIAN_PEPPER_ROOT,0,723700,0.0,-1.5,0.03847487001733102,1.3377622870655677
INTARIAN_PEPPER_ROOT,0,724200,0.0,0.0,0.03847487001733102,1.3377622870655677
INTARIAN_PEPPER_ROOT,0,724500,0.0,0.0,0.03847487001733102,1.3377622870655677
INTARIAN_PEPPER_ROOT,0,724800,0.0,0.0,0.03847487001733102,1.3377622870655677
INTARIAN_PEPPER_ROOT,0,724900,0.0,-7.0,0.03847487001733102,1.3377622870655677
INTARIAN_PEPPER_ROOT,0,725700,0.0,-1.5,0.03847487001733102,1.3377622870655677
INTARIAN_PEPPER_ROOT,0,726000,0.0,0.0,0.03847487001733102,1.3377622870655677
INTARIAN_PEPPER_ROOT,0,726100,0.0,0.0,0.03847487001733102,1.3377622870655677
INTARIAN_PEPPER_ROOT,0,726200,0.0,0.0,0.03847487001733102,1.3377622870655677
INTARIAN_PEPPER_ROOT,0,726300,0.0,0.5,0.03847487001733102,1.3377622870655677
INTARIAN_PEPPER_ROOT,0,726700,0.0,-1.5,0.03847487001733102,1.3377622870655677
INTARIAN_PEPPER_ROOT,0,726900,0.0,0.0,0.03847487001733102,1.3377622870655677
INTARIAN_PEPPER_ROOT,0,727000,0.0,0.0,0.03847487001733102,1.3377622870655677
INTARIAN_PEPPER_ROOT,0,727700,0.0,1.5,0.03847487001733102,1.3377622870655677
INTARIAN_PEPPER_ROOT,0,728500,0.0,0.0,0.03847487001733102,1.3377622870655677
INTARIAN_PEPPER_ROOT,0,728700,0.0,0.0,0.03847487001733102,1.3377622870655677
INTARIAN_PEPPER_ROOT,0,728800,0.0,3.5,0.03847487001733102,1.3377622870655677
INTARIAN_PEPPER_ROOT,0,729800,0.0,1.5,0.03847487001733102,1.3377622870655677
INTARIAN_PEPPER_ROOT,0,730100,0.0,0.0,0.03847487001733102,1.3377622870655677
INTARIAN_PEPPER_ROOT,0,730200,0.0,0.0,0.03847487001733102,1.3377622870655677
INTARIAN_PEPPER_ROOT,0,730500,0.0,2.0,0.03847487001733102,1.3377622870655677
INTARIAN_PEPPER_ROOT,0,730700,0.0,1.5,0.03847487001733102,1.3377622870655677
INTARIAN_PEPPER_ROOT,0,731200,0.0,-1.5,0.03847487001733102,1.3377622870655677
INTARIAN_PEPPER_ROOT,0,731900,0.0,0.0,0.03847487001733102,1.3377622870655677
INTARIAN_PEPPER_ROOT,0,732000,0.0,0.0,0.03847487001733102,1.3377622870655677
INTARIAN_PEPPER_ROOT,0,732200,0.0,0.0,0.03847487001733102,1.3377622870655677
INTARIAN_PEPPER_ROOT,0,732500,0.0,-1.5,0.03847487001733102,1.3377622870655677
INTARIAN_PEPPER_ROOT,0,732900,0.0,-1.5,0.03847487001733102,1.3377622870655677
INTARIAN_PEPPER_ROOT,0,733100,0.0,1.5,0.03847487001733102,1.3377622870655677
INTARIAN_PEPPER_ROOT,0,733300,0.0,0.5,0.03847487001733102,1.3377622870655677
INTARIAN_PEPPER_ROOT,0,733800,0.0,0.0,0.03847487001733102,1.3377622870655677
INTARIAN_PEPPER_ROOT,0,734000,0.0,0.0,0.03847487001733102,1.3377622870655677
INTARIAN_PEPPER_ROOT,0,734800,0.0,-1.5,0.03847487001733102,1.3377622870655677
INTARIAN_PEPPER_ROOT,0,735200,0.0,0.0,0.03847487001733102,1.3377622870655677
INTARIAN_PEPPER_ROOT,0,735300,0.0,0.5,0.03847487001733102,1.3377622870655677
INTARIAN_PEPPER_ROOT,0,735700,0.0,3.5,0.03847487001733102,1.3377622870655677
INTARIAN_PEPPER_ROOT,0,737000,0.0,0.0,0.03847487001733102,1.3377622870655677
INTARIAN_PEPPER_ROOT,0,737100,0.0,0.0,0.03847487001733102,1.3377622870655677
INTARIAN_PEPPER_ROOT,0,737200,0.0,0.0,0.03847487001733102,1.3377622870655677
INTARIAN_PEPPER_ROOT,0,738100,0.0,-1.5,0.03847487001733102,1.3377622870655677
INTARIAN_PEPPER_ROOT,0,738300,0.0,0.5,0.03847487001733102,1.3377622870655677
INTARIAN_PEPPER_ROOT,0,738700,0.0,0.0,0.03847487001733102,1.3377622870655677
INTARIAN_PEPPER_ROOT,0,739800,0.0,-1.5,0.03847487001733102,1.3377622870655677
INTARIAN_PEPPER_ROOT,0,740000,0.0,-1.5,0.03847487001733102,1.3377622870655677
INTARIAN_PEPPER_ROOT,0,740700,0.0,0.0,0.03847487001733102,1.3377622870655677
INTARIAN_PEPPER_ROOT,0,740800,0.0,0.0,0.03847487001733102,1.3377622870655677
INTARIAN_PEPPER_ROOT,0,740900,0.0,0.0,0.03847487001733102,1.3377622870655677
INTARIAN_PEPPER_ROOT,0,741300,0.0,0.5,0.03847487001733102,1.3377622870655677
INTARIAN_PEPPER_ROOT,0,741700,0.0,0.0,0.03847487001733102,1.3377622870655677
INTARIAN_PEPPER_ROOT,0,742000,0.0,0.0,0.03847487001733102,1.3377622870655677
INTARIAN_PEPPER_ROOT,0,742200,0.0,1.5,0.03847487001733102,1.3377622870655677
INTARIAN_PEPPER_ROOT,0,742500,0.0,0.0,0.03847487001733102,1.3377622870655677
INTARIAN_PEPPER_ROOT,0,742700,0.0,0.0,0.03847487001733102,1.3377622870655677
INTARIAN_PEPPER_ROOT,0,742800,0.0,0.0,0.03847487001733102,1.3377622870655677
INTARIAN_PEPPER_ROOT,0,743100,0.0,0.0,0.03847487001733102,1.3377622870655677
INTARIAN_PEPPER_ROOT,0,743200,0.0,0.0,0.03847487001733102,1.3377622870655677
INTARIAN_PEPPER_ROOT,0,744300,0.0,-1.5,0.03847487001733102,1.3377622870655677
INTARIAN_PEPPER_ROOT,0,744500,0.0,0.0,0.03847487001733102,1.3377622870655677
INTARIAN_PEPPER_ROOT,0,744800,0.0,0.0,0.03847487001733102,1.3377622870655677
INTARIAN_PEPPER_ROOT,0,745100,0.0,0.0,0.03847487001733102,1.3377622870655677
INTARIAN_PEPPER_ROOT,0,745200,0.0,0.0,0.03847487001733102,1.3377622870655677
INTARIAN_PEPPER_ROOT,0,746200,0.0,1.5,0.03847487001733102,1.3377622870655677
INTARIAN_PEPPER_ROOT,0,746700,0.0,5.0,0.03847487001733102,1.3377622870655677
INTARIAN_PEPPER_ROOT,0,747000,0.0,0.0,0.03847487001733102,1.3377622870655677
INTARIAN_PEPPER_ROOT,0,747100,0.0,-1.5,0.03847487001733102,1.3377622870655677
INTARIAN_PEPPER_ROOT,0,747300,0.0,2.0,0.03847487001733102,1.3377622870655677
INTARIAN_PEPPER_ROOT,0,747700,0.0,0.0,0.03847487001733102,1.3377622870655677
INTARIAN_PEPPER_ROOT,0,747800,0.0,0.0,0.03847487001733102,1.3377622870655677
INTARIAN_PEPPER_ROOT,0,747900,0.0,1.5,0.03847487001733102,1.3377622870655677
INTARIAN_PEPPER_ROOT,0,749000,0.0,0.0,0.03847487001733102,1.3377622870655677
INTARIAN_PEPPER_ROOT,0,749100,0.0,0.0,0.03847487001733102,1.3377622870655677
INTARIAN_PEPPER_ROOT,0,749300,0.0,-1.5,0.03847487001733102,1.3377622870655677
INTARIAN_PEPPER_ROOT,0,750200,0.0,-1.5,0.03847487001733102,1.3377622870655677
INTARIAN_PEPPER_ROOT,0,750700,0.0,-1.5,0.03847487001733102,1.3377622870655677
INTARIAN_PEPPER_ROOT,0,750900,0.0,0.0,0.03847487001733102,1.3377622870655677
INTARIAN_PEPPER_ROOT,0,751000,0.0,-1.5,0.03847487001733102,1.3377622870655677
INTARIAN_PEPPER_ROOT,0,751300,0.0,2.0,0.03847487001733102,1.3377622870655677
INTARIAN_PEPPER_ROOT,0,751500,0.0,-1.5,0.03847487001733102,1.3377622870655677
INTARIAN_PEPPER_ROOT,0,752100,0.0,-1.5,0.03847487001733102,1.3377622870655677
INTARIAN_PEPPER_ROOT,0,752300,0.0,0.5,0.03847487001733102,1.3377622870655677
INTARIAN_PEPPER_ROOT,0,752900,0.0,0.0,0.03847487001733102,1.3377622870655677
INTARIAN_PEPPER_ROOT,0,753800,0.0,1.5,0.03847487001733102,1.3377622870655677
INTARIAN_PEPPER_ROOT,0,754300,0.0,0.5,0.03847487001733102,1.3377622870655677
INTARIAN_PEPPER_ROOT,0,754500,0.0,2.0,0.03847487001733102,1.3377622870655677
INTARIAN_PEPPER_ROOT,0,754700,0.0,0.0,0.03847487001733102,1.3377622870655677
INTARIAN_PEPPER_ROOT,0,754800,0.0,0.0,0.03847487001733102,1.3377622870655677
INTARIAN_PEPPER_ROOT,0,754900,0.0,1.5,0.03847487001733102,1.3377622870655677
INTARIAN_PEPPER_ROOT,0,755200,0.0,1.5,0.03847487001733102,1.3377622870655677
INTARIAN_PEPPER_ROOT,0,756800,0.0,0.0,0.03847487001733102,1.3377622870655677
INTARIAN_PEPPER_ROOT,0,756900,0.0,0.0,0.03847487001733102,1.3377622870655677
INTARIAN_PEPPER_ROOT,0,757000,0.0,0.0,0.03847487001733102,1.3377622870655677
INTARIAN_PEPPER_ROOT,0,757300,0.0,-1.5,0.03847487001733102,1.3377622870655677
INTARIAN_PEPPER_ROOT,0,758100,0.0,0.0,0.03847487001733102,1.3377622870655677
INTARIAN_PEPPER_ROOT,0,758200,0.0,0.0,0.03847487001733102,1.3377622870655677
INTARIAN_PEPPER_ROOT,0,758300,0.0,0.5,0.03847487001733102,1.3377622870655677
INTARIAN_PEPPER_ROOT,0,759900,0.0,1.5,0.03847487001733102,1.3377622870655677
INTARIAN_PEPPER_ROOT,0,760100,0.0,0.0,0.03847487001733102,1.3377622870655677
INTARIAN_PEPPER_ROOT,0,760500,0.0,0.0,0.03847487001733102,1.3377622870655677
INTARIAN_PEPPER_ROOT,0,760700,0.0,0.0,0.03847487001733102,1.3377622870655677
INTARIAN_PEPPER_ROOT,0,761200,0.0,0.0,0.03847487001733102,1.3377622870655677
INTARIAN_PEPPER_ROOT,0,761300,0.0,0.5,0.03847487001733102,1.3377622870655677
INTARIAN_PEPPER_ROOT,0,761800,0.0,1.5,0.03847487001733102,1.3377622870655677
INTARIAN_PEPPER_ROOT,0,762100,0.0,0.0,0.03847487001733102,1.3377622870655677
INTARIAN_PEPPER_ROOT,0,762200,0.0,1.5,0.03847487001733102,1.3377622870655677
INTARIAN_PEPPER_ROOT,0,762500,0.0,-1.5,0.03847487001733102,1.3377622870655677
INTARIAN_PEPPER_ROOT,0,763200,0.0,0.0,0.03847487001733102,1.3377622870655677
INTARIAN_PEPPER_ROOT,0,763300,0.0,0.5,0.03847487001733102,1.3377622870655677
INTARIAN_PEPPER_ROOT,0,764000,0.0,0.0,0.03847487001733102,1.3377622870655677
INTARIAN_PEPPER_ROOT,0,764100,0.0,-1.5,0.03847487001733102,1.3377622870655677
INTARIAN_PEPPER_ROOT,0,764700,0.0,0.0,0.03847487001733102,1.3377622870655677
INTARIAN_PEPPER_ROOT,0,764800,0.0,0.0,0.03847487001733102,1.3377622870655677
INTARIAN_PEPPER_ROOT,0,765000,0.0,0.0,0.03847487001733102,1.3377622870655677
INTARIAN_PEPPER_ROOT,0,765100,0.0,1.5,0.03847487001733102,1.3377622870655677
INTARIAN_PEPPER_ROOT,0,765500,0.0,0.0,0.03847487001733102,1.3377622870655677
INTARIAN_PEPPER_ROOT,0,765800,0.0,0.0,0.03847487001733102,1.3377622870655677
INTARIAN_PEPPER_ROOT,0,765900,0.0,0.0,0.03847487001733102,1.3377622870655677
INTARIAN_PEPPER_ROOT,0,766000,0.0,0.0,0.03847487001733102,1.3377622870655677
INTARIAN_PEPPER_ROOT,0,766100,0.0,-1.5,0.03847487001733102,1.3377622870655677
INTARIAN_PEPPER_ROOT,0,766400,0.0,-1.5,0.03847487001733102,1.3377622870655677
INTARIAN_PEPPER_ROOT,0,766500,0.0,0.0,0.03847487001733102,1.3377622870655677
INTARIAN_PEPPER_ROOT,0,766700,0.0,0.0,0.03847487001733102,1.3377622870655677
INTARIAN_PEPPER_ROOT,0,766900,0.0,0.0,0.03847487001733102,1.3377622870655677
INTARIAN_PEPPER_ROOT,0,767200,0.0,0.0,0.03847487001733102,1.3377622870655677
INTARIAN_PEPPER_ROOT,0,767300,0.0,0.5,0.03847487001733102,1.3377622870655677
INTARIAN_PEPPER_ROOT,0,767800,0.0,0.0,0.03847487001733102,1.3377622870655677
INTARIAN_PEPPER_ROOT,0,767900,0.0,-1.5,0.03847487001733102,1.3377622870655677
INTARIAN_PEPPER_ROOT,0,768700,0.0,1.5,0.03847487001733102,1.3377622870655677
INTARIAN_PEPPER_ROOT,0,768900,0.0,0.0,0.03847487001733102,1.3377622870655677
INTARIAN_PEPPER_ROOT,0,769000,0.0,0.0,0.03847487001733102,1.3377622870655677
INTARIAN_PEPPER_ROOT,0,769200,0.0,0.0,0.03847487001733102,1.3377622870655677
INTARIAN_PEPPER_ROOT,0,769900,0.0,5.0,0.03847487001733102,1.3377622870655677
INTARIAN_PEPPER_ROOT,0,770100,0.0,0.0,0.03847487001733102,1.3377622870655677
INTARIAN_PEPPER_ROOT,0,770200,0.0,-1.5,0.03847487001733102,1.3377622870655677
INTARIAN_PEPPER_ROOT,0,770500,0.0,-1.5,0.03847487001733102,1.3377622870655677
INTARIAN_PEPPER_ROOT,0,770800,0.0,1.5,0.03847487001733102,1.3377622870655677
INTARIAN_PEPPER_ROOT,0,771500,0.0,0.0,0.03847487001733102,1.3377622870655677
INTARIAN_PEPPER_ROOT,0,772200,0.0,0.0,0.03847487001733102,1.3377622870655677
INTARIAN_PEPPER_ROOT,0,772300,0.0,0.5,0.03847487001733102,1.3377622870655677
INTARIAN_PEPPER_ROOT,0,773100,0.0,0.0,0.03847487001733102,1.3377622870655677
INTARIAN_PEPPER_ROOT,0,773700,0.0,0.0,0.03847487001733102,1.3377622870655677
INTARIAN_PEPPER_ROOT,0,773900,0.0,0.0,0.03847487001733102,1.3377622870655677
INTARIAN_PEPPER_ROOT,0,774100,0.0,0.0,0.03847487001733102,1.3377622870655677
INTARIAN_PEPPER_ROOT,0,774200,0.0,-1.5,0.03847487001733102,1.3377622870655677
INTARIAN_PEPPER_ROOT,0,774800,0.0,-1.5,0.03847487001733102,1.3377622870655677
INTARIAN_PEPPER_ROOT,0,775300,0.0,0.5,0.03847487001733102,1.3377622870655677
INTARIAN_PEPPER_ROOT,0,775500,0.0,0.0,0.03847487001733102,1.3377622870655677
INTARIAN_PEPPER_ROOT,0,775800,0.0,0.0,0.03847487001733102,1.3377622870655677
INTARIAN_PEPPER_ROOT,0,776000,0.0,0.0,0.03847487001733102,1.3377622870655677
INTARIAN_PEPPER_ROOT,0,776100,0.0,0.0,0.03847487001733102,1.3377622870655677
INTARIAN_PEPPER_ROOT,0,776200,0.0,0.0,0.03847487001733102,1.3377622870655677
INTARIAN_PEPPER_ROOT,0,777100,0.0,1.5,0.03847487001733102,1.3377622870655677
INTARIAN_PEPPER_ROOT,0,777700,0.0,0.0,0.03847487001733102,1.3377622870655677
INTARIAN_PEPPER_ROOT,0,778800,0.0,0.0,0.03847487001733102,1.3377622870655677
INTARIAN_PEPPER_ROOT,0,779000,0.0,0.0,0.03847487001733102,1.3377622870655677
INTARIAN_PEPPER_ROOT,0,779100,0.0,0.0,0.03847487001733102,1.3377622870655677
INTARIAN_PEPPER_ROOT,0,779200,0.0,1.5,0.03847487001733102,1.3377622870655677
INTARIAN_PEPPER_ROOT,0,779700,0.0,-1.5,0.03847487001733102,1.3377622870655677
INTARIAN_PEPPER_ROOT,0,780200,0.0,0.0,0.03847487001733102,1.3377622870655677
INTARIAN_PEPPER_ROOT,0,780300,0.0,0.5,0.03847487001733102,1.3377622870655677
INTARIAN_PEPPER_ROOT,0,780500,0.0,0.0,0.03847487001733102,1.3377622870655677
INTARIAN_PEPPER_ROOT,0,780800,0.0,0.0,0.03847487001733102,1.3377622870655677
INTARIAN_PEPPER_ROOT,0,780900,0.0,0.0,0.03847487001733102,1.3377622870655677
INTARIAN_PEPPER_ROOT,0,781100,0.0,1.5,0.03847487001733102,1.3377622870655677
INTARIAN_PEPPER_ROOT,0,781700,0.0,1.5,0.03847487001733102,1.3377622870655677
INTARIAN_PEPPER_ROOT,0,781900,0.0,0.0,0.03847487001733102,1.3377622870655677
INTARIAN_PEPPER_ROOT,0,782000,0.0,0.0,0.03847487001733102,1.3377622870655677
INTARIAN_PEPPER_ROOT,0,782100,0.0,1.5,0.03847487001733102,1.3377622870655677
INTARIAN_PEPPER_ROOT,0,782300,0.0,0.5,0.03847487001733102,1.3377622870655677
INTARIAN_PEPPER_ROOT,0,782800,0.0,0.0,0.03847487001733102,1.3377622870655677
INTARIAN_PEPPER_ROOT,0,784000,0.0,-1.5,0.03847487001733102,1.3377622870655677
INTARIAN_PEPPER_ROOT,0,784500,0.0,-5.5,0.03847487001733102,1.3377622870655677
INTARIAN_PEPPER_ROOT,0,785100,0.0,1.5,0.03847487001733102,1.3377622870655677
INTARIAN_PEPPER_ROOT,0,785800,0.0,0.0,0.03847487001733102,1.3377622870655677
INTARIAN_PEPPER_ROOT,0,785900,0.0,0.0,0.03847487001733102,1.3377622870655677
INTARIAN_PEPPER_ROOT,0,786000,0.0,0.0,0.03847487001733102,1.3377622870655677
INTARIAN_PEPPER_ROOT,0,786300,0.0,2.0,0.03847487001733102,1.3377622870655677
INTARIAN_PEPPER_ROOT,0,786500,0.0,0.0,0.03847487001733102,1.3377622870655677
INTARIAN_PEPPER_ROOT,0,786700,0.0,0.0,0.03847487001733102,1.3377622870655677
INTARIAN_PEPPER_ROOT,0,787000,0.0,0.0,0.03847487001733102,1.3377622870655677
INTARIAN_PEPPER_ROOT,0,787100,0.0,0.0,0.03847487001733102,1.3377622870655677
INTARIAN_PEPPER_ROOT,0,787200,0.0,-1.5,0.03847487001733102,1.3377622870655677
INTARIAN_PEPPER_ROOT,0,787500,0.0,0.0,0.03847487001733102,1.3377622870655677
INTARIAN_PEPPER_ROOT,0,788100,0.0,0.0,0.03847487001733102,1.3377622870655677
INTARIAN_PEPPER_ROOT,0,788200,0.0,0.0,0.03847487001733102,1.3377622870655677
INTARIAN_PEPPER_ROOT,0,788500,0.0,0.0,0.03847487001733102,1.3377622870655677
INTARIAN_PEPPER_ROOT,0,789000,0.0,0.0,0.03847487001733102,1.3377622870655677
INTARIAN_PEPPER_ROOT,0,789100,0.0,1.5,0.03847487001733102,1.3377622870655677
INTARIAN_PEPPER_ROOT,0,789900,0.0,0.0,0.03847487001733102,1.3377622870655677
INTARIAN_PEPPER_ROOT,0,790000,0.0,-1.5,0.03847487001733102,1.3377622870655677
INTARIAN_PEPPER_ROOT,0,790200,0.0,0.0,0.03847487001733102,1.3377622870655677
INTARIAN_PEPPER_ROOT,0,790300,0.0,0.5,0.03847487001733102,1.3377622870655677
INTARIAN_PEPPER_ROOT,0,790700,0.0,1.5,0.03847487001733102,1.3377622870655677
INTARIAN_PEPPER_ROOT,0,791100,0.0,0.0,0.03847487001733102,1.3377622870655677
INTARIAN_PEPPER_ROOT,0,791200,0.0,1.5,0.03847487001733102,1.3377622870655677
INTARIAN_PEPPER_ROOT,0,792200,0.0,0.0,0.03847487001733102,1.3377622870655677
INTARIAN_PEPPER_ROOT,0,792800,0.0,0.0,0.03847487001733102,1.3377622870655677
INTARIAN_PEPPER_ROOT,0,793100,0.0,-2.5,0.03847487001733102,1.3377622870655677
INTARIAN_PEPPER_ROOT,0,793300,0.0,-1.5,0.03847487001733102,1.3377622870655677
INTARIAN_PEPPER_ROOT,0,793700,0.0,-2.5,0.03847487001733102,1.3377622870655677
INTARIAN_PEPPER_ROOT,0,794100,0.0,0.0,0.03847487001733102,1.3377622870655677
INTARIAN_PEPPER_ROOT,0,794200,0.0,-1.5,0.03847487001733102,1.3377622870655677
INTARIAN_PEPPER_ROOT,0,794500,0.0,0.0,0.03847487001733102,1.3377622870655677
INTARIAN_PEPPER_ROOT,0,794700,0.0,0.0,0.03847487001733102,1.3377622870655677
INTARIAN_PEPPER_ROOT,0,794800,0.0,0.0,0.03847487001733102,1.3377622870655677
INTARIAN_PEPPER_ROOT,0,795100,0.0,0.0,0.03847487001733102,1.3377622870655677
INTARIAN_PEPPER_ROOT,0,795200,0.0,0.0,0.03847487001733102,1.3377622870655677
INTARIAN_PEPPER_ROOT,0,795500,0.0,0.0,0.03847487001733102,1.3377622870655677
INTARIAN_PEPPER_ROOT,0,795700,0.0,0.0,0.03847487001733102,1.3377622870655677
INTARIAN_PEPPER_ROOT,0,795800,0.0,-1.5,0.03847487001733102,1.3377622870655677
INTARIAN_PEPPER_ROOT,0,796100,0.0,1.5,0.03847487001733102,1.3377622870655677
INTARIAN_PEPPER_ROOT,0,796500,0.0,2.0,0.03847487001733102,1.3377622870655677
INTARIAN_PEPPER_ROOT,0,797100,0.0,0.0,0.03847487001733102,1.3377622870655677
INTARIAN_PEPPER_ROOT,0,797200,0.0,-1.5,0.03847487001733102,1.3377622870655677
INTARIAN_PEPPER_ROOT,0,797500,0.0,0.0,0.03847487001733102,1.3377622870655677
INTARIAN_PEPPER_ROOT,0,797800,0.0,0.0,0.03847487001733102,1.3377622870655677
INTARIAN_PEPPER_ROOT,0,797900,0.0,1.5,0.03847487001733102,1.3377622870655677
INTARIAN_PEPPER_ROOT,0,799200,0.0,0.0,0.03847487001733102,1.3377622870655677
INTARIAN_PEPPER_ROOT,0,799500,0.0,0.0,0.03847487001733102,1.3377622870655677
INTARIAN_PEPPER_ROOT,0,799700,0.0,0.0,0.03847487001733102,1.3377622870655677
INTARIAN_PEPPER_ROOT,0,799800,0.0,1.5,0.03847487001733102,1.3377622870655677
INTARIAN_PEPPER_ROOT,0,800000,0.0,0.0,0.03847487001733102,1.3377622870655677
INTARIAN_PEPPER_ROOT,0,800500,0.0,-5.5,0.03847487001733102,1.3377622870655677
INTARIAN_PEPPER_ROOT,0,800700,0.0,0.0,0.03847487001733102,1.3377622870655677
INTARIAN_PEPPER_ROOT,0,801100,0.0,-1.5,0.03847487001733102,1.3377622870655677
INTARIAN_PEPPER_ROOT,0,801700,0.0,0.0,0.03847487001733102,1.3377622870655677
INTARIAN_PEPPER_ROOT,0,802200,0.0,-1.5,0.03847487001733102,1.3377622870655677
INTARIAN_PEPPER_ROOT,0,802600,0.0,0.5,0.03847487001733102,1.3377622870655677
INTARIAN_PEPPER_ROOT,0,802700,0.0,1.5,0.03847487001733102,1.3377622870655677
INTARIAN_PEPPER_ROOT,0,802900,0.0,0.0,0.03847487001733102,1.3377622870655677
INTARIAN_PEPPER_ROOT,0,803000,0.0,0.0,0.03847487001733102,1.3377622870655677
INTARIAN_PEPPER_ROOT,0,803100,0.0,1.5,0.03847487001733102,1.3377622870655677
INTARIAN_PEPPER_ROOT,0,803300,0.0,0.0,0.03847487001733102,1.3377622870655677
INTARIAN_PEPPER_ROOT,0,803700,0.0,0.0,0.03847487001733102,1.3377622870655677
INTARIAN_PEPPER_ROOT,0,803800,0.0,-1.5,0.03847487001733102,1.3377622870655677
INTARIAN_PEPPER_ROOT,0,804000,0.0,0.0,0.03847487001733102,1.3377622870655677
INTARIAN_PEPPER_ROOT,0,804200,0.0,1.5,0.03847487001733102,1.3377622870655677
INTARIAN_PEPPER_ROOT,0,804500,0.0,-1.5,0.03847487001733102,1.3377622870655677
INTARIAN_PEPPER_ROOT,0,804700,0.0,0.0,0.03847487001733102,1.3377622870655677
INTARIAN_PEPPER_ROOT,0,804800,0.0,-1.5,0.03847487001733102,1.3377622870655677
INTARIAN_PEPPER_ROOT,0,805100,0.0,-1.5,0.03847487001733102,1.3377622870655677
INTARIAN_PEPPER_ROOT,0,805300,0.0,0.0,0.03847487001733102,1.3377622870655677
INTARIAN_PEPPER_ROOT,0,805500,0.0,0.5,0.03847487001733102,1.3377622870655677
INTARIAN_PEPPER_ROOT,0,805700,0.0,0.0,0.03847487001733102,1.3377622870655677
INTARIAN_PEPPER_ROOT,0,805800,0.0,0.0,0.03847487001733102,1.3377622870655677
INTARIAN_PEPPER_ROOT,0,806000,0.0,0.0,0.03847487001733102,1.3377622870655677
INTARIAN_PEPPER_ROOT,0,806200,0.0,-1.5,0.03847487001733102,1.3377622870655677
INTARIAN_PEPPER_ROOT,0,806500,0.0,0.5,0.03847487001733102,1.3377622870655677
INTARIAN_PEPPER_ROOT,0,806700,0.0,0.0,0.03847487001733102,1.3377622870655677
INTARIAN_PEPPER_ROOT,0,806800,0.0,0.0,0.03847487001733102,1.3377622870655677
INTARIAN_PEPPER_ROOT,0,807100,0.0,0.0,0.03847487001733102,1.3377622870655677
INTARIAN_PEPPER_ROOT,0,807200,0.0,0.0,0.03847487001733102,1.3377622870655677
INTARIAN_PEPPER_ROOT,0,807300,0.0,0.0,0.03847487001733102,1.3377622870655677
INTARIAN_PEPPER_ROOT,0,807700,0.0,0.0,0.03847487001733102,1.3377622870655677
INTARIAN_PEPPER_ROOT,0,807900,0.0,0.0,0.03847487001733102,1.3377622870655677
INTARIAN_PEPPER_ROOT,0,808000,0.0,0.0,0.03847487001733102,1.3377622870655677
INTARIAN_PEPPER_ROOT,0,808300,0.0,0.0,0.03847487001733102,1.3377622870655677
INTARIAN_PEPPER_ROOT,0,808700,0.0,0.0,0.03847487001733102,1.3377622870655677
INTARIAN_PEPPER_ROOT,0,808900,0.0,0.0,0.03847487001733102,1.3377622870655677
INTARIAN_PEPPER_ROOT,0,809700,0.0,0.0,0.03847487001733102,1.3377622870655677
INTARIAN_PEPPER_ROOT,0,809900,0.0,0.0,0.03847487001733102,1.3377622870655677
INTARIAN_PEPPER_ROOT,0,810000,0.0,-1.5,0.03847487001733102,1.3377622870655677
INTARIAN_PEPPER_ROOT,0,810200,0.0,0.0,0.03847487001733102,1.3377622870655677
INTARIAN_PEPPER_ROOT,0,810300,0.0,0.0,0.03847487001733102,1.3377622870655677
INTARIAN_PEPPER_ROOT,0,810500,0.0,0.5,0.03847487001733102,1.3377622870655677
INTARIAN_PEPPER_ROOT,0,810800,0.0,0.0,0.03847487001733102,1.3377622870655677
INTARIAN_PEPPER_ROOT,0,810900,0.0,0.0,0.03847487001733102,1.3377622870655677
INTARIAN_PEPPER_ROOT,0,811000,0.0,-1.5,0.03847487001733102,1.3377622870655677
INTARIAN_PEPPER_ROOT,0,812100,0.0,0.0,0.03847487001733102,1.3377622870655677
INTARIAN_PEPPER_ROOT,0,813000,0.0,0.0,0.03847487001733102,1.3377622870655677
INTARIAN_PEPPER_ROOT,0,813200,0.0,-1.5,0.03847487001733102,1.3377622870655677
INTARIAN_PEPPER_ROOT,0,813500,0.0,0.5,0.03847487001733102,1.3377622870655677
INTARIAN_PEPPER_ROOT,0,814000,0.0,-1.5,0.03847487001733102,1.3377622870655677
INTARIAN_PEPPER_ROOT,0,814500,0.0,0.5,0.03847487001733102,1.3377622870655677
INTARIAN_PEPPER_ROOT,0,814900,0.0,0.0,0.03847487001733102,1.3377622870655677
INTARIAN_PEPPER_ROOT,0,815700,0.0,0.0,0.03847487001733102,1.3377622870655677
INTARIAN_PEPPER_ROOT,0,815800,0.0,1.5,0.03847487001733102,1.3377622870655677
INTARIAN_PEPPER_ROOT,0,816000,0.0,1.5,0.03847487001733102,1.3377622870655677
INTARIAN_PEPPER_ROOT,0,816200,0.0,1.5,0.03847487001733102,1.3377622870655677
INTARIAN_PEPPER_ROOT,0,817000,0.0,0.0,0.03847487001733102,1.3377622870655677
INTARIAN_PEPPER_ROOT,0,817500,0.0,0.5,0.03847487001733102,1.3377622870655677
INTARIAN_PEPPER_ROOT,0,817700,0.0,0.0,0.03847487001733102,1.3377622870655677
INTARIAN_PEPPER_ROOT,0,817800,0.0,0.0,0.03847487001733102,1.3377622870655677
INTARIAN_PEPPER_ROOT,0,817900,0.0,0.0,0.03847487001733102,1.3377622870655677
INTARIAN_PEPPER_ROOT,0,818200,0.0,0.0,0.03847487001733102,1.3377622870655677
INTARIAN_PEPPER_ROOT,0,818300,0.0,0.0,0.03847487001733102,1.3377622870655677
INTARIAN_PEPPER_ROOT,0,818800,0.0,-1.5,0.03847487001733102,1.3377622870655677
INTARIAN_PEPPER_ROOT,0,819000,0.0,-1.5,0.03847487001733102,1.3377622870655677
INTARIAN_PEPPER_ROOT,0,819200,0.0,1.5,0.03847487001733102,1.3377622870655677
INTARIAN_PEPPER_ROOT,0,819500,0.0,2.0,0.03847487001733102,1.3377622870655677
INTARIAN_PEPPER_ROOT,0,819700,0.0,0.0,0.03847487001733102,1.3377622870655677
INTARIAN_PEPPER_ROOT,0,820300,0.0,0.0,0.03847487001733102,1.3377622870655677
INTARIAN_PEPPER_ROOT,0,820500,0.0,0.5,0.03847487001733102,1.3377622870655677
INTARIAN_PEPPER_ROOT,0,820700,0.0,0.0,0.03847487001733102,1.3377622870655677
INTARIAN_PEPPER_ROOT,0,821500,0.0,0.5,0.03847487001733102,1.3377622870655677
INTARIAN_PEPPER_ROOT,0,821900,0.0,-5.5,0.03847487001733102,1.3377622870655677
INTARIAN_PEPPER_ROOT,0,822100,0.0,0.0,0.03847487001733102,1.3377622870655677
INTARIAN_PEPPER_ROOT,0,822800,0.0,0.0,0.03847487001733102,1.3377622870655677
INTARIAN_PEPPER_ROOT,0,822900,0.0,0.0,0.03847487001733102,1.3377622870655677
INTARIAN_PEPPER_ROOT,0,823000,0.0,0.0,0.03847487001733102,1.3377622870655677
INTARIAN_PEPPER_ROOT,0,823800,0.0,0.0,0.03847487001733102,1.3377622870655677
INTARIAN_PEPPER_ROOT,0,823900,0.0,0.0,0.03847487001733102,1.3377622870655677
INTARIAN_PEPPER_ROOT,0,824100,0.0,-1.5,0.03847487001733102,1.3377622870655677
INTARIAN_PEPPER_ROOT,0,824500,0.0,0.5,0.03847487001733102,1.3377622870655677
INTARIAN_PEPPER_ROOT,0,824700,0.0,-2.5,0.03847487001733102,1.3377622870655677
INTARIAN_PEPPER_ROOT,0,824900,0.0,0.0,0.03847487001733102,1.3377622870655677
INTARIAN_PEPPER_ROOT,0,825000,0.0,0.0,0.03847487001733102,1.3377622870655677
INTARIAN_PEPPER_ROOT,0,825300,0.0,0.0,0.03847487001733102,1.3377622870655677
INTARIAN_PEPPER_ROOT,0,826100,0.0,3.5,0.03847487001733102,1.3377622870655677
INTARIAN_PEPPER_ROOT,0,826300,0.0,0.0,0.03847487001733102,1.3377622870655677
INTARIAN_PEPPER_ROOT,0,826500,0.0,0.5,0.03847487001733102,1.3377622870655677
INTARIAN_PEPPER_ROOT,0,826700,0.0,0.0,0.03847487001733102,1.3377622870655677
INTARIAN_PEPPER_ROOT,0,826800,0.0,0.0,0.03847487001733102,1.3377622870655677
INTARIAN_PEPPER_ROOT,0,827300,0.0,0.0,0.03847487001733102,1.3377622870655677
INTARIAN_PEPPER_ROOT,0,827500,0.0,0.5,0.03847487001733102,1.3377622870655677
INTARIAN_PEPPER_ROOT,0,827800,0.0,0.0,0.03847487001733102,1.3377622870655677
INTARIAN_PEPPER_ROOT,0,827900,0.0,1.5,0.03847487001733102,1.3377622870655677
INTARIAN_PEPPER_ROOT,0,828100,0.0,-1.5,0.03847487001733102,1.3377622870655677
INTARIAN_PEPPER_ROOT,0,828500,0.0,0.5,0.03847487001733102,1.3377622870655677
INTARIAN_PEPPER_ROOT,0,828700,0.0,-1.5,0.03847487001733102,1.3377622870655677
INTARIAN_PEPPER_ROOT,0,829200,0.0,0.0,0.03847487001733102,1.3377622870655677
INTARIAN_PEPPER_ROOT,0,829300,0.0,0.0,0.03847487001733102,1.3377622870655677
INTARIAN_PEPPER_ROOT,0,829700,0.0,1.5,0.03847487001733102,1.3377622870655677
INTARIAN_PEPPER_ROOT,0,830200,0.0,0.0,0.03847487001733102,1.3377622870655677
INTARIAN_PEPPER_ROOT,0,830300,0.0,2.0,0.03847487001733102,1.3377622870655677
INTARIAN_PEPPER_ROOT,0,830800,0.0,-5.5,0.03847487001733102,1.3377622870655677
INTARIAN_PEPPER_ROOT,0,831200,0.0,-1.5,0.03847487001733102,1.3377622870655677
INTARIAN_PEPPER_ROOT,0,831500,0.0,-1.5,0.03847487001733102,1.3377622870655677
INTARIAN_PEPPER_ROOT,0,832200,0.0,0.0,0.03847487001733102,1.3377622870655677
INTARIAN_PEPPER_ROOT,0,832900,0.0,2.0,0.03847487001733102,1.3377622870655677
INTARIAN_PEPPER_ROOT,0,833900,0.0,0.0,0.03847487001733102,1.3377622870655677
INTARIAN_PEPPER_ROOT,0,834000,0.0,1.5,0.03847487001733102,1.3377622870655677
INTARIAN_PEPPER_ROOT,0,834200,0.0,0.0,0.03847487001733102,1.3377622870655677
INTARIAN_PEPPER_ROOT,0,834300,0.0,0.0,0.03847487001733102,1.3377622870655677
INTARIAN_PEPPER_ROOT,0,834500,0.0,0.5,0.03847487001733102,1.3377622870655677
INTARIAN_PEPPER_ROOT,0,834700,0.0,0.0,0.03847487001733102,1.3377622870655677
INTARIAN_PEPPER_ROOT,0,834800,0.0,0.0,0.03847487001733102,1.3377622870655677
INTARIAN_PEPPER_ROOT,0,834900,0.0,0.0,0.03847487001733102,1.3377622870655677
INTARIAN_PEPPER_ROOT,0,835000,0.0,1.5,0.03847487001733102,1.3377622870655677
INTARIAN_PEPPER_ROOT,0,835500,0.0,2.0,0.03847487001733102,1.3377622870655677
INTARIAN_PEPPER_ROOT,0,835800,0.0,0.0,0.03847487001733102,1.3377622870655677
INTARIAN_PEPPER_ROOT,0,835900,0.0,0.0,0.03847487001733102,1.3377622870655677
INTARIAN_PEPPER_ROOT,0,836500,0.0,2.0,0.03847487001733102,1.3377622870655677
INTARIAN_PEPPER_ROOT,0,837000,0.0,-1.5,0.03847487001733102,1.3377622870655677
INTARIAN_PEPPER_ROOT,0,837300,0.0,0.0,0.03847487001733102,1.3377622870655677
INTARIAN_PEPPER_ROOT,0,837500,0.0,-1.5,0.03847487001733102,1.3377622870655677
INTARIAN_PEPPER_ROOT,0,837700,0.0,0.0,0.03847487001733102,1.3377622870655677
INTARIAN_PEPPER_ROOT,0,837800,0.0,0.0,0.03847487001733102,1.3377622870655677
INTARIAN_PEPPER_ROOT,0,837900,0.0,0.0,0.03847487001733102,1.3377622870655677
INTARIAN_PEPPER_ROOT,0,838300,0.0,0.5,0.03847487001733102,1.3377622870655677
INTARIAN_PEPPER_ROOT,0,838500,0.0,2.0,0.03847487001733102,1.3377622870655677
INTARIAN_PEPPER_ROOT,0,839300,0.0,0.0,0.03847487001733102,1.3377622870655677
INTARIAN_PEPPER_ROOT,0,839500,0.0,0.0,0.03847487001733102,1.3377622870655677
INTARIAN_PEPPER_ROOT,0,840000,0.0,0.0,0.03847487001733102,1.3377622870655677
INTARIAN_PEPPER_ROOT,0,840200,0.0,-1.5,0.03847487001733102,1.3377622870655677
INTARIAN_PEPPER_ROOT,0,841300,0.0,0.0,0.03847487001733102,1.3377622870655677
INTARIAN_PEPPER_ROOT,0,841500,0.0,-1.5,0.03847487001733102,1.3377622870655677
INTARIAN_PEPPER_ROOT,0,842000,0.0,0.0,0.03847487001733102,1.3377622870655677
INTARIAN_PEPPER_ROOT,0,842300,0.0,0.0,0.03847487001733102,1.3377622870655677
INTARIAN_PEPPER_ROOT,0,842500,0.0,0.5,0.03847487001733102,1.3377622870655677
INTARIAN_PEPPER_ROOT,0,842700,0.0,5.0,0.03847487001733102,1.3377622870655677
INTARIAN_PEPPER_ROOT,0,843000,0.0,-1.5,0.03847487001733102,1.3377622870655677
INTARIAN_PEPPER_ROOT,0,843800,0.0,0.0,0.03847487001733102,1.3377622870655677
INTARIAN_PEPPER_ROOT,0,843900,0.0,5.0,0.03847487001733102,1.3377622870655677
INTARIAN_PEPPER_ROOT,0,844100,0.0,-1.5,0.03847487001733102,1.3377622870655677
INTARIAN_PEPPER_ROOT,0,844300,0.0,0.0,0.03847487001733102,1.3377622870655677
INTARIAN_PEPPER_ROOT,0,844500,0.0,2.5,0.03847487001733102,1.3377622870655677
INTARIAN_PEPPER_ROOT,0,844900,0.0,0.0,0.03847487001733102,1.3377622870655677
INTARIAN_PEPPER_ROOT,0,845000,0.0,0.0,0.03847487001733102,1.3377622870655677
INTARIAN_PEPPER_ROOT,0,845300,0.0,0.0,0.03847487001733102,1.3377622870655677
INTARIAN_PEPPER_ROOT,0,845700,0.0,-1.5,0.03847487001733102,1.3377622870655677
INTARIAN_PEPPER_ROOT,0,846300,0.0,0.0,0.03847487001733102,1.3377622870655677
INTARIAN_PEPPER_ROOT,0,846900,0.0,0.0,0.03847487001733102,1.3377622870655677
INTARIAN_PEPPER_ROOT,0,847500,0.0,0.5,0.03847487001733102,1.3377622870655677
INTARIAN_PEPPER_ROOT,0,847900,0.0,-1.5,0.03847487001733102,1.3377622870655677
INTARIAN_PEPPER_ROOT,0,848100,0.0,0.0,0.03847487001733102,1.3377622870655677
INTARIAN_PEPPER_ROOT,0,848200,0.0,0.0,0.03847487001733102,1.3377622870655677
INTARIAN_PEPPER_ROOT,0,848900,0.0,-1.5,0.03847487001733102,1.3377622870655677
INTARIAN_PEPPER_ROOT,0,850300,0.0,0.0,0.03847487001733102,1.3377622870655677
INTARIAN_PEPPER_ROOT,0,850800,0.0,-1.5,0.03847487001733102,1.3377622870655677
INTARIAN_PEPPER_ROOT,0,851000,0.0,0.0,0.03847487001733102,1.3377622870655677
INTARIAN_PEPPER_ROOT,0,851200,0.0,1.5,0.03847487001733102,1.3377622870655677
INTARIAN_PEPPER_ROOT,0,852300,0.0,2.0,0.03847487001733102,1.3377622870655677
INTARIAN_PEPPER_ROOT,0,852700,0.0,1.5,0.03847487001733102,1.3377622870655677
INTARIAN_PEPPER_ROOT,0,853100,0.0,0.0,0.03847487001733102,1.3377622870655677
INTARIAN_PEPPER_ROOT,0,853300,0.0,2.0,0.03847487001733102,1.3377622870655677
INTARIAN_PEPPER_ROOT,0,853500,0.0,2.5,0.03847487001733102,1.3377622870655677
INTARIAN_PEPPER_ROOT,0,853700,0.0,0.0,0.03847487001733102,1.3377622870655677
INTARIAN_PEPPER_ROOT,0,853800,0.0,-1.5,0.03847487001733102,1.3377622870655677
INTARIAN_PEPPER_ROOT,0,854200,0.0,1.5,0.03847487001733102,1.3377622870655677
INTARIAN_PEPPER_ROOT,0,854700,0.0,0.0,0.03847487001733102,1.3377622870655677
INTARIAN_PEPPER_ROOT,0,854800,0.0,1.5,0.03847487001733102,1.3377622870655677
INTARIAN_PEPPER_ROOT,0,855000,0.0,1.5,0.03847487001733102,1.3377622870655677
INTARIAN_PEPPER_ROOT,0,855300,0.0,-1.5,0.03847487001733102,1.3377622870655677
INTARIAN_PEPPER_ROOT,0,855500,0.0,0.5,0.03847487001733102,1.3377622870655677
INTARIAN_PEPPER_ROOT,0,855900,0.0,0.0,0.03847487001733102,1.3377622870655677
INTARIAN_PEPPER_ROOT,0,856000,0.0,1.5,0.03847487001733102,1.3377622870655677
INTARIAN_PEPPER_ROOT,0,856200,0.0,0.0,0.03847487001733102,1.3377622870655677
INTARIAN_PEPPER_ROOT,0,856500,0.0,0.5,0.03847487001733102,1.3377622870655677
INTARIAN_PEPPER_ROOT,0,856800,0.0,0.0,0.03847487001733102,1.3377622870655677
INTARIAN_PEPPER_ROOT,0,857200,0.0,0.0,0.03847487001733102,1.3377622870655677
INTARIAN_PEPPER_ROOT,0,857300,0.0,0.0,0.03847487001733102,1.3377622870655677
INTARIAN_PEPPER_ROOT,0,857800,0.0,0.0,0.03847487001733102,1.3377622870655677
INTARIAN_PEPPER_ROOT,0,858000,0.0,-1.5,0.03847487001733102,1.3377622870655677
INTARIAN_PEPPER_ROOT,0,858700,0.0,1.5,0.03847487001733102,1.3377622870655677
INTARIAN_PEPPER_ROOT,0,859800,0.0,1.5,0.03847487001733102,1.3377622870655677
INTARIAN_PEPPER_ROOT,0,860000,0.0,0.0,0.03847487001733102,1.3377622870655677
INTARIAN_PEPPER_ROOT,0,860100,0.0,1.5,0.03847487001733102,1.3377622870655677
INTARIAN_PEPPER_ROOT,0,860500,0.0,0.5,0.03847487001733102,1.3377622870655677
INTARIAN_PEPPER_ROOT,0,860900,0.0,-1.5,0.03847487001733102,1.3377622870655677
INTARIAN_PEPPER_ROOT,0,861500,0.0,0.5,0.03847487001733102,1.3377622870655677
INTARIAN_PEPPER_ROOT,0,861900,0.0,1.5,0.03847487001733102,1.3377622870655677
INTARIAN_PEPPER_ROOT,0,863000,0.0,-1.5,0.03847487001733102,1.3377622870655677
INTARIAN_PEPPER_ROOT,0,863200,0.0,0.0,0.03847487001733102,1.3377622870655677
INTARIAN_PEPPER_ROOT,0,863900,0.0,1.5,0.03847487001733102,1.3377622870655677
INTARIAN_PEPPER_ROOT,0,864300,0.0,0.0,0.03847487001733102,1.3377622870655677
INTARIAN_PEPPER_ROOT,0,865000,0.0,-1.5,0.03847487001733102,1.3377622870655677
INTARIAN_PEPPER_ROOT,0,865800,0.0,1.5,0.03847487001733102,1.3377622870655677
INTARIAN_PEPPER_ROOT,0,866400,0.0,-1.5,0.03847487001733102,1.3377622870655677
INTARIAN_PEPPER_ROOT,0,868200,0.0,0.0,0.03847487001733102,1.3377622870655677
INTARIAN_PEPPER_ROOT,0,868300,0.0,-1.5,0.03847487001733102,1.3377622870655677
INTARIAN_PEPPER_ROOT,0,868500,0.0,0.0,0.03847487001733102,1.3377622870655677
INTARIAN_PEPPER_ROOT,0,869100,0.0,0.0,0.03847487001733102,1.3377622870655677
INTARIAN_PEPPER_ROOT,0,869300,0.0,0.0,0.03847487001733102,1.3377622870655677
INTARIAN_PEPPER_ROOT,0,870100,0.0,5.5,0.03847487001733102,1.3377622870655677
INTARIAN_PEPPER_ROOT,0,871700,0.0,-1.5,0.03847487001733102,1.3377622870655677
INTARIAN_PEPPER_ROOT,0,871900,0.0,0.0,0.03847487001733102,1.3377622870655677
INTARIAN_PEPPER_ROOT,0,872700,0.0,-1.5,0.03847487001733102,1.3377622870655677
INTARIAN_PEPPER_ROOT,0,873200,0.0,0.0,0.03847487001733102,1.3377622870655677
INTARIAN_PEPPER_ROOT,0,873900,0.0,-2.5,0.03847487001733102,1.3377622870655677
INTARIAN_PEPPER_ROOT,0,874300,0.0,2.0,0.03847487001733102,1.3377622870655677
INTARIAN_PEPPER_ROOT,0,874500,0.0,0.5,0.03847487001733102,1.3377622870655677
INTARIAN_PEPPER_ROOT,0,874900,0.0,0.0,0.03847487001733102,1.3377622870655677
INTARIAN_PEPPER_ROOT,0,875000,0.0,0.0,0.03847487001733102,1.3377622870655677
INTARIAN_PEPPER_ROOT,0,875100,0.0,0.0,0.03847487001733102,1.3377622870655677
INTARIAN_PEPPER_ROOT,0,875200,0.0,0.0,0.03847487001733102,1.3377622870655677
INTARIAN_PEPPER_ROOT,0,875500,0.0,0.5,0.03847487001733102,1.3377622870655677
INTARIAN_PEPPER_ROOT,0,875700,0.0,0.0,0.03847487001733102,1.3377622870655677
INTARIAN_PEPPER_ROOT,0,875800,0.0,0.0,0.03847487001733102,1.3377622870655677
INTARIAN_PEPPER_ROOT,0,875900,0.0,0.0,0.03847487001733102,1.3377622870655677
INTARIAN_PEPPER_ROOT,0,876100,0.0,0.0,0.03847487001733102,1.3377622870655677
INTARIAN_PEPPER_ROOT,0,876800,0.0,1.5,0.03847487001733102,1.3377622870655677
INTARIAN_PEPPER_ROOT,0,877100,0.0,0.0,0.03847487001733102,1.3377622870655677
INTARIAN_PEPPER_ROOT,0,877200,0.0,0.0,0.03847487001733102,1.3377622870655677
INTARIAN_PEPPER_ROOT,0,877300,0.0,-1.5,0.03847487001733102,1.3377622870655677
INTARIAN_PEPPER_ROOT,0,877700,0.0,0.0,0.03847487001733102,1.3377622870655677
INTARIAN_PEPPER_ROOT,0,878000,0.0,0.0,0.03847487001733102,1.3377622870655677
INTARIAN_PEPPER_ROOT,0,878100,0.0,1.5,0.03847487001733102,1.3377622870655677
INTARIAN_PEPPER_ROOT,0,878500,0.0,5.5,0.03847487001733102,1.3377622870655677
INTARIAN_PEPPER_ROOT,0,878700,0.0,0.0,0.03847487001733102,1.3377622870655677
INTARIAN_PEPPER_ROOT,0,879000,0.0,0.0,0.03847487001733102,1.3377622870655677
INTARIAN_PEPPER_ROOT,0,879100,0.0,0.0,0.03847487001733102,1.3377622870655677
INTARIAN_PEPPER_ROOT,0,879200,0.0,0.0,0.03847487001733102,1.3377622870655677
INTARIAN_PEPPER_ROOT,0,879800,0.0,-1.5,0.03847487001733102,1.3377622870655677
INTARIAN_PEPPER_ROOT,0,880000,0.0,1.5,0.03847487001733102,1.3377622870655677
INTARIAN_PEPPER_ROOT,0,880500,0.0,0.5,0.03847487001733102,1.3377622870655677
INTARIAN_PEPPER_ROOT,0,880800,0.0,0.0,0.03847487001733102,1.3377622870655677
INTARIAN_PEPPER_ROOT,0,881000,0.0,0.0,0.03847487001733102,1.3377622870655677
INTARIAN_PEPPER_ROOT,0,881200,0.0,0.0,0.03847487001733102,1.3377622870655677
INTARIAN_PEPPER_ROOT,0,881300,0.0,0.0,0.03847487001733102,1.3377622870655677
INTARIAN_PEPPER_ROOT,0,881500,0.0,-1.5,0.03847487001733102,1.3377622870655677
INTARIAN_PEPPER_ROOT,0,881700,0.0,0.0,0.03847487001733102,1.3377622870655677
INTARIAN_PEPPER_ROOT,0,881800,0.0,0.0,0.03847487001733102,1.3377622870655677
INTARIAN_PEPPER_ROOT,0,882800,0.0,-1.5,0.03847487001733102,1.3377622870655677
INTARIAN_PEPPER_ROOT,0,883700,0.0,1.5,0.03847487001733102,1.3377622870655677
INTARIAN_PEPPER_ROOT,0,884000,0.0,0.0,0.03847487001733102,1.3377622870655677
INTARIAN_PEPPER_ROOT,0,884200,0.0,0.0,0.03847487001733102,1.3377622870655677
INTARIAN_PEPPER_ROOT,0,884500,0.0,2.5,0.03847487001733102,1.3377622870655677
INTARIAN_PEPPER_ROOT,0,885000,0.0,0.0,0.03847487001733102,1.3377622870655677
INTARIAN_PEPPER_ROOT,0,885100,0.0,-1.5,0.03847487001733102,1.3377622870655677
INTARIAN_PEPPER_ROOT,0,885300,0.0,0.0,0.03847487001733102,1.3377622870655677
INTARIAN_PEPPER_ROOT,0,886000,0.0,-1.5,0.03847487001733102,1.3377622870655677
INTARIAN_PEPPER_ROOT,0,886200,0.0,-1.5,0.03847487001733102,1.3377622870655677
INTARIAN_PEPPER_ROOT,0,886800,0.0,0.0,0.03847487001733102,1.3377622870655677
INTARIAN_PEPPER_ROOT,0,887200,0.0,0.0,0.03847487001733102,1.3377622870655677
INTARIAN_PEPPER_ROOT,0,887300,0.0,0.0,0.03847487001733102,1.3377622870655677
INTARIAN_PEPPER_ROOT,0,887700,0.0,0.0,0.03847487001733102,1.3377622870655677
INTARIAN_PEPPER_ROOT,0,887800,0.0,0.0,0.03847487001733102,1.3377622870655677
INTARIAN_PEPPER_ROOT,0,888000,0.0,0.0,0.03847487001733102,1.3377622870655677
INTARIAN_PEPPER_ROOT,0,888100,0.0,0.0,0.03847487001733102,1.3377622870655677
INTARIAN_PEPPER_ROOT,0,888200,0.0,1.5,0.03847487001733102,1.3377622870655677
INTARIAN_PEPPER_ROOT,0,888700,0.0,-1.5,0.03847487001733102,1.3377622870655677
INTARIAN_PEPPER_ROOT,0,889000,0.0,0.0,0.03847487001733102,1.3377622870655677
INTARIAN_PEPPER_ROOT,0,889100,0.0,0.0,0.03847487001733102,1.3377622870655677
INTARIAN_PEPPER_ROOT,0,889200,0.0,0.0,0.03847487001733102,1.3377622870655677
INTARIAN_PEPPER_ROOT,0,889300,0.0,0.0,0.03847487001733102,1.3377622870655677
INTARIAN_PEPPER_ROOT,0,889900,0.0,0.0,0.03847487001733102,1.3377622870655677
INTARIAN_PEPPER_ROOT,0,890300,0.0,0.0,0.03847487001733102,1.3377622870655677
INTARIAN_PEPPER_ROOT,0,890500,0.0,2.0,0.03847487001733102,1.3377622870655677
INTARIAN_PEPPER_ROOT,0,890800,0.0,-1.5,0.03847487001733102,1.3377622870655677
INTARIAN_PEPPER_ROOT,0,891200,0.0,0.0,0.03847487001733102,1.3377622870655677
INTARIAN_PEPPER_ROOT,0,891900,0.0,0.0,0.03847487001733102,1.3377622870655677
INTARIAN_PEPPER_ROOT,0,892100,0.0,0.0,0.03847487001733102,1.3377622870655677
INTARIAN_PEPPER_ROOT,0,892300,0.0,0.0,0.03847487001733102,1.3377622870655677
INTARIAN_PEPPER_ROOT,0,892500,0.0,0.5,0.03847487001733102,1.3377622870655677
INTARIAN_PEPPER_ROOT,0,892800,0.0,0.0,0.03847487001733102,1.3377622870655677
INTARIAN_PEPPER_ROOT,0,892900,0.0,0.0,0.03847487001733102,1.3377622870655677
INTARIAN_PEPPER_ROOT,0,893200,0.0,1.5,0.03847487001733102,1.3377622870655677
INTARIAN_PEPPER_ROOT,0,893700,0.0,0.0,0.03847487001733102,1.3377622870655677
INTARIAN_PEPPER_ROOT,0,893800,0.0,0.0,0.03847487001733102,1.3377622870655677
INTARIAN_PEPPER_ROOT,0,893900,0.0,0.0,0.03847487001733102,1.3377622870655677
INTARIAN_PEPPER_ROOT,0,894000,0.0,0.0,0.03847487001733102,1.3377622870655677
INTARIAN_PEPPER_ROOT,0,894100,0.0,-1.5,0.03847487001733102,1.3377622870655677
INTARIAN_PEPPER_ROOT,0,894300,0.0,0.0,0.03847487001733102,1.3377622870655677
INTARIAN_PEPPER_ROOT,0,894500,0.0,0.5,0.03847487001733102,1.3377622870655677
INTARIAN_PEPPER_ROOT,0,894800,0.0,0.0,0.03847487001733102,1.3377622870655677
INTARIAN_PEPPER_ROOT,0,895800,0.0,1.5,0.03847487001733102,1.3377622870655677
INTARIAN_PEPPER_ROOT,0,896000,0.0,0.0,0.03847487001733102,1.3377622870655677
INTARIAN_PEPPER_ROOT,0,896100,0.0,-1.5,0.03847487001733102,1.3377622870655677
INTARIAN_PEPPER_ROOT,0,896500,0.0,0.5,0.03847487001733102,1.3377622870655677
INTARIAN_PEPPER_ROOT,0,897000,0.0,0.0,0.03847487001733102,1.3377622870655677
INTARIAN_PEPPER_ROOT,0,897100,0.0,0.0,0.03847487001733102,1.3377622870655677
INTARIAN_PEPPER_ROOT,0,897200,0.0,0.0,0.03847487001733102,1.3377622870655677
INTARIAN_PEPPER_ROOT,0,898000,0.0,-1.5,0.03847487001733102,1.3377622870655677
INTARIAN_PEPPER_ROOT,0,898200,0.0,-5.5,0.03847487001733102,1.3377622870655677
INTARIAN_PEPPER_ROOT,0,898500,0.0,0.5,0.03847487001733102,1.3377622870655677
INTARIAN_PEPPER_ROOT,0,899000,0.0,0.0,0.03847487001733102,1.3377622870655677
INTARIAN_PEPPER_ROOT,0,899100,0.0,0.0,0.03847487001733102,1.3377622870655677
INTARIAN_PEPPER_ROOT,0,899200,0.0,0.0,0.03847487001733102,1.3377622870655677
INTARIAN_PEPPER_ROOT,0,899800,0.0,0.0,0.03847487001733102,1.3377622870655677
INTARIAN_PEPPER_ROOT,0,899900,0.0,0.0,0.03847487001733102,1.3377622870655677
INTARIAN_PEPPER_ROOT,0,900200,0.0,0.0,0.03847487001733102,1.3377622870655677
INTARIAN_PEPPER_ROOT,0,900300,0.0,0.0,0.03847487001733102,1.3377622870655677
INTARIAN_PEPPER_ROOT,0,900700,0.0,0.0,0.03847487001733102,1.3377622870655677
INTARIAN_PEPPER_ROOT,0,900800,0.0,0.0,0.03847487001733102,1.3377622870655677
INTARIAN_PEPPER_ROOT,0,900900,0.0,-1.5,0.03847487001733102,1.3377622870655677
INTARIAN_PEPPER_ROOT,0,901300,0.0,-1.5,0.03847487001733102,1.3377622870655677
INTARIAN_PEPPER_ROOT,0,901700,0.0,-1.5,0.03847487001733102,1.3377622870655677
INTARIAN_PEPPER_ROOT,0,902000,0.0,1.5,0.03847487001733102,1.3377622870655677
INTARIAN_PEPPER_ROOT,0,902700,0.0,0.0,0.03847487001733102,1.3377622870655677
INTARIAN_PEPPER_ROOT,0,902800,0.0,0.0,0.03847487001733102,1.3377622870655677
INTARIAN_PEPPER_ROOT,0,903000,0.0,1.5,0.03847487001733102,1.3377622870655677
INTARIAN_PEPPER_ROOT,0,903300,0.0,0.0,0.03847487001733102,1.3377622870655677
INTARIAN_PEPPER_ROOT,0,903700,0.0,1.5,0.03847487001733102,1.3377622870655677
INTARIAN_PEPPER_ROOT,0,903900,0.0,-1.5,0.03847487001733102,1.3377622870655677
INTARIAN_PEPPER_ROOT,0,904200,0.0,0.0,0.03847487001733102,1.3377622870655677
INTARIAN_PEPPER_ROOT,0,904300,0.0,2.0,0.03847487001733102,1.3377622870655677
INTARIAN_PEPPER_ROOT,0,904800,0.0,1.5,0.03847487001733102,1.3377622870655677
INTARIAN_PEPPER_ROOT,0,905200,0.0,1.5,0.03847487001733102,1.3377622870655677
INTARIAN_PEPPER_ROOT,0,906000,0.0,1.5,0.03847487001733102,1.3377622870655677
INTARIAN_PEPPER_ROOT,0,906700,0.0,0.0,0.03847487001733102,1.3377622870655677
INTARIAN_PEPPER_ROOT,0,906800,0.0,0.0,0.03847487001733102,1.3377622870655677
INTARIAN_PEPPER_ROOT,0,907700,0.0,0.0,0.03847487001733102,1.3377622870655677
INTARIAN_PEPPER_ROOT,0,908200,0.0,0.0,0.03847487001733102,1.3377622870655677
INTARIAN_PEPPER_ROOT,0,908300,0.0,0.0,0.03847487001733102,1.3377622870655677
INTARIAN_PEPPER_ROOT,0,908700,0.0,-6.0,0.03847487001733102,1.3377622870655677
INTARIAN_PEPPER_ROOT,0,908900,0.0,0.0,0.03847487001733102,1.3377622870655677
INTARIAN_PEPPER_ROOT,0,909000,0.0,-5.5,0.03847487001733102,1.3377622870655677
INTARIAN_PEPPER_ROOT,0,909200,0.0,-1.5,0.03847487001733102,1.3377622870655677
INTARIAN_PEPPER_ROOT,0,909800,0.0,0.0,0.03847487001733102,1.3377622870655677
INTARIAN_PEPPER_ROOT,0,910000,0.0,0.0,0.03847487001733102,1.3377622870655677
INTARIAN_PEPPER_ROOT,0,910500,0.0,0.5,0.03847487001733102,1.3377622870655677
INTARIAN_PEPPER_ROOT,0,910700,0.0,1.5,0.03847487001733102,1.3377622870655677
INTARIAN_PEPPER_ROOT,0,910900,0.0,0.0,0.03847487001733102,1.3377622870655677
INTARIAN_PEPPER_ROOT,0,911000,0.0,1.5,0.03847487001733102,1.3377622870655677
INTARIAN_PEPPER_ROOT,0,911200,0.0,-1.5,0.03847487001733102,1.3377622870655677
INTARIAN_PEPPER_ROOT,0,911900,0.0,0.0,0.03847487001733102,1.3377622870655677
INTARIAN_PEPPER_ROOT,0,912200,0.0,0.0,0.03847487001733102,1.3377622870655677
INTARIAN_PEPPER_ROOT,0,912300,0.0,-2.5,0.03847487001733102,1.3377622870655677
INTARIAN_PEPPER_ROOT,0,912500,0.0,0.5,0.03847487001733102,1.3377622870655677
INTARIAN_PEPPER_ROOT,0,912900,0.0,-1.5,0.03847487001733102,1.3377622870655677
INTARIAN_PEPPER_ROOT,0,913500,0.0,-1.5,0.03847487001733102,1.3377622870655677
INTARIAN_PEPPER_ROOT,0,914200,0.0,1.5,0.03847487001733102,1.3377622870655677
INTARIAN_PEPPER_ROOT,0,914800,0.0,1.5,0.03847487001733102,1.3377622870655677
INTARIAN_PEPPER_ROOT,0,915500,0.0,-1.5,0.03847487001733102,1.3377622870655677
INTARIAN_PEPPER_ROOT,0,916000,0.0,0.0,0.03847487001733102,1.3377622870655677
INTARIAN_PEPPER_ROOT,0,916100,0.0,0.0,0.03847487001733102,1.3377622870655677
INTARIAN_PEPPER_ROOT,0,916200,0.0,5.5,0.03847487001733102,1.3377622870655677
INTARIAN_PEPPER_ROOT,0,916800,0.0,1.5,0.03847487001733102,1.3377622870655677
INTARIAN_PEPPER_ROOT,0,917100,0.0,0.0,0.03847487001733102,1.3377622870655677
INTARIAN_PEPPER_ROOT,0,917200,0.0,-1.5,0.03847487001733102,1.3377622870655677
INTARIAN_PEPPER_ROOT,0,917500,0.0,-1.5,0.03847487001733102,1.3377622870655677
INTARIAN_PEPPER_ROOT,0,917800,0.0,0.0,0.03847487001733102,1.3377622870655677
INTARIAN_PEPPER_ROOT,0,917900,0.0,0.0,0.03847487001733102,1.3377622870655677
INTARIAN_PEPPER_ROOT,0,918100,0.0,0.0,0.03847487001733102,1.3377622870655677
INTARIAN_PEPPER_ROOT,0,918300,0.0,0.0,0.03847487001733102,1.3377622870655677
INTARIAN_PEPPER_ROOT,0,918800,0.0,0.0,0.03847487001733102,1.3377622870655677
INTARIAN_PEPPER_ROOT,0,918900,0.0,0.0,0.03847487001733102,1.3377622870655677
INTARIAN_PEPPER_ROOT,0,919000,0.0,-1.5,0.03847487001733102,1.3377622870655677
INTARIAN_PEPPER_ROOT,0,920000,0.0,0.0,0.03847487001733102,1.3377622870655677
INTARIAN_PEPPER_ROOT,0,920100,0.0,0.0,0.03847487001733102,1.3377622870655677
INTARIAN_PEPPER_ROOT,0,920200,0.0,0.0,0.03847487001733102,1.3377622870655677
INTARIAN_PEPPER_ROOT,0,920700,0.0,0.0,0.03847487001733102,1.3377622870655677
INTARIAN_PEPPER_ROOT,0,920900,0.0,0.0,0.03847487001733102,1.3377622870655677
INTARIAN_PEPPER_ROOT,0,921200,0.0,0.0,0.03847487001733102,1.3377622870655677
INTARIAN_PEPPER_ROOT,0,921300,0.0,2.0,0.03847487001733102,1.3377622870655677
INTARIAN_PEPPER_ROOT,0,921500,0.0,0.5,0.03847487001733102,1.3377622870655677
INTARIAN_PEPPER_ROOT,0,922300,0.0,0.0,0.03847487001733102,1.3377622870655677
INTARIAN_PEPPER_ROOT,0,922500,0.0,-1.5,0.03847487001733102,1.3377622870655677
INTARIAN_PEPPER_ROOT,0,923200,0.0,0.0,0.03847487001733102,1.3377622870655677
INTARIAN_PEPPER_ROOT,0,923800,0.0,-1.5,0.03847487001733102,1.3377622870655677
INTARIAN_PEPPER_ROOT,0,924000,0.0,1.5,0.03847487001733102,1.3377622870655677
INTARIAN_PEPPER_ROOT,0,925000,0.0,0.0,0.03847487001733102,1.3377622870655677
INTARIAN_PEPPER_ROOT,0,925500,0.0,-1.5,0.03847487001733102,1.3377622870655677
INTARIAN_PEPPER_ROOT,0,925900,0.0,0.0,0.03847487001733102,1.3377622870655677
INTARIAN_PEPPER_ROOT,0,926700,0.0,0.0,0.03847487001733102,1.3377622870655677
INTARIAN_PEPPER_ROOT,0,927500,0.0,0.5,0.03847487001733102,1.3377622870655677
INTARIAN_PEPPER_ROOT,0,927700,0.0,0.0,0.03847487001733102,1.3377622870655677
INTARIAN_PEPPER_ROOT,0,928500,0.0,0.5,0.03847487001733102,1.3377622870655677
INTARIAN_PEPPER_ROOT,0,928700,0.0,-7.5,0.03847487001733102,1.3377622870655677
INTARIAN_PEPPER_ROOT,0,929000,0.0,0.0,0.03847487001733102,1.3377622870655677
INTARIAN_PEPPER_ROOT,0,929200,0.0,1.5,0.03847487001733102,1.3377622870655677
INTARIAN_PEPPER_ROOT,0,929800,0.0,0.0,0.03847487001733102,1.3377622870655677
INTARIAN_PEPPER_ROOT,0,929900,0.0,0.0,0.03847487001733102,1.3377622870655677
INTARIAN_PEPPER_ROOT,0,930200,0.0,0.0,0.03847487001733102,1.3377622870655677
INTARIAN_PEPPER_ROOT,0,930300,0.0,0.0,0.03847487001733102,1.3377622870655677
INTARIAN_PEPPER_ROOT,0,930700,0.0,0.0,0.03847487001733102,1.3377622870655677
INTARIAN_PEPPER_ROOT,0,931000,0.0,0.0,0.03847487001733102,1.3377622870655677
INTARIAN_PEPPER_ROOT,0,931100,0.0,0.0,0.03847487001733102,1.3377622870655677
INTARIAN_PEPPER_ROOT,0,931300,0.0,0.0,0.03847487001733102,1.3377622870655677
INTARIAN_PEPPER_ROOT,0,931700,0.0,0.0,0.03847487001733102,1.3377622870655677
INTARIAN_PEPPER_ROOT,0,931800,0.0,0.0,0.03847487001733102,1.3377622870655677
INTARIAN_PEPPER_ROOT,0,932100,0.0,1.5,0.03847487001733102,1.3377622870655677
INTARIAN_PEPPER_ROOT,0,932300,0.0,0.0,0.03847487001733102,1.3377622870655677
INTARIAN_PEPPER_ROOT,0,932900,0.0,0.0,0.03847487001733102,1.3377622870655677
INTARIAN_PEPPER_ROOT,0,933200,0.0,-1.5,0.03847487001733102,1.3377622870655677
INTARIAN_PEPPER_ROOT,0,933900,0.0,1.5,0.03847487001733102,1.3377622870655677
INTARIAN_PEPPER_ROOT,0,934300,0.0,0.0,0.03847487001733102,1.3377622870655677
INTARIAN_PEPPER_ROOT,0,934800,0.0,-1.5,0.03847487001733102,1.3377622870655677
INTARIAN_PEPPER_ROOT,0,935200,0.0,0.5,0.03847487001733102,1.3377622870655677
INTARIAN_PEPPER_ROOT,0,936000,0.0,0.0,0.03847487001733102,1.3377622870655677
INTARIAN_PEPPER_ROOT,0,936500,0.0,0.5,0.03847487001733102,1.3377622870655677
INTARIAN_PEPPER_ROOT,0,937200,0.0,2.0,0.03847487001733102,1.3377622870655677
INTARIAN_PEPPER_ROOT,0,938900,0.0,0.0,0.03847487001733102,1.3377622870655677
INTARIAN_PEPPER_ROOT,0,939200,0.0,0.0,0.03847487001733102,1.3377622870655677
INTARIAN_PEPPER_ROOT,0,940900,0.0,-1.5,0.03847487001733102,1.3377622870655677
INTARIAN_PEPPER_ROOT,0,941100,0.0,0.0,0.03847487001733102,1.3377622870655677
INTARIAN_PEPPER_ROOT,0,941500,0.0,0.0,0.03847487001733102,1.3377622870655677
INTARIAN_PEPPER_ROOT,0,941800,0.0,1.5,0.03847487001733102,1.3377622870655677
INTARIAN_PEPPER_ROOT,0,942100,0.0,1.5,0.03847487001733102,1.3377622870655677
INTARIAN_PEPPER_ROOT,0,942800,0.0,1.5,0.03847487001733102,1.3377622870655677
INTARIAN_PEPPER_ROOT,0,943900,0.0,0.0,0.03847487001733102,1.3377622870655677
INTARIAN_PEPPER_ROOT,0,944000,0.0,0.0,0.03847487001733102,1.3377622870655677
INTARIAN_PEPPER_ROOT,0,944100,0.0,0.0,0.03847487001733102,1.3377622870655677
INTARIAN_PEPPER_ROOT,0,944900,0.0,1.5,0.03847487001733102,1.3377622870655677
INTARIAN_PEPPER_ROOT,0,945500,0.0,0.5,0.03847487001733102,1.3377622870655677
INTARIAN_PEPPER_ROOT,0,945900,0.0,0.0,0.03847487001733102,1.3377622870655677
INTARIAN_PEPPER_ROOT,0,946500,0.0,0.5,0.03847487001733102,1.3377622870655677
INTARIAN_PEPPER_ROOT,0,947800,0.0,0.0,0.03847487001733102,1.3377622870655677
INTARIAN_PEPPER_ROOT,0,947900,0.0,1.5,0.03847487001733102,1.3377622870655677
INTARIAN_PEPPER_ROOT,0,948500,0.0,0.5,0.03847487001733102,1.3377622870655677
INTARIAN_PEPPER_ROOT,0,948900,0.0,-1.5,0.03847487001733102,1.3377622870655677
INTARIAN_PEPPER_ROOT,0,950000,0.0,0.0,0.03847487001733102,1.3377622870655677
INTARIAN_PEPPER_ROOT,0,950500,0.0,-1.5,0.03847487001733102,1.3377622870655677
INTARIAN_PEPPER_ROOT,0,951100,0.0,0.0,0.03847487001733102,1.3377622870655677
INTARIAN_PEPPER_ROOT,0,951900,0.0,0.0,0.03847487001733102,1.3377622870655677
INTARIAN_PEPPER_ROOT,0,952500,0.0,-1.5,0.03847487001733102,1.3377622870655677
INTARIAN_PEPPER_ROOT,0,953100,0.0,0.0,0.03847487001733102,1.3377622870655677
INTARIAN_PEPPER_ROOT,0,953200,0.0,0.0,0.03847487001733102,1.3377622870655677
INTARIAN_PEPPER_ROOT,0,953500,0.0,0.5,0.03847487001733102,1.3377622870655677
INTARIAN_PEPPER_ROOT,0,953900,0.0,0.0,0.03847487001733102,1.3377622870655677
INTARIAN_PEPPER_ROOT,0,954000,0.0,0.0,0.03847487001733102,1.3377622870655677
INTARIAN_PEPPER_ROOT,0,954500,0.0,0.5,0.03847487001733102,1.3377622870655677
INTARIAN_PEPPER_ROOT,0,955200,0.0,-1.5,0.03847487001733102,1.3377622870655677
INTARIAN_PEPPER_ROOT,0,955500,0.0,-1.5,0.03847487001733102,1.3377622870655677
INTARIAN_PEPPER_ROOT,0,955900,0.0,0.0,0.03847487001733102,1.3377622870655677
INTARIAN_PEPPER_ROOT,0,956100,0.0,0.0,0.03847487001733102,1.3377622870655677
INTARIAN_PEPPER_ROOT,0,956200,0.0,0.0,0.03847487001733102,1.3377622870655677
INTARIAN_PEPPER_ROOT,0,956800,0.0,-1.5,0.03847487001733102,1.3377622870655677
INTARIAN_PEPPER_ROOT,0,957100,0.0,0.0,0.03847487001733102,1.3377622870655677
INTARIAN_PEPPER_ROOT,0,957500,0.0,0.5,0.03847487001733102,1.3377622870655677
INTARIAN_PEPPER_ROOT,0,958000,0.0,0.0,0.03847487001733102,1.3377622870655677
INTARIAN_PEPPER_ROOT,0,958100,0.0,0.0,0.03847487001733102,1.3377622870655677
INTARIAN_PEPPER_ROOT,0,958500,0.0,-1.5,0.03847487001733102,1.3377622870655677
INTARIAN_PEPPER_ROOT,0,958800,0.0,-5.5,0.03847487001733102,1.3377622870655677
INTARIAN_PEPPER_ROOT,0,959100,0.0,-1.5,0.03847487001733102,1.3377622870655677
INTARIAN_PEPPER_ROOT,0,960200,0.0,2.0,0.03847487001733102,1.3377622870655677
INTARIAN_PEPPER_ROOT,0,961100,0.0,-5.5,0.03847487001733102,1.3377622870655677
INTARIAN_PEPPER_ROOT,0,961500,0.0,0.5,0.03847487001733102,1.3377622870655677
INTARIAN_PEPPER_ROOT,0,962100,0.0,0.0,0.03847487001733102,1.3377622870655677
INTARIAN_PEPPER_ROOT,0,962500,0.0,-1.5,0.03847487001733102,1.3377622870655677
INTARIAN_PEPPER_ROOT,0,964100,0.0,0.0,0.03847487001733102,1.3377622870655677
INTARIAN_PEPPER_ROOT,0,964200,0.0,0.5,0.03847487001733102,1.3377622870655677
INTARIAN_PEPPER_ROOT,0,964500,0.0,0.5,0.03847487001733102,1.3377622870655677
INTARIAN_PEPPER_ROOT,0,965100,0.0,0.0,0.03847487001733102,1.3377622870655677
INTARIAN_PEPPER_ROOT,0,965200,0.0,0.0,0.03847487001733102,1.3377622870655677
INTARIAN_PEPPER_ROOT,0,965800,0.0,-1.5,0.03847487001733102,1.3377622870655677
INTARIAN_PEPPER_ROOT,0,966100,0.0,0.0,0.03847487001733102,1.3377622870655677
INTARIAN_PEPPER_ROOT,0,966200,0.0,0.0,0.03847487001733102,1.3377622870655677
INTARIAN_PEPPER_ROOT,0,967000,0.0,0.0,0.03847487001733102,1.3377622870655677
INTARIAN_PEPPER_ROOT,0,967100,0.0,0.0,0.03847487001733102,1.3377622870655677
INTARIAN_PEPPER_ROOT,0,968100,0.0,-5.5,0.03847487001733102,1.3377622870655677
INTARIAN_PEPPER_ROOT,0,969100,0.0,0.0,0.03847487001733102,1.3377622870655677
INTARIAN_PEPPER_ROOT,0,969200,0.0,-1.5,0.03847487001733102,1.3377622870655677
INTARIAN_PEPPER_ROOT,0,971200,0.0,5.5,0.03847487001733102,1.3377622870655677
INTARIAN_PEPPER_ROOT,0,972200,0.0,0.0,0.03847487001733102,1.3377622870655677
INTARIAN_PEPPER_ROOT,0,974000,0.0,1.5,0.03847487001733102,1.3377622870655677
INTARIAN_PEPPER_ROOT,0,974500,0.0,0.5,0.03847487001733102,1.3377622870655677
INTARIAN_PEPPER_ROOT,0,974800,0.0,-1.5,0.03847487001733102,1.3377622870655677
INTARIAN_PEPPER_ROOT,0,975500,0.0,0.5,0.03847487001733102,1.3377622870655677
INTARIAN_PEPPER_ROOT,0,975900,0.0,0.0,0.03847487001733102,1.3377622870655677
INTARIAN_PEPPER_ROOT,0,976200,0.0,2.0,0.03847487001733102,1.3377622870655677
INTARIAN_PEPPER_ROOT,0,976500,0.0,-5.5,0.03847487001733102,1.3377622870655677
INTARIAN_PEPPER_ROOT,0,976800,0.0,0.0,0.03847487001733102,1.3377622870655677
INTARIAN_PEPPER_ROOT,0,977000,0.0,-1.5,0.03847487001733102,1.3377622870655677
INTARIAN_PEPPER_ROOT,0,977900,0.0,2.0,0.03847487001733102,1.3377622870655677
INTARIAN_PEPPER_ROOT,0,978100,0.0,0.0,0.03847487001733102,1.3377622870655677
INTARIAN_PEPPER_ROOT,0,978200,0.0,5.5,0.03847487001733102,1.3377622870655677
INTARIAN_PEPPER_ROOT,0,978800,0.0,0.0,0.03847487001733102,1.3377622870655677
INTARIAN_PEPPER_ROOT,0,978900,0.0,0.0,0.03847487001733102,1.3377622870655677
INTARIAN_PEPPER_ROOT,0,979000,0.0,0.0,0.03847487001733102,1.3377622870655677
INTARIAN_PEPPER_ROOT,0,979100,0.0,0.0,0.03847487001733102,1.3377622870655677
INTARIAN_PEPPER_ROOT,0,979200,0.0,0.0,0.03847487001733102,1.3377622870655677
INTARIAN_PEPPER_ROOT,0,979500,0.0,0.5,0.03847487001733102,1.3377622870655677
INTARIAN_PEPPER_ROOT,0,979800,0.0,0.0,0.03847487001733102,1.3377622870655677
INTARIAN_PEPPER_ROOT,0,979900,0.0,1.5,0.03847487001733102,1.3377622870655677
INTARIAN_PEPPER_ROOT,0,980100,0.0,1.5,0.03847487001733102,1.3377622870655677
INTARIAN_PEPPER_ROOT,0,981100,0.0,0.0,0.03847487001733102,1.3377622870655677
INTARIAN_PEPPER_ROOT,0,982000,0.0,0.0,0.03847487001733102,1.3377622870655677
INTARIAN_PEPPER_ROOT,0,982200,0.0,2.0,0.03847487001733102,1.3377622870655677
INTARIAN_PEPPER_ROOT,0,982800,0.0,-1.5,0.03847487001733102,1.3377622870655677
INTARIAN_PEPPER_ROOT,0,983200,0.0,0.0,0.03847487001733102,1.3377622870655677
INTARIAN_PEPPER_ROOT,0,983800,0.0,0.0,0.03847487001733102,1.3377622870655677
INTARIAN_PEPPER_ROOT,0,983900,0.0,0.0,0.03847487001733102,1.3377622870655677
INTARIAN_PEPPER_ROOT,0,984000,0.0,0.0,0.03847487001733102,1.3377622870655677
INTARIAN_PEPPER_ROOT,0,984100,0.0,0.0,0.03847487001733102,1.3377622870655677
INTARIAN_PEPPER_ROOT,0,984800,0.0,-5.5,0.03847487001733102,1.3377622870655677
INTARIAN_PEPPER_ROOT,0,987200,0.0,0.0,0.03847487001733102,1.3377622870655677
INTARIAN_PEPPER_ROOT,0,987800,0.0,0.0,0.03847487001733102,1.3377622870655677
INTARIAN_PEPPER_ROOT,0,987900,0.0,-1.5,0.03847487001733102,1.3377622870655677
INTARIAN_PEPPER_ROOT,0,988800,0.0,0.0,0.03847487001733102,1.3377622870655677
INTARIAN_PEPPER_ROOT,0,989000,0.0,1.5,0.03847487001733102,1.3377622870655677
INTARIAN_PEPPER_ROOT,0,989800,0.0,-5.5,0.03847487001733102,1.3377622870655677
INTARIAN_PEPPER_ROOT,0,990000,0.0,0.0,0.03847487001733102,1.3377622870655677
INTARIAN_PEPPER_ROOT,0,990200,0.0,0.0,0.03847487001733102,1.3377622870655677
INTARIAN_PEPPER_ROOT,0,991100,0.0,-1.5,0.03847487001733102,1.3377622870655677
INTARIAN_PEPPER_ROOT,0,991500,0.0,2.0,0.03847487001733102,1.3377622870655677
INTARIAN_PEPPER_ROOT,0,992200,0.0,0.0,0.03847487001733102,1.3377622870655677
INTARIAN_PEPPER_ROOT,0,992500,0.0,0.5,0.03847487001733102,1.3377622870655677
INTARIAN_PEPPER_ROOT,0,992800,0.0,0.0,0.03847487001733102,1.3377622870655677
INTARIAN_PEPPER_ROOT,0,993000,0.0,0.0,0.03847487001733102,1.3377622870655677
INTARIAN_PEPPER_ROOT,0,993100,0.0,0.0,0.03847487001733102,1.3377622870655677
INTARIAN_PEPPER_ROOT,0,993200,0.0,0.0,0.03847487001733102,1.3377622870655677
INTARIAN_PEPPER_ROOT,0,994100,0.0,0.0,0.03847487001733102,1.3377622870655677
INTARIAN_PEPPER_ROOT,0,994200,0.0,0.0,0.03847487001733102,1.3377622870655677
INTARIAN_PEPPER_ROOT,0,994500,0.0,0.5,0.03847487001733102,1.3377622870655677
INTARIAN_PEPPER_ROOT,0,994800,0.0,0.0,0.03847487001733102,1.3377622870655677
INTARIAN_PEPPER_ROOT,0,995000,0.0,1.5,0.03847487001733102,1.3377622870655677
INTARIAN_PEPPER_ROOT,0,995200,0.0,0.0,0.03847487001733102,1.3377622870655677
INTARIAN_PEPPER_ROOT,0,995800,0.0,0.0,0.03847487001733102,1.3377622870655677
INTARIAN_PEPPER_ROOT,0,996500,0.0,0.5,0.03847487001733102,1.3377622870655677
INTARIAN_PEPPER_ROOT,0,996800,0.0,0.0,0.03847487001733102,1.3377622870655677
INTARIAN_PEPPER_ROOT,0,996900,0.0,-1.5,0.03847487001733102,1.3377622870655677
INTARIAN_PEPPER_ROOT,0,998000,0.0,1.5,0.03847487001733102,1.3377622870655677
INTARIAN_PEPPER_ROOT,0,998500,0.0,0.5,0.03847487001733102,1.3377622870655677
INTARIAN_PEPPER_ROOT,0,998800,0.0,-1.5,0.03847487001733102,1.3377622870655677
INTARIAN_PEPPER_ROOT,0,91600,1.0,0.5,0.5040322580645161,1.2719702140269271
INTARIAN_PEPPER_ROOT,0,136900,1.0,0.5,0.5040322580645161,1.2719702140269271
INTARIAN_PEPPER_ROOT,0,139900,1.0,0.5,0.5040322580645161,1.2719702140269271
INTARIAN_PEPPER_ROOT,0,141900,1.0,0.5,0.5040322580645161,1.2719702140269271
INTARIAN_PEPPER_ROOT,0,143900,1.0,0.5,0.5040322580645161,1.2719702140269271
INTARIAN_PEPPER_ROOT,0,144900,1.0,0.5,0.5040322580645161,1.2719702140269271
INTARIAN_PEPPER_ROOT,0,150900,1.0,0.5,0.5040322580645161,1.2719702140269271
INTARIAN_PEPPER_ROOT,0,151900,1.0,0.5,0.5040322580645161,1.2719702140269271
INTARIAN_PEPPER_ROOT,0,152900,1.0,2.5,0.5040322580645161,1.2719702140269271
INTARIAN_PEPPER_ROOT,0,155900,1.0,0.5,0.5040322580645161,1.2719702140269271
INTARIAN_PEPPER_ROOT,0,156900,1.0,2.0,0.5040322580645161,1.2719702140269271
INTARIAN_PEPPER_ROOT,0,157900,1.0,2.0,0.5040322580645161,1.2719702140269271
INTARIAN_PEPPER_ROOT,0,158900,1.0,0.5,0.5040322580645161,1.2719702140269271
INTARIAN_PEPPER_ROOT,0,161900,1.0,0.5,0.5040322580645161,1.2719702140269271
INTARIAN_PEPPER_ROOT,0,163900,1.0,0.5,0.5040322580645161,1.2719702140269271
INTARIAN_PEPPER_ROOT,0,166900,1.0,-1.0,0.5040322580645161,1.2719702140269271
INTARIAN_PEPPER_ROOT,0,167900,1.0,0.5,0.5040322580645161,1.2719702140269271
INTARIAN_PEPPER_ROOT,0,168900,1.0,2.0,0.5040322580645161,1.2719702140269271
INTARIAN_PEPPER_ROOT,0,174900,1.0,0.5,0.5040322580645161,1.2719702140269271
INTARIAN_PEPPER_ROOT,0,175900,1.0,0.5,0.5040322580645161,1.2719702140269271
INTARIAN_PEPPER_ROOT,0,178900,1.0,0.5,0.5040322580645161,1.2719702140269271
INTARIAN_PEPPER_ROOT,0,180900,1.0,0.5,0.5040322580645161,1.2719702140269271
INTARIAN_PEPPER_ROOT,0,186900,1.0,0.5,0.5040322580645161,1.2719702140269271
INTARIAN_PEPPER_ROOT,0,189900,1.0,0.5,0.5040322580645161,1.2719702140269271
INTARIAN_PEPPER_ROOT,0,190900,1.0,-1.0,0.5040322580645161,1.2719702140269271
INTARIAN_PEPPER_ROOT,0,191900,1.0,0.5,0.5040322580645161,1.2719702140269271
INTARIAN_PEPPER_ROOT,0,195900,1.0,-1.0,0.5040322580645161,1.2719702140269271
INTARIAN_PEPPER_ROOT,0,196900,1.0,0.5,0.5040322580645161,1.2719702140269271
INTARIAN_PEPPER_ROOT,0,197900,1.0,0.5,0.5040322580645161,1.2719702140269271
INTARIAN_PEPPER_ROOT,0,268800,1.0,0.5,0.5040322580645161,1.2719702140269271
INTARIAN_PEPPER_ROOT,0,270800,1.0,-5.0,0.5040322580645161,1.2719702140269271
INTARIAN_PEPPER_ROOT,0,274800,1.0,0.5,0.5040322580645161,1.2719702140269271
INTARIAN_PEPPER_ROOT,0,281800,1.0,-1.0,0.5040322580645161,1.2719702140269271
INTARIAN_PEPPER_ROOT,0,282800,1.0,-1.0,0.5040322580645161,1.2719702140269271
INTARIAN_PEPPER_ROOT,0,283800,1.0,0.5,0.5040322580645161,1.2719702140269271
INTARIAN_PEPPER_ROOT,0,288800,1.0,0.5,0.5040322580645161,1.2719702140269271
INTARIAN_PEPPER_ROOT,0,292800,1.0,2.0,0.5040322580645161,1.2719702140269271
INTARIAN_PEPPER_ROOT,0,295800,1.0,-1.0,0.5040322580645161,1.2719702140269271
INTARIAN_PEPPER_ROOT,0,298800,1.0,2.0,0.5040322580645161,1.2719702140269271
INTARIAN_PEPPER_ROOT,0,299800,1.0,0.5,0.5040322580645161,1.2719702140269271
INTARIAN_PEPPER_ROOT,0,300800,1.0,0.5,0.5040322580645161,1.2719702140269271
INTARIAN_PEPPER_ROOT,0,301800,1.0,0.5,0.5040322580645161,1.2719702140269271
INTARIAN_PEPPER_ROOT,0,307800,1.0,2.0,0.5040322580645161,1.2719702140269271
INTARIAN_PEPPER_ROOT,0,309800,1.0,0.5,0.5040322580645161,1.2719702140269271
INTARIAN_PEPPER_ROOT,0,315800,1.0,0.5,0.5040322580645161,1.2719702140269271
INTARIAN_PEPPER_ROOT,0,316800,1.0,0.5,0.5040322580645161,1.2719702140269271
INTARIAN_PEPPER_ROOT,0,319800,1.0,2.0,0.5040322580645161,1.2719702140269271
INTARIAN_PEPPER_ROOT,0,320800,1.0,-1.0,0.5040322580645161,1.2719702140269271
INTARIAN_PEPPER_ROOT,0,321800,1.0,0.5,0.5040322580645161,1.2719702140269271
INTARIAN_PEPPER_ROOT,0,322800,1.0,0.5,0.5040322580645161,1.2719702140269271
INTARIAN_PEPPER_ROOT,0,325800,1.0,0.5,0.5040322580645161,1.2719702140269271
INTARIAN_PEPPER_ROOT,0,326800,1.0,0.5,0.5040322580645161,1.2719702140269271
INTARIAN_PEPPER_ROOT,0,329800,1.0,2.0,0.5040322580645161,1.2719702140269271
INTARIAN_PEPPER_ROOT,0,339800,1.0,0.5,0.5040322580645161,1.2719702140269271
INTARIAN_PEPPER_ROOT,0,341800,1.0,0.5,0.5040322580645161,1.2719702140269271
INTARIAN_PEPPER_ROOT,0,345800,1.0,2.0,0.5040322580645161,1.2719702140269271
INTARIAN_PEPPER_ROOT,0,349800,1.0,0.5,0.5040322580645161,1.2719702140269271
INTARIAN_PEPPER_ROOT,0,351800,1.0,2.0,0.5040322580645161,1.2719702140269271
INTARIAN_PEPPER_ROOT,0,358800,1.0,0.5,0.5040322580645161,1.2719702140269271
INTARIAN_PEPPER_ROOT,0,359800,1.0,0.5,0.5040322580645161,1.2719702140269271
INTARIAN_PEPPER_ROOT,0,362800,1.0,0.5,0.5040322580645161,1.2719702140269271
INTARIAN_PEPPER_ROOT,0,363800,1.0,0.5,0.5040322580645161,1.2719702140269271
INTARIAN_PEPPER_ROOT,0,366800,1.0,-1.0,0.5040322580645161,1.2719702140269271
INTARIAN_PEPPER_ROOT,0,368800,1.0,0.5,0.5040322580645161,1.2719702140269271
INTARIAN_PEPPER_ROOT,0,370800,1.0,0.5,0.5040322580645161,1.2719702140269271
INTARIAN_PEPPER_ROOT,0,371800,1.0,0.5,0.5040322580645161,1.2719702140269271
INTARIAN_PEPPER_ROOT,0,373800,1.0,0.5,0.5040322580645161,1.2719702140269271
INTARIAN_PEPPER_ROOT,0,375800,1.0,0.5,0.5040322580645161,1.2719702140269271
INTARIAN_PEPPER_ROOT,0,376800,1.0,0.5,0.5040322580645161,1.2719702140269271
INTARIAN_PEPPER_ROOT,0,377800,1.0,2.5,0.5040322580645161,1.2719702140269271
INTARIAN_PEPPER_ROOT,0,378800,1.0,0.5,0.5040322580645161,1.2719702140269271
INTARIAN_PEPPER_ROOT,0,379800,1.0,0.5,0.5040322580645161,1.2719702140269271
INTARIAN_PEPPER_ROOT,0,385800,1.0,0.5,0.5040322580645161,1.2719702140269271
INTARIAN_PEPPER_ROOT,0,388800,1.0,-1.0,0.5040322580645161,1.2719702140269271
INTARIAN_PEPPER_ROOT,0,390800,1.0,0.5,0.5040322580645161,1.2719702140269271
INTARIAN_PEPPER_ROOT,0,391800,1.0,0.5,0.5040322580645161,1.2719702140269271
INTARIAN_PEPPER_ROOT,0,392800,1.0,0.5,0.5040322580645161,1.2719702140269271
INTARIAN_PEPPER_ROOT,0,394600,1.0,2.0,0.5040322580645161,1.2719702140269271
INTARIAN_PEPPER_ROOT,0,394800,1.0,2.0,0.5040322580645161,1.2719702140269271
INTARIAN_PEPPER_ROOT,0,396800,1.0,0.5,0.5040322580645161,1.2719702140269271
INTARIAN_PEPPER_ROOT,0,398800,1.0,0.5,0.5040322580645161,1.2719702140269271
INTARIAN_PEPPER_ROOT,0,401700,1.0,2.0,0.5040322580645161,1.2719702140269271
INTARIAN_PEPPER_ROOT,0,408700,1.0,0.5,0.5040322580645161,1.2719702140269271
INTARIAN_PEPPER_ROOT,0,412700,1.0,-1.0,0.5040322580645161,1.2719702140269271
INTARIAN_PEPPER_ROOT,0,414700,1.0,5.5,0.5040322580645161,1.2719702140269271
INTARIAN_PEPPER_ROOT,0,418700,1.0,0.5,0.5040322580645161,1.2719702140269271
INTARIAN_PEPPER_ROOT,0,421700,1.0,2.0,0.5040322580645161,1.2719702140269271
INTARIAN_PEPPER_ROOT,0,422700,1.0,0.5,0.5040322580645161,1.2719702140269271
INTARIAN_PEPPER_ROOT,0,423700,1.0,2.0,0.5040322580645161,1.2719702140269271
INTARIAN_PEPPER_ROOT,0,429700,1.0,0.5,0.5040322580645161,1.2719702140269271
INTARIAN_PEPPER_ROOT,0,430700,1.0,7.0,0.5040322580645161,1.2719702140269271
INTARIAN_PEPPER_ROOT,0,434700,1.0,0.5,0.5040322580645161,1.2719702140269271
INTARIAN_PEPPER_ROOT,0,439700,1.0,2.0,0.5040322580645161,1.2719702140269271
INTARIAN_PEPPER_ROOT,0,441700,1.0,2.0,0.5040322580645161,1.2719702140269271
INTARIAN_PEPPER_ROOT,0,443700,1.0,-1.0,0.5040322580645161,1.2719702140269271
INTARIAN_PEPPER_ROOT,0,444700,1.0,4.0,0.5040322580645161,1.2719702140269271
INTARIAN_PEPPER_ROOT,0,445700,1.0,2.0,0.5040322580645161,1.2719702140269271
INTARIAN_PEPPER_ROOT,0,446700,1.0,-1.0,0.5040322580645161,1.2719702140269271
INTARIAN_PEPPER_ROOT,0,447700,1.0,0.5,0.5040322580645161,1.2719702140269271
INTARIAN_PEPPER_ROOT,0,448700,1.0,0.5,0.5040322580645161,1.2719702140269271
INTARIAN_PEPPER_ROOT,0,449700,1.0,0.5,0.5040322580645161,1.2719702140269271
INTARIAN_PEPPER_ROOT,0,450700,1.0,0.5,0.5040322580645161,1.2719702140269271
INTARIAN_PEPPER_ROOT,0,451700,1.0,0.5,0.5040322580645161,1.2719702140269271
INTARIAN_PEPPER_ROOT,0,453700,1.0,0.5,0.5040322580645161,1.2719702140269271
INTARIAN_PEPPER_ROOT,0,457700,1.0,0.5,0.5040322580645161,1.2719702140269271
INTARIAN_PEPPER_ROOT,0,459700,1.0,0.5,0.5040322580645161,1.2719702140269271
INTARIAN_PEPPER_ROOT,0,461700,1.0,0.5,0.5040322580645161,1.2719702140269271
INTARIAN_PEPPER_ROOT,0,462700,1.0,2.0,0.5040322580645161,1.2719702140269271
INTARIAN_PEPPER_ROOT,0,464700,1.0,0.5,0.5040322580645161,1.2719702140269271
INTARIAN_PEPPER_ROOT,0,466700,1.0,2.0,0.5040322580645161,1.2719702140269271
INTARIAN_PEPPER_ROOT,0,468700,1.0,0.5,0.5040322580645161,1.2719702140269271
INTARIAN_PEPPER_ROOT,0,469700,1.0,0.5,0.5040322580645161,1.2719702140269271
INTARIAN_PEPPER_ROOT,0,470700,1.0,0.5,0.5040322580645161,1.2719702140269271
INTARIAN_PEPPER_ROOT,0,475700,1.0,2.0,0.5040322580645161,1.2719702140269271
INTARIAN_PEPPER_ROOT,0,480700,1.0,0.5,0.5040322580645161,1.2719702140269271
INTARIAN_PEPPER_ROOT,0,481700,1.0,2.0,0.5040322580645161,1.2719702140269271
INTARIAN_PEPPER_ROOT,0,489700,1.0,0.5,0.5040322580645161,1.2719702140269271
INTARIAN_PEPPER_ROOT,0,490700,1.0,0.5,0.5040322580645161,1.2719702140269271
INTARIAN_PEPPER_ROOT,0,491700,1.0,0.5,0.5040322580645161,1.2719702140269271
INTARIAN_PEPPER_ROOT,0,493700,1.0,0.5,0.5040322580645161,1.2719702140269271
INTARIAN_PEPPER_ROOT,0,495700,1.0,-1.0,0.5040322580645161,1.2719702140269271
INTARIAN_PEPPER_ROOT,0,496700,1.0,0.5,0.5040322580645161,1.2719702140269271
INTARIAN_PEPPER_ROOT,0,497700,1.0,-1.0,0.5040322580645161,1.2719702140269271
INTARIAN_PEPPER_ROOT,0,498500,1.0,2.0,0.5040322580645161,1.2719702140269271
INTARIAN_PEPPER_ROOT,0,499700,1.0,0.5,0.5040322580645161,1.2719702140269271
INTARIAN_PEPPER_ROOT,0,504700,1.0,0.5,0.5040322580645161,1.2719702140269271
INTARIAN_PEPPER_ROOT,0,505700,1.0,0.5,0.5040322580645161,1.2719702140269271
INTARIAN_PEPPER_ROOT,0,506700,1.0,-1.0,0.5040322580645161,1.2719702140269271
INTARIAN_PEPPER_ROOT,0,507700,1.0,0.5,0.5040322580645161,1.2719702140269271
INTARIAN_PEPPER_ROOT,0,510700,1.0,0.5,0.5040322580645161,1.2719702140269271
INTARIAN_PEPPER_ROOT,0,511700,1.0,0.5,0.5040322580645161,1.2719702140269271
INTARIAN_PEPPER_ROOT,0,513700,1.0,0.5,0.5040322580645161,1.2719702140269271
INTARIAN_PEPPER_ROOT,0,517700,1.0,2.0,0.5040322580645161,1.2719702140269271
INTARIAN_PEPPER_ROOT,0,518700,1.0,0.5,0.5040322580645161,1.2719702140269271
INTARIAN_PEPPER_ROOT,0,520700,1.0,2.0,0.5040322580645161,1.2719702140269271
INTARIAN_PEPPER_ROOT,0,521700,1.0,-1.0,0.5040322580645161,1.2719702140269271
INTARIAN_PEPPER_ROOT,0,522700,1.0,-1.0,0.5040322580645161,1.2719702140269271
INTARIAN_PEPPER_ROOT,0,523700,1.0,0.5,0.5040322580645161,1.2719702140269271
INTARIAN_PEPPER_ROOT,0,527700,1.0,0.5,0.5040322580645161,1.2719702140269271
INTARIAN_PEPPER_ROOT,0,528700,1.0,0.5,0.5040322580645161,1.2719702140269271
INTARIAN_PEPPER_ROOT,0,529700,1.0,0.5,0.5040322580645161,1.2719702140269271
INTARIAN_PEPPER_ROOT,0,534700,1.0,2.0,0.5040322580645161,1.2719702140269271
INTARIAN_PEPPER_ROOT,0,535600,1.0,0.0,0.5040322580645161,1.2719702140269271
INTARIAN_PEPPER_ROOT,0,535700,1.0,0.5,0.5040322580645161,1.2719702140269271
INTARIAN_PEPPER_ROOT,0,536400,1.0,2.5,0.5040322580645161,1.2719702140269271
INTARIAN_PEPPER_ROOT,0,537700,1.0,0.5,0.5040322580645161,1.2719702140269271
INTARIAN_PEPPER_ROOT,0,539600,1.0,0.0,0.5040322580645161,1.2719702140269271
INTARIAN_PEPPER_ROOT,0,539700,1.0,0.5,0.5040322580645161,1.2719702140269271
INTARIAN_PEPPER_ROOT,0,540700,1.0,0.5,0.5040322580645161,1.2719702140269271
INTARIAN_PEPPER_ROOT,0,541600,1.0,-1.5,0.5040322580645161,1.2719702140269271
INTARIAN_PEPPER_ROOT,0,542700,1.0,0.5,0.5040322580645161,1.2719702140269271
INTARIAN_PEPPER_ROOT,0,545600,1.0,0.5,0.5040322580645161,1.2719702140269271
INTARIAN_PEPPER_ROOT,0,546600,1.0,0.0,0.5040322580645161,1.2719702140269271
INTARIAN_PEPPER_ROOT,0,547700,1.0,0.5,0.5040322580645161,1.2719702140269271
INTARIAN_PEPPER_ROOT,0,548600,1.0,0.0,0.5040322580645161,1.2719702140269271
INTARIAN_PEPPER_ROOT,0,550600,1.0,0.0,0.5040322580645161,1.2719702140269271
INTARIAN_PEPPER_ROOT,0,550700,1.0,2.0,0.5040322580645161,1.2719702140269271
INTARIAN_PEPPER_ROOT,0,551600,1.0,0.0,0.5040322580645161,1.2719702140269271
INTARIAN_PEPPER_ROOT,0,551700,1.0,0.5,0.5040322580645161,1.2719702140269271
INTARIAN_PEPPER_ROOT,0,552700,1.0,-1.0,0.5040322580645161,1.2719702140269271
INTARIAN_PEPPER_ROOT,0,553600,1.0,0.0,0.5040322580645161,1.2719702140269271
INTARIAN_PEPPER_ROOT,0,553700,1.0,0.5,0.5040322580645161,1.2719702140269271
INTARIAN_PEPPER_ROOT,0,557600,1.0,-1.5,0.5040322580645161,1.2719702140269271
INTARIAN_PEPPER_ROOT,0,560700,1.0,-1.0,0.5040322580645161,1.2719702140269271
INTARIAN_PEPPER_ROOT,0,561600,1.0,2.0,0.5040322580645161,1.2719702140269271
INTARIAN_PEPPER_ROOT,0,562600,1.0,-1.5,0.5040322580645161,1.2719702140269271
INTARIAN_PEPPER_ROOT,0,567600,1.0,0.0,0.5040322580645161,1.2719702140269271
INTARIAN_PEPPER_ROOT,0,567700,1.0,-1.0,0.5040322580645161,1.2719702140269271
INTARIAN_PEPPER_ROOT,0,569600,1.0,2.0,0.5040322580645161,1.2719702140269271
INTARIAN_PEPPER_ROOT,0,572600,1.0,0.0,0.5040322580645161,1.2719702140269271
INTARIAN_PEPPER_ROOT,0,573700,1.0,0.5,0.5040322580645161,1.2719702140269271
INTARIAN_PEPPER_ROOT,0,574600,1.0,2.0,0.5040322580645161,1.2719702140269271
INTARIAN_PEPPER_ROOT,0,575600,1.0,0.0,0.5040322580645161,1.2719702140269271
INTARIAN_PEPPER_ROOT,0,575700,1.0,0.5,0.5040322580645161,1.2719702140269271
INTARIAN_PEPPER_ROOT,0,576600,1.0,0.0,0.5040322580645161,1.2719702140269271
INTARIAN_PEPPER_ROOT,0,576700,1.0,0.5,0.5040322580645161,1.2719702140269271
INTARIAN_PEPPER_ROOT,0,579600,1.0,0.0,0.5040322580645161,1.2719702140269271
INTARIAN_PEPPER_ROOT,0,579700,1.0,5.5,0.5040322580645161,1.2719702140269271
INTARIAN_PEPPER_ROOT,0,580600,1.0,0.0,0.5040322580645161,1.2719702140269271
INTARIAN_PEPPER_ROOT,0,582700,1.0,0.5,0.5040322580645161,1.2719702140269271
INTARIAN_PEPPER_ROOT,0,583700,1.0,2.0,0.5040322580645161,1.2719702140269271
INTARIAN_PEPPER_ROOT,0,585700,1.0,0.5,0.5040322580645161,1.2719702140269271
INTARIAN_PEPPER_ROOT,0,587700,1.0,0.5,0.5040322580645161,1.2719702140269271
INTARIAN_PEPPER_ROOT,0,588600,1.0,0.5,0.5040322580645161,1.2719702140269271
INTARIAN_PEPPER_ROOT,0,589600,1.0,0.0,0.5040322580645161,1.2719702140269271
INTARIAN_PEPPER_ROOT,0,590600,1.0,0.0,0.5040322580645161,1.2719702140269271
INTARIAN_PEPPER_ROOT,0,590700,1.0,0.5,0.5040322580645161,1.2719702140269271
INTARIAN_PEPPER_ROOT,0,594700,1.0,0.5,0.5040322580645161,1.2719702140269271
INTARIAN_PEPPER_ROOT,0,596600,1.0,0.0,0.5040322580645161,1.2719702140269271
INTARIAN_PEPPER_ROOT,0,598700,1.0,2.0,0.5040322580645161,1.2719702140269271
INTARIAN_PEPPER_ROOT,0,599600,1.0,0.0,0.5040322580645161,1.2719702140269271
INTARIAN_PEPPER_ROOT,0,605600,1.0,0.5,0.5040322580645161,1.2719702140269271
INTARIAN_PEPPER_ROOT,0,607600,1.0,2.0,0.5040322580645161,1.2719702140269271
INTARIAN_PEPPER_ROOT,0,613600,1.0,0.5,0.5040322580645161,1.2719702140269271
INTARIAN_PEPPER_ROOT,0,615600,1.0,0.5,0.5040322580645161,1.2719702140269271
INTARIAN_PEPPER_ROOT,0,616600,1.0,2.5,0.5040322580645161,1.2719702140269271
INTARIAN_PEPPER_ROOT,0,617600,1.0,0.5,0.5040322580645161,1.2719702140269271
INTARIAN_PEPPER_ROOT,0,621600,1.0,2.0,0.5040322580645161,1.2719702140269271
INTARIAN_PEPPER_ROOT,0,624600,1.0,0.5,0.5040322580645161,1.2719702140269271
INTARIAN_PEPPER_ROOT,0,629600,1.0,0.5,0.5040322580645161,1.2719702140269271
INTARIAN_PEPPER_ROOT,0,631600,1.0,2.0,0.5040322580645161,1.2719702140269271
INTARIAN_PEPPER_ROOT,0,632600,1.0,2.0,0.5040322580645161,1.2719702140269271
INTARIAN_PEPPER_ROOT,0,634500,1.0,2.0,0.5040322580645161,1.2719702140269271
INTARIAN_PEPPER_ROOT,0,635600,1.0,0.5,0.5040322580645161,1.2719702140269271
INTARIAN_PEPPER_ROOT,0,636600,1.0,0.5,0.5040322580645161,1.2719702140269271
INTARIAN_PEPPER_ROOT,0,637600,1.0,0.5,0.5040322580645161,1.2719702140269271
INTARIAN_PEPPER_ROOT,0,638600,1.0,0.5,0.5040322580645161,1.2719702140269271
INTARIAN_PEPPER_ROOT,0,642600,1.0,0.5,0.5040322580645161,1.2719702140269271
INTARIAN_PEPPER_ROOT,0,646600,1.0,0.5,0.5040322580645161,1.2719702140269271
INTARIAN_PEPPER_ROOT,0,647600,1.0,0.5,0.5040322580645161,1.2719702140269271
INTARIAN_PEPPER_ROOT,0,649600,1.0,2.0,0.5040322580645161,1.2719702140269271
INTARIAN_PEPPER_ROOT,0,650600,1.0,0.5,0.5040322580645161,1.2719702140269271
INTARIAN_PEPPER_ROOT,0,651600,1.0,-1.0,0.5040322580645161,1.2719702140269271
INTARIAN_PEPPER_ROOT,0,653600,1.0,0.5,0.5040322580645161,1.2719702140269271
INTARIAN_PEPPER_ROOT,0,656600,1.0,-1.0,0.5040322580645161,1.2719702140269271
INTARIAN_PEPPER_ROOT,0,664600,1.0,0.5,0.5040322580645161,1.2719702140269271
INTARIAN_PEPPER_ROOT,0,668600,1.0,0.5,0.5040322580645161,1.2719702140269271
INTARIAN_PEPPER_ROOT,0,671600,1.0,-1.0,0.5040322580645161,1.2719702140269271
INTARIAN_PEPPER_ROOT,0,675600,1.0,-1.0,0.5040322580645161,1.2719702140269271
INTARIAN_PEPPER_ROOT,0,677600,1.0,0.5,0.5040322580645161,1.2719702140269271
INTARIAN_PEPPER_ROOT,0,681600,1.0,-1.0,0.5040322580645161,1.2719702140269271
INTARIAN_PEPPER_ROOT,0,683600,1.0,0.5,0.5040322580645161,1.2719702140269271
INTARIAN_PEPPER_ROOT,0,685600,1.0,0.5,0.5040322580645161,1.2719702140269271
INTARIAN_PEPPER_ROOT,0,688600,1.0,0.5,0.5040322580645161,1.2719702140269271
INTARIAN_PEPPER_ROOT,0,689600,1.0,0.5,0.5040322580645161,1.2719702140269271
INTARIAN_PEPPER_ROOT,0,691600,1.0,0.5,0.5040322580645161,1.2719702140269271
INTARIAN_PEPPER_ROOT,0,693600,1.0,0.5,0.5040322580645161,1.2719702140269271
INTARIAN_PEPPER_ROOT,0,699600,1.0,0.5,0.5040322580645161,1.2719702140269271
INTARIAN_PEPPER_ROOT,0,701600,1.0,2.0,0.5040322580645161,1.2719702140269271
INTARIAN_PEPPER_ROOT,0,702400,1.0,0.5,0.5040322580645161,1.2719702140269271
INTARIAN_PEPPER_ROOT,0,704600,1.0,-1.0,0.5040322580645161,1.2719702140269271
INTARIAN_PEPPER_ROOT,0,708600,1.0,0.5,0.5040322580645161,1.2719702140269271
INTARIAN_PEPPER_ROOT,0,710600,1.0,2.0,0.5040322580645161,1.2719702140269271
INTARIAN_PEPPER_ROOT,0,717600,1.0,2.0,0.5040322580645161,1.2719702140269271
INTARIAN_PEPPER_ROOT,0,718600,1.0,2.0,0.5040322580645161,1.2719702140269271
INTARIAN_PEPPER_ROOT,0,721600,1.0,0.5,0.5040322580645161,1.2719702140269271
INTARIAN_PEPPER_ROOT,0,722600,1.0,1.0,0.5040322580645161,1.2719702140269271
INTARIAN_PEPPER_ROOT,0,723600,1.0,0.5,0.5040322580645161,1.2719702140269271
INTARIAN_PEPPER_ROOT,0,724600,1.0,0.5,0.5040322580645161,1.2719702140269271
INTARIAN_PEPPER_ROOT,0,728600,1.0,0.5,0.5040322580645161,1.2719702140269271
INTARIAN_PEPPER_ROOT,0,733600,1.0,0.5,0.5040322580645161,1.2719702140269271
INTARIAN_PEPPER_ROOT,0,734600,1.0,0.5,0.5040322580645161,1.2719702140269271
INTARIAN_PEPPER_ROOT,0,735600,1.0,0.5,0.5040322580645161,1.2719702140269271
INTARIAN_PEPPER_ROOT,0,736600,1.0,2.0,0.5040322580645161,1.2719702140269271
INTARIAN_PEPPER_ROOT,0,737600,1.0,2.0,0.5040322580645161,1.2719702140269271
INTARIAN_PEPPER_ROOT,0,739600,1.0,-1.0,0.5040322580645161,1.2719702140269271
INTARIAN_PEPPER_ROOT,0,740600,1.0,0.5,0.5040322580645161,1.2719702140269271
INTARIAN_PEPPER_ROOT,0,742600,1.0,0.5,0.5040322580645161,1.2719702140269271
INTARIAN_PEPPER_ROOT,0,743600,1.0,0.5,0.5040322580645161,1.2719702140269271
INTARIAN_PEPPER_ROOT,0,748600,1.0,2.0,0.5040322580645161,1.2719702140269271
INTARIAN_PEPPER_ROOT,0,749600,1.0,-1.0,0.5040322580645161,1.2719702140269271
INTARIAN_PEPPER_ROOT,0,757600,1.0,-1.0,0.5040322580645161,1.2719702140269271
INTARIAN_PEPPER_ROOT,0,758600,1.0,0.5,0.5040322580645161,1.2719702140269271
INTARIAN_PEPPER_ROOT,0,759600,1.0,-1.0,0.5040322580645161,1.2719702140269271
INTARIAN_PEPPER_ROOT,0,760600,1.0,0.5,0.5040322580645161,1.2719702140269271
INTARIAN_PEPPER_ROOT,0,763600,1.0,-1.0,0.5040322580645161,1.2719702140269271
INTARIAN_PEPPER_ROOT,0,764600,1.0,0.5,0.5040322580645161,1.2719702140269271
INTARIAN_PEPPER_ROOT,0,765600,1.0,0.5,0.5040322580645161,1.2719702140269271
INTARIAN_PEPPER_ROOT,0,768500,1.0,-1.5,0.5040322580645161,1.2719702140269271
INTARIAN_PEPPER_ROOT,0,768600,1.0,0.5,0.5040322580645161,1.2719702140269271
INTARIAN_PEPPER_ROOT,0,771600,1.0,-1.0,0.5040322580645161,1.2719702140269271
INTARIAN_PEPPER_ROOT,0,772600,1.0,0.5,0.5040322580645161,1.2719702140269271
INTARIAN_PEPPER_ROOT,0,782600,1.0,-1.0,0.5040322580645161,1.2719702140269271
INTARIAN_PEPPER_ROOT,0,785600,1.0,0.5,0.5040322580645161,1.2719702140269271
INTARIAN_PEPPER_ROOT,0,786600,1.0,0.5,0.5040322580645161,1.2719702140269271
INTARIAN_PEPPER_ROOT,0,787600,1.0,0.5,0.5040322580645161,1.2719702140269271
INTARIAN_PEPPER_ROOT,0,788600,1.0,0.5,0.5040322580645161,1.2719702140269271
INTARIAN_PEPPER_ROOT,0,791600,1.0,2.5,0.5040322580645161,1.2719702140269271
INTARIAN_PEPPER_ROOT,0,794600,1.0,0.5,0.5040322580645161,1.2719702140269271
INTARIAN_PEPPER_ROOT,0,795600,1.0,0.5,0.5040322580645161,1.2719702140269271
INTARIAN_PEPPER_ROOT,0,799600,1.0,0.5,0.5040322580645161,1.2719702140269271
INTARIAN_PEPPER_ROOT,0,803400,1.0,0.5,0.5040322580645161,1.2719702140269271
INTARIAN_PEPPER_ROOT,0,805400,1.0,0.5,0.5040322580645161,1.2719702140269271
INTARIAN_PEPPER_ROOT,0,807400,1.0,0.5,0.5040322580645161,1.2719702140269271
INTARIAN_PEPPER_ROOT,0,810400,1.0,0.5,0.5040322580645161,1.2719702140269271
INTARIAN_PEPPER_ROOT,0,811400,1.0,0.5,0.5040322580645161,1.2719702140269271
INTARIAN_PEPPER_ROOT,0,812400,1.0,-1.5,0.5040322580645161,1.2719702140269271
INTARIAN_PEPPER_ROOT,0,814400,1.0,0.5,0.5040322580645161,1.2719702140269271
INTARIAN_PEPPER_ROOT,0,818400,1.0,5.5,0.5040322580645161,1.2719702140269271
INTARIAN_PEPPER_ROOT,0,820400,1.0,0.5,0.5040322580645161,1.2719702140269271
INTARIAN_PEPPER_ROOT,0,823400,1.0,0.5,0.5040322580645161,1.2719702140269271
INTARIAN_PEPPER_ROOT,0,828400,1.0,0.5,0.5040322580645161,1.2719702140269271
INTARIAN_PEPPER_ROOT,0,832400,1.0,-1.5,0.5040322580645161,1.2719702140269271
INTARIAN_PEPPER_ROOT,0,834400,1.0,0.5,0.5040322580645161,1.2719702140269271
INTARIAN_PEPPER_ROOT,0,841400,1.0,0.5,0.5040322580645161,1.2719702140269271
INTARIAN_PEPPER_ROOT,0,842400,1.0,0.5,0.5040322580645161,1.2719702140269271
INTARIAN_PEPPER_ROOT,0,843400,1.0,2.5,0.5040322580645161,1.2719702140269271
INTARIAN_PEPPER_ROOT,0,844400,1.0,-1.5,0.5040322580645161,1.2719702140269271
INTARIAN_PEPPER_ROOT,0,846400,1.0,0.5,0.5040322580645161,1.2719702140269271
INTARIAN_PEPPER_ROOT,0,850600,1.0,1.0,0.5040322580645161,1.2719702140269271
INTARIAN_PEPPER_ROOT,0,851400,1.0,0.5,0.5040322580645161,1.2719702140269271
INTARIAN_PEPPER_ROOT,0,854400,1.0,2.5,0.5040322580645161,1.2719702140269271
INTARIAN_PEPPER_ROOT,0,857400,1.0,-1.5,0.5040322580645161,1.2719702140269271
INTARIAN_PEPPER_ROOT,0,858400,1.0,-1.5,0.5040322580645161,1.2719702140269271
INTARIAN_PEPPER_ROOT,0,860400,1.0,0.5,0.5040322580645161,1.2719702140269271
INTARIAN_PEPPER_ROOT,0,864400,1.0,0.5,0.5040322580645161,1.2719702140269271
INTARIAN_PEPPER_ROOT,0,869400,1.0,2.5,0.5040322580645161,1.2719702140269271
INTARIAN_PEPPER_ROOT,0,876400,1.0,-1.5,0.5040322580645161,1.2719702140269271
INTARIAN_PEPPER_ROOT,0,882400,1.0,0.5,0.5040322580645161,1.2719702140269271
INTARIAN_PEPPER_ROOT,0,884400,1.0,0.5,0.5040322580645161,1.2719702140269271
INTARIAN_PEPPER_ROOT,0,885400,1.0,-1.5,0.5040322580645161,1.2719702140269271
INTARIAN_PEPPER_ROOT,0,888400,1.0,-1.5,0.5040322580645161,1.2719702140269271
INTARIAN_PEPPER_ROOT,0,892400,1.0,0.5,0.5040322580645161,1.2719702140269271
INTARIAN_PEPPER_ROOT,0,893400,1.0,-5.0,0.5040322580645161,1.2719702140269271
INTARIAN_PEPPER_ROOT,0,900400,1.0,0.5,0.5040322580645161,1.2719702140269271
INTARIAN_PEPPER_ROOT,0,902400,1.0,0.5,0.5040322580645161,1.2719702140269271
INTARIAN_PEPPER_ROOT,0,903400,1.0,0.5,0.5040322580645161,1.2719702140269271
INTARIAN_PEPPER_ROOT,0,907400,1.0,0.5,0.5040322580645161,1.2719702140269271
INTARIAN_PEPPER_ROOT,0,916400,1.0,0.5,0.5040322580645161,1.2719702140269271
INTARIAN_PEPPER_ROOT,0,919400,1.0,0.5,0.5040322580645161,1.2719702140269271
INTARIAN_PEPPER_ROOT,0,922400,1.0,0.5,0.5040322580645161,1.2719702140269271
INTARIAN_PEPPER_ROOT,0,923400,1.0,2.5,0.5040322580645161,1.2719702140269271
INTARIAN_PEPPER_ROOT,0,925400,1.0,0.5,0.5040322580645161,1.2719702140269271
INTARIAN_PEPPER_ROOT,0,929400,1.0,2.5,0.5040322580645161,1.2719702140269271
INTARIAN_PEPPER_ROOT,0,930400,1.0,0.5,0.5040322580645161,1.2719702140269271
INTARIAN_PEPPER_ROOT,0,931400,1.0,0.5,0.5040322580645161,1.2719702140269271
INTARIAN_PEPPER_ROOT,0,932400,1.0,2.5,0.5040322580645161,1.2719702140269271
INTARIAN_PEPPER_ROOT,0,933400,1.0,0.5,0.5040322580645161,1.2719702140269271
INTARIAN_PEPPER_ROOT,0,938400,1.0,0.5,0.5040322580645161,1.2719702140269271
INTARIAN_PEPPER_ROOT,0,939300,1.0,5.5,0.5040322580645161,1.2719702140269271
INTARIAN_PEPPER_ROOT,0,940400,1.0,2.5,0.5040322580645161,1.2719702140269271
INTARIAN_PEPPER_ROOT,0,943300,1.0,0.0,0.5040322580645161,1.2719702140269271
INTARIAN_PEPPER_ROOT,0,943400,1.0,-1.5,0.5040322580645161,1.2719702140269271
INTARIAN_PEPPER_ROOT,0,944400,1.0,0.5,0.5040322580645161,1.2719702140269271
INTARIAN_PEPPER_ROOT,0,945400,1.0,0.5,0.5040322580645161,1.2719702140269271
INTARIAN_PEPPER_ROOT,0,946300,1.0,0.0,0.5040322580645161,1.2719702140269271
INTARIAN_PEPPER_ROOT,0,946400,1.0,0.5,0.5040322580645161,1.2719702140269271
INTARIAN_PEPPER_ROOT,0,947400,1.0,-1.5,0.5040322580645161,1.2719702140269271
INTARIAN_PEPPER_ROOT,0,950300,1.0,0.0,0.5040322580645161,1.2719702140269271
INTARIAN_PEPPER_ROOT,0,950400,1.0,0.5,0.5040322580645161,1.2719702140269271
INTARIAN_PEPPER_ROOT,0,952400,1.0,0.5,0.5040322580645161,1.2719702140269271
INTARIAN_PEPPER_ROOT,0,954300,1.0,0.0,0.5040322580645161,1.2719702140269271
INTARIAN_PEPPER_ROOT,0,954400,1.0,0.5,0.5040322580645161,1.2719702140269271
INTARIAN_PEPPER_ROOT,0,957400,1.0,0.5,0.5040322580645161,1.2719702140269271
INTARIAN_PEPPER_ROOT,0,958400,1.0,0.5,0.5040322580645161,1.2719702140269271
INTARIAN_PEPPER_ROOT,0,960400,1.0,2.5,0.5040322580645161,1.2719702140269271
INTARIAN_PEPPER_ROOT,0,961300,1.0,0.0,0.5040322580645161,1.2719702140269271
INTARIAN_PEPPER_ROOT,0,963300,1.0,0.0,0.5040322580645161,1.2719702140269271
INTARIAN_PEPPER_ROOT,0,964400,1.0,0.5,0.5040322580645161,1.2719702140269271
INTARIAN_PEPPER_ROOT,0,965300,1.0,-1.5,0.5040322580645161,1.2719702140269271
INTARIAN_PEPPER_ROOT,0,966300,1.0,0.0,0.5040322580645161,1.2719702140269271
INTARIAN_PEPPER_ROOT,0,968300,1.0,2.0,0.5040322580645161,1.2719702140269271
INTARIAN_PEPPER_ROOT,0,970300,1.0,-1.5,0.5040322580645161,1.2719702140269271
INTARIAN_PEPPER_ROOT,0,972300,1.0,2.0,0.5040322580645161,1.2719702140269271
INTARIAN_PEPPER_ROOT,0,973400,1.0,-1.5,0.5040322580645161,1.2719702140269271
INTARIAN_PEPPER_ROOT,0,977300,1.0,0.0,0.5040322580645161,1.2719702140269271
INTARIAN_PEPPER_ROOT,0,977400,1.0,0.5,0.5040322580645161,1.2719702140269271
INTARIAN_PEPPER_ROOT,0,978400,1.0,0.5,0.5040322580645161,1.2719702140269271
INTARIAN_PEPPER_ROOT,0,979300,1.0,0.0,0.5040322580645161,1.2719702140269271
INTARIAN_PEPPER_ROOT,0,979400,1.0,0.5,0.5040322580645161,1.2719702140269271
INTARIAN_PEPPER_ROOT,0,980300,1.0,-5.5,0.5040322580645161,1.2719702140269271
INTARIAN_PEPPER_ROOT,0,981400,1.0,-1.5,0.5040322580645161,1.2719702140269271
INTARIAN_PEPPER_ROOT,0,983300,1.0,0.0,0.5040322580645161,1.2719702140269271
INTARIAN_PEPPER_ROOT,0,983400,1.0,0.5,0.5040322580645161,1.2719702140269271
INTARIAN_PEPPER_ROOT,0,984300,1.0,0.0,0.5040322580645161,1.2719702140269271
INTARIAN_PEPPER_ROOT,0,984400,1.0,-3.5,0.5040322580645161,1.2719702140269271
INTARIAN_PEPPER_ROOT,0,986300,1.0,0.0,0.5040322580645161,1.2719702140269271
INTARIAN_PEPPER_ROOT,0,986400,1.0,-1.5,0.5040322580645161,1.2719702140269271
INTARIAN_PEPPER_ROOT,0,987300,1.0,0.0,0.5040322580645161,1.2719702140269271
INTARIAN_PEPPER_ROOT,0,988400,1.0,0.5,0.5040322580645161,1.2719702140269271
INTARIAN_PEPPER_ROOT,0,989300,1.0,0.5,0.5040322580645161,1.2719702140269271
INTARIAN_PEPPER_ROOT,0,990300,1.0,0.0,0.5040322580645161,1.2719702140269271
INTARIAN_PEPPER_ROOT,0,990400,1.0,0.5,0.5040322580645161,1.2719702140269271
INTARIAN_PEPPER_ROOT,0,991300,1.0,0.0,0.5040322580645161,1.2719702140269271
INTARIAN_PEPPER_ROOT,0,992300,1.0,0.0,0.5040322580645161,1.2719702140269271
INTARIAN_PEPPER_ROOT,0,992400,1.0,0.5,0.5040322580645161,1.2719702140269271
INTARIAN_PEPPER_ROOT,0,993300,1.0,0.0,0.5040322580645161,1.2719702140269271
INTARIAN_PEPPER_ROOT,0,993400,1.0,2.5,0.5040322580645161,1.2719702140269271
INTARIAN_PEPPER_ROOT,0,996300,1.0,0.0,0.5040322580645161,1.2719702140269271
INTARIAN_PEPPER_ROOT,0,997400,1.0,2.5,0.5040322580645161,1.2719702140269271
INTARIAN_PEPPER_ROOT,0,998300,1.0,-1.5,0.5040322580645161,1.2719702140269271
INTARIAN_PEPPER_ROOT,0,999400,1.0,-1.5,0.5040322580645161,1.2719702140269271
INTARIAN_PEPPER_ROOT,0,5200,8.0,5.5,5.6,1.3238362334070464
INTARIAN_PEPPER_ROOT,0,9300,8.0,5.5,5.6,1.3238362334070464
INTARIAN_PEPPER_ROOT,0,22500,8.0,5.5,5.6,1.3238362334070464
INTARIAN_PEPPER_ROOT,0,28400,8.0,4.0,5.6,1.3238362334070464
INTARIAN_PEPPER_ROOT,0,37300,8.0,7.0,5.6,1.3238362334070464
INTARIAN_PEPPER_ROOT,0,40500,8.0,7.5,5.6,1.3238362334070464
INTARIAN_PEPPER_ROOT,0,179500,8.0,4.0,5.6,1.3238362334070464
INTARIAN_PEPPER_ROOT,0,201900,8.0,5.5,5.6,1.3238362334070464
INTARIAN_PEPPER_ROOT,0,216000,8.0,10.5,5.6,1.3238362334070464
INTARIAN_PEPPER_ROOT,0,239200,8.0,5.5,5.6,1.3238362334070464
INTARIAN_PEPPER_ROOT,0,265900,8.0,0.0,5.6,1.3238362334070464
INTARIAN_PEPPER_ROOT,0,267500,8.0,7.0,5.6,1.3238362334070464
INTARIAN_PEPPER_ROOT,0,270900,8.0,5.5,5.6,1.3238362334070464
INTARIAN_PEPPER_ROOT,0,280600,8.0,5.5,5.6,1.3238362334070464
INTARIAN_PEPPER_ROOT,0,297300,8.0,5.5,5.6,1.3238362334070464
INTARIAN_PEPPER_ROOT,0,327600,8.0,4.0,5.6,1.3238362334070464
INTARIAN_PEPPER_ROOT,0,346400,8.0,5.5,5.6,1.3238362334070464
INTARIAN_PEPPER_ROOT,0,351100,8.0,6.0,5.6,1.3238362334070464
INTARIAN_PEPPER_ROOT,0,354000,8.0,5.5,5.6,1.3238362334070464
INTARIAN_PEPPER_ROOT,0,354400,8.0,5.5,5.6,1.3238362334070464
INTARIAN_PEPPER_ROOT,0,405800,8.0,5.5,5.6,1.3238362334070464
INTARIAN_PEPPER_ROOT,0,450100,8.0,5.5,5.6,1.3238362334070464
INTARIAN_PEPPER_ROOT,0,454500,8.0,5.5,5.6,1.3238362334070464
INTARIAN_PEPPER_ROOT,0,458100,8.0,5.5,5.6,1.3238362334070464
INTARIAN_PEPPER_ROOT,0,472700,8.0,6.0,5.6,1.3238362334070464
INTARIAN_PEPPER_ROOT,0,478700,8.0,6.0,5.6,1.3238362334070464
INTARIAN_PEPPER_ROOT,0,499400,8.0,5.5,5.6,1.3238362334070464
INTARIAN_PEPPER_ROOT,0,521000,8.0,5.5,5.6,1.3238362334070464
INTARIAN_PEPPER_ROOT,0,535000,8.0,5.5,5.6,1.3238362334070464
INTARIAN_PEPPER_ROOT,0,537500,8.0,4.0,5.6,1.3238362334070464
INTARIAN_PEPPER_ROOT,0,543200,8.0,7.5,5.6,1.3238362334070464
INTARIAN_PEPPER_ROOT,0,568200,8.0,3.5,5.6,1.3238362334070464
INTARIAN_PEPPER_ROOT,0,579200,8.0,6.0,5.6,1.3238362334070464
INTARIAN_PEPPER_ROOT,0,608000,8.0,5.5,5.6,1.3238362334070464
INTARIAN_PEPPER_ROOT,0,618000,8.0,5.5,5.6,1.3238362334070464
INTARIAN_PEPPER_ROOT,0,629100,8.0,5.5,5.6,1.3238362334070464
INTARIAN_PEPPER_ROOT,0,641600,8.0,6.0,5.6,1.3238362334070464
INTARIAN_PEPPER_ROOT,0,645200,8.0,5.5,5.6,1.3238362334070464
INTARIAN_PEPPER_ROOT,0,650900,8.0,4.0,5.6,1.3238362334070464
INTARIAN_PEPPER_ROOT,0,669000,8.0,5.5,5.6,1.3238362334070464
INTARIAN_PEPPER_ROOT,0,784600,8.0,6.0,5.6,1.3238362334070464
INTARIAN_PEPPER_ROOT,0,793900,8.0,5.5,5.6,1.3238362334070464
INTARIAN_PEPPER_ROOT,0,830900,8.0,7.0,5.6,1.3238362334070464
INTARIAN_PEPPER_ROOT,0,836300,8.0,4.0,5.6,1.3238362334070464
INTARIAN_PEPPER_ROOT,0,866200,8.0,5.5,5.6,1.3238362334070464
INTARIAN_PEPPER_ROOT,0,891400,8.0,6.0,5.6,1.3238362334070464
INTARIAN_PEPPER_ROOT,0,909100,8.0,5.5,5.6,1.3238362334070464
INTARIAN_PEPPER_ROOT,0,914400,8.0,4.0,5.6,1.3238362334070464
INTARIAN_PEPPER_ROOT,0,915000,8.0,5.5,5.6,1.3238362334070464
INTARIAN_PEPPER_ROOT,0,920600,8.0,6.0,5.6,1.3238362334070464
INTARIAN_PEPPER_ROOT,0,922000,8.0,5.5,5.6,1.3238362334070464
INTARIAN_PEPPER_ROOT,0,936200,8.0,5.5,5.6,1.3238362334070464
INTARIAN_PEPPER_ROOT,0,951600,8.0,7.5,5.6,1.3238362334070464
INTARIAN_PEPPER_ROOT,0,958900,8.0,5.5,5.6,1.3238362334070464
INTARIAN_PEPPER_ROOT,0,960600,8.0,7.5,5.6,1.3238362334070464
INTARIAN_PEPPER_ROOT,0,961200,8.0,5.5,5.6,1.3238362334070464
INTARIAN_PEPPER_ROOT,0,968200,8.0,5.5,5.6,1.3238362334070464
INTARIAN_PEPPER_ROOT,0,976600,8.0,7.5,5.6,1.3238362334070464
INTARIAN_PEPPER_ROOT,0,980400,8.0,6.0,5.6,1.3238362334070464
INTARIAN_PEPPER_ROOT,0,984900,8.0,5.5,5.6,1.3238362334070464
